parameter,momentum_window,trend_window,top_n,stop_loss,development_cumulative_return,development_annualized_return,development_annualized_volatility,development_sharpe_ratio,development_max_drawdown,development_excess_return,development_annual_turnover,development_average_exposure,development_trade_orders,validation_cumulative_return,validation_annualized_return,validation_annualized_volatility,validation_sharpe_ratio,validation_max_drawdown,validation_excess_return,validation_annual_turnover,validation_average_exposure,validation_trade_orders,paper_cumulative_return,paper_annualized_return,paper_annualized_volatility,paper_sharpe_ratio,paper_max_drawdown,paper_excess_return,paper_annual_turnover,paper_average_exposure,paper_trade_orders,shortlisted,selected
M20/T60/N3/S8,20,60,3,0.08,0.38018873899112915,0.08731442931107347,0.19411536140123187,0.5275618552484866,-0.30005105684188516,-0.5854689365644625,14.237282498708796,0.349963419384121,187,0.38764561149333243,0.1855672203350507,0.19626096937646928,0.9652512248917516,-0.1491517781867825,-0.2705352016885083,15.824302491261246,0.6154444631155497,111,0.09650728512983697,0.20590678063554257,0.26674085853559987,0.8347656987758829,-0.14069849787483601,0.020609885587584698,22.92431851236036,0.5002034950895082,36,True,True
M20/T200/N4/S16,20,200,4,0.16,0.3851609275628045,0.08833071273367255,0.24464563847802154,0.46830178791103544,-0.30258956036216755,-0.5804967479927872,11.25890419230189,0.5342605388332492,192,0.3925278113498374,0.18773270653372798,0.21166522045738392,0.918370051284963,-0.1993395365168048,-0.26565300183200335,11.936671858987077,0.7439243374565544,117,0.00021612536151249806,0.0004392715036385386,0.255310417951176,0.1296404619961652,-0.16929166236658744,-0.07568127418073978,17.57774770945503,0.6530286291820003,36,True,False
M20/T60/N2/S8,20,60,2,0.08,0.2457474988830195,0.05874684682965414,0.20821310766777756,0.37718759858148326,-0.22805621538155407,-0.7199101766725722,13.105982900761047,0.2999912605429545,135,0.3909456438267007,0.18703134057511783,0.21397366145174163,0.9073241026400737,-0.20151714694671208,-0.26723516935514,16.07332142172429,0.5345343996416101,83,0.17687132274131812,0.39232153605076747,0.2951482385837456,1.2680373122268618,-0.1486756643585404,0.10097392319906584,22.375457538711597,0.46243865057148426,29,True,False
M20/T120/N4/S16,20,120,4,0.16,0.36703195548097933,0.08461213144424229,0.2455519786861611,0.4535479079865905,-0.30877054804084714,-0.5986257200746123,11.111110315585366,0.534391147044372,193,0.3494738895051388,0.16850844814206023,0.20905610509607836,0.8495931801941506,-0.20159178173811987,-0.30870692367670194,13.675736980160591,0.7416767887290998,122,-0.09962994251032042,-0.1920736015889103,0.24632621335337193,-0.7419329942173771,-0.156174763883702,-0.1755273420525727,17.066178170505175,0.6601311475240204,34,True,False
M20/T200/N2/S8,20,200,2,0.08,0.07006680795583153,0.017749196277325963,0.2022756516833043,0.18703857921760145,-0.32196318335677343,-0.8955908675997601,12.959119445885399,0.2803291410524766,132,0.34171696248965144,0.16501369251041886,0.20727818876469867,0.8395198438081642,-0.20209881791138684,-0.3164638506921893,14.801496394417747,0.4985753131516949,78,0.16881659471761856,0.3730239246911855,0.29485326804140494,1.2218036664622107,-0.14904456297122903,0.09291919517536629,22.265753371221486,0.4560979286310303,29,True,False
M20/T200/N2/S16,20,200,2,0.16,0.22133499497177977,0.05331712291672264,0.27271863004054386,0.3257931126495675,-0.27387844823175667,-0.7443226805838119,11.495196559569228,0.48520280352416334,125,0.3830455484126951,0.18352352356966173,0.2429354591946457,0.8146393608937678,-0.25246559021815185,-0.2751352647691456,13.853631423432347,0.672476134454091,76,0.11268787178636286,0.24234616370705742,0.32274230368621687,0.832319947254456,-0.18639249714848882,0.036790472244110584,19.44529737615792,0.6081119899693725,27,True,False
M20/T200/N3/S16,20,200,3,0.16,0.6021343476250116,0.13026301371540217,0.2639580982511541,0.5952755386825291,-0.35464246578484115,-0.36352332793058006,12.003693855095149,0.5458327097902703,162,0.35518314987433075,0.17107449963416443,0.2315269285121445,0.7972689453337048,-0.24839600305528253,-0.30299766330751,13.423373974849154,0.7554826627623222,101,-8.416710678871286e-05,-0.00017104185097827074,0.28451908786638963,0.1409595550696784,-0.16236424569228092,-0.07598156664904099,16.729484582748835,0.6664076312783423,33,True,False
M20/T60/N4/S16,20,60,4,0.16,0.8542459759062218,0.17400032600546989,0.24874810513181372,0.7694475029435852,-0.24908221636434236,-0.11141169964936992,11.463935633921551,0.5633144450136687,208,0.3377176490924929,0.1632080754151184,0.22021640461036623,0.7961986727872947,-0.20023634752787312,-0.32046316408934783,13.634615321430203,0.7697970037719113,125,-0.11347964653230824,-0.2171294412503787,0.24251937541786964,-0.8871721612737312,-0.16727663849662278,-0.18937704607456052,17.925857305856937,0.652655458626232,34,True,False
M20/T120/N3/S16,20,120,3,0.16,0.6304093851489714,0.13541168863105302,0.2655885329385972,0.6103653488567817,-0.345205519381263,-0.3352482904066203,11.639858808291368,0.5441977043700272,162,0.338037790350735,0.16335270876254038,0.2233883213825207,0.7890304997080071,-0.2469698620073426,-0.32014302283110574,14.437082200213442,0.7509427638475804,102,0.004147823417551821,0.008447494257836308,0.28468474935019117,0.1710738623573231,-0.1614941136642276,-0.07174957612470045,16.034233864206634,0.6727503492341423,32,True,False
M20/T60/N3/S16,20,60,3,0.16,0.9203148311594012,0.18472732712441342,0.26901081244778274,0.7641297687736563,-0.23241697690049945,-0.04534284439619052,12.380683530967737,0.5712608427733967,170,0.32820236596038965,0.15890164449459343,0.23523547605659714,0.7439881153752127,-0.24848913116895377,-0.3299784472214511,14.46781673061191,0.7722443024403756,104,0.010630444751754453,0.02172235379180032,0.2861572170701969,0.2175155196125618,-0.17448536952084437,-0.06526695479049782,19.340031062724254,0.6554979105906499,33,True,False
M20/T60/N2/S16,20,60,2,0.16,0.5134509900977535,0.11366524674239553,0.2783036084664301,0.5249931153969506,-0.2507778535660743,-0.45220668545783815,11.55946202252461,0.49963173457287496,126,0.3446491386268187,0.1663358743321912,0.2505191034551133,0.7389722747398141,-0.2530134942644312,-0.31353167455502207,15.499446325810927,0.7038226587201631,82,0.11565267934865342,0.24908277523681122,0.32154055356245825,0.8510355000043364,-0.18495674890558444,0.039755279806401145,19.397830382043004,0.6050731576737809,27,True,False
M120/T200/N3/S16,120,200,3,0.16,0.4803650184179937,0.10728843518045195,0.28372005379640064,0.5006112417604992,-0.608675667240741,-0.48529265713759795,9.788080865360596,0.5812522793714433,159,0.2985764227510532,0.1453977252456724,0.2252972659851034,0.7141344870325135,-0.2119934729960442,-0.3596043904307875,9.786225769886098,0.7060654811900757,89,-0.07040179599755614,-0.13787980409171952,0.26188195433528594,-0.43688211188725873,-0.20311526460321283,-0.1462991955398084,15.658882557242208,0.6026699395462882,32,False,False
M20/T200/N3/S8,20,200,3,0.08,0.36995462707067084,0.08521408261255625,0.1902758456639281,0.5241562228689675,-0.30784492394162655,-0.5957030484849208,13.636019428761852,0.3331601317643905,175,0.24679128303482134,0.12143279189361134,0.18524744064829496,0.7110102067045236,-0.15161973978863752,-0.4113895301470194,14.768113135243725,0.5790210833058549,106,0.04442010415947739,0.09234374005370416,0.2560060943750924,0.47244137620571525,-0.14190836740980672,-0.031477295382774884,21.455838214788656,0.48014856646728626,37,True,False
M20/T120/N2/S16,20,120,2,0.16,0.1913168063274211,0.04652935345585574,0.2735039153291078,0.3019993715704993,-0.2939457578330522,-0.7743408692281706,11.103520513489114,0.48044743534558293,122,0.26691347803645593,0.13080064477861053,0.234588599413229,0.6415541390209184,-0.251754444273796,-0.3912673351453848,15.08337140114634,0.6834185909734227,80,0.11453201601826479,0.24653423784925277,0.3190165121577412,0.8487871932461206,-0.18304882312011517,0.03863461647601252,19.38744364816801,0.6105225133055004,27,True,False
M120/T200/N2/S12,120,200,2,0.12,0.16384295683600203,0.04020503845207157,0.26080703420791096,0.28002801664413685,-0.6055315107413576,-0.8018147187195896,11.80150452146973,0.4189412281272472,133,0.2584955105853075,0.12689043539279865,0.23031836361429717,0.6327488500454261,-0.23595063549477124,-0.39968530259653323,9.725026400006287,0.5774598594925493,63,-0.18069491418441397,-0.3330408642972539,0.23919582029721795,-1.5719724982716208,-0.1971874737519682,-0.25659231372666624,17.358046750086064,0.54983366508811,24,False,False
M20/T200/N3/S12,20,200,3,0.12,0.6444665837138654,0.137946835645115,0.23338627149909602,0.6694117248273737,-0.3010575119135519,-0.32119109184172623,12.695186688561648,0.4656002027053227,165,0.24548747965521822,0.12082331179145966,0.22066471913110894,0.6266491383789735,-0.22782260743781424,-0.4126933335266225,13.854455055071142,0.6924812393499093,103,0.08226413982646585,0.17428648344482656,0.2663491298358708,0.7354069977307286,-0.13844795512967312,0.006366740284213579,15.940457273956573,0.5738165469442988,31,True,False
M120/T200/N2/S16,120,200,2,0.16,0.7116755860589943,0.14985069089214664,0.2950600770684196,0.6195204362446465,-0.6166011908721539,-0.2539820894965974,9.080880584728549,0.526301723691758,117,0.25801329185452504,0.12666606121311075,0.23746846612328742,0.6199325669829138,-0.24999412398737342,-0.4001675213273157,7.746261324326476,0.612239013901336,59,-0.21552995142625464,-0.3894067892990004,0.24830347128632646,-1.8602932522258957,-0.23533881275147628,-0.2914273509685069,17.40493891464541,0.5911029882222383,26,False,False
M120/T200/N3/S8,120,200,3,0.08,0.18669130742282447,0.04547220356074466,0.2013863902881196,0.32063797306576397,-0.5684854005530928,-0.7789663681327672,14.894929753696385,0.33907776222330616,202,0.2190683948090093,0.10840664808346046,0.1975916652520356,0.6185647738545198,-0.1479352525161728,-0.43911241837283144,14.553162439244858,0.5165304261464333,107,0.028548915195357072,0.05887392584595075,0.2511005169722389,0.3518058253153249,-0.16297532530044057,-0.0473484843468952,19.753009708777178,0.4845555448458186,36,False,False
M120/T120/N3/S16,120,120,3,0.16,0.23899293007250821,0.05725246379019522,0.28355205315046533,0.33762476390920504,-0.6791844034384218,-0.7266647454830835,10.294899715999502,0.5887842267260611,162,0.20588766111149082,0.10216352434087428,0.2032634009571465,0.5798767164449493,-0.18831154509346226,-0.4522931520703499,10.344392568578927,0.7126162201588009,90,0.01115064252506226,0.02279141660937345,0.26923781272251124,0.21658099033222328,-0.1798276236597539,-0.06474675701719002,13.574575017892636,0.581247643239021,29,False,False
M20/T60/N3/S12,20,60,3,0.12,0.8357239070663531,0.17094237083268893,0.23906118182039898,0.7787341242209682,-0.22230790917249987,-0.12993376848923854,13.098813195591111,0.48937768223833494,175,0.22247251517428346,0.11001375126136748,0.22462185555746628,0.5763807866383733,-0.22639635258297441,-0.4357082980075573,15.256026962243329,0.7078293539035148,109,0.09069193814927012,0.19294494984528665,0.26948812451452964,0.7885603978687853,-0.1397143691898911,0.014794538607017849,18.509797627309325,0.5710707089682507,31,True,False
M20/T60/N4/S8,20,60,4,0.08,0.6471242492341491,0.13842432802790805,0.1785559025337633,0.815178370567404,-0.21237702197417319,-0.31853342632144255,13.21931945266479,0.3526327520689205,228,0.171442828854091,0.0856919867950443,0.1699418745879907,0.5686025358074336,-0.14273034927614747,-0.48673798432774973,16.00353240617172,0.5819111372927698,136,-0.05713715973274325,-0.11269526646066275,0.22186409198313178,-0.42751056784311076,-0.1319798076396902,-0.13303455927499552,20.365150905903164,0.5136571969807795,36,True,False
M120/T200/N3/S12,120,200,3,0.12,0.1894874570658176,0.04611162260645951,0.25244300377004736,0.3040547340015757,-0.579270550952719,-0.7761702184897741,12.19056281598757,0.4809003037923925,180,0.19920081848188942,0.09898373198269295,0.21271818162408687,0.5488148935043725,-0.20716377997573876,-0.4589799946999513,12.059252175676086,0.6466241687149341,97,-0.012869575660608645,-0.025980596727434024,0.26354620931431977,0.030211826046343884,-0.17940777259114815,-0.08876697520286092,17.29701651298281,0.5916277976072467,32,False,False
M20/T120/N3/S8,20,120,3,0.08,0.30083845833468303,0.07071657191631298,0.1927495885838811,0.45014702129993694,-0.340607685701103,-0.6648192172209086,13.366712815048274,0.3310240525714828,177,0.16802404980068064,0.08404450678053887,0.17850340526981462,0.5413889306210865,-0.16247012007462702,-0.4901567633811601,15.606712486796129,0.579444793175347,108,0.04746834950146872,0.0988325733072215,0.2567013037351173,0.4950223268353806,-0.14077116066349282,-0.028429050040783554,20.46837837070222,0.46307873332323646,36,True,False
M20/T200/N4/S8,20,200,4,0.08,0.43652671639031704,0.09867471085774837,0.18032435448640544,0.6116578437029278,-0.29088731887541464,-0.5291309591652746,13.128884395248637,0.3351598384314056,207,0.1469311475144126,0.07382835866593873,0.16441959507087944,0.5153951532464495,-0.14378843230437144,-0.5112496656674281,14.681129066075355,0.5730085180745382,126,0.0033287878872909626,0.006776579207887989,0.22852686276992965,0.14429690277996152,-0.14463006523425936,-0.07256861165496131,22.465837391577868,0.4711472924734907,43,True,False
M20/T200/N4/S12,20,200,4,0.12,0.3957646992750212,0.09048906870834217,0.21804697101953302,0.5058440908146932,-0.26176627178531753,-0.5698929762805705,12.021477810310177,0.4555357100850867,198,0.17035512660810648,0.08516808334515469,0.19602493793306996,0.5148816587906491,-0.2104074449470703,-0.48782568657373426,12.899118260017548,0.671187223582076,120,0.07802059883249912,0.16494817313991073,0.23251826132032785,0.7730704745070257,-0.1316210744214935,0.0021231992902468466,16.718186192145833,0.5720621308351658,35,True,False
M20/T120/N3/S12,20,120,3,0.12,0.6399991934121267,0.1371429084040945,0.23530959526274442,0.6628716178558033,-0.3038934008438233,-0.32565848214346493,12.417508394028346,0.4619160117151213,167,0.16528679657120038,0.08272377753528093,0.20818619992819234,0.48611981795009,-0.2282845914485968,-0.49289401661064036,15.043975008642667,0.6887724665812974,105,0.08391744477648744,0.1779349881296639,0.26563772145703557,0.7483558369728741,-0.13738242023996294,0.008020045234235162,15.146814551686028,0.579072954448349,30,True,False
M120/T60/N3/S16,120,60,3,0.16,0.4917130601828561,0.10948737457189583,0.27198967484826614,0.517504734183724,-0.5433457265600772,-0.4739446153727356,9.888317078857536,0.5640657224935722,153,0.1712432460337583,0.08559587310163508,0.2238212124946149,0.47773784987536116,-0.22427783906717758,-0.48693756714808245,10.79454013220803,0.7320704334692062,92,-0.05459515059266884,-0.1078268898729039,0.2967521161661619,-0.23684530700945586,-0.20885339317825224,-0.13049255013492111,17.390034484421022,0.6314320968879712,31,True,False
M120/T120/N2/S16,120,120,2,0.16,0.5128163789669322,0.11354391059365576,0.2956785432742437,0.510294550075194,-0.6712335685281474,-0.45284129658865946,9.439403760338173,0.5418270667166768,122,0.16525199384030032,0.08270697556972495,0.22656916980040137,0.46386154932806706,-0.23913196992928165,-0.4929288193415404,7.770239699532946,0.611350836071409,59,-0.2153003235531301,-0.3890435066367073,0.2508248762187744,-1.8366625311791,-0.23498790386948198,-0.2911977230953824,17.458747686797974,0.5932302353660186,25,False,False
M20/T120/N4/S12,20,120,4,0.12,0.42547457774111686,0.0964724388613103,0.21869074575308767,0.5300763107629601,-0.24698146903928708,-0.5401830978144748,11.892248677970166,0.45227767516882345,200,0.14389163414516437,0.07234878321185478,0.19509317144834468,0.45584019550597027,-0.20859025920111807,-0.5142891790366764,14.698600186389633,0.6732966401292475,127,-0.020614403057223507,-0.04144814917248252,0.22090007937982206,-0.0810202920869356,-0.11691197609774606,-0.09651180259947578,15.435847894667868,0.5645059977272924,32,True,False
M20/T120/N4/S8,20,120,4,0.08,0.3873531022296919,0.08877792158767583,0.18113285839045642,0.5597883572936868,-0.3287573145601438,-0.5783045733258998,13.228394807338706,0.3361001219932104,211,0.11919670814453687,0.06025705983986018,0.16272314217887798,0.44099855676174665,-0.14263132924693478,-0.5389841050373039,15.738725980614005,0.560523864772644,132,-0.07455072784406491,-0.1456814488404996,0.219742653846649,-0.6055960133012869,-0.14088075442570458,-0.1504481273863172,21.149498256586423,0.5013712697696024,38,True,False
M20/T120/N2/S8,20,120,2,0.08,0.06409092859237897,0.016269542452559183,0.203418278078931,0.17996754362105608,-0.322119427321666,-0.9015667469632127,12.641433787859851,0.28022753621690155,130,0.1334795866923575,0.06726603123358266,0.18841671598515877,0.43966283966124853,-0.19672534593171298,-0.5247012264894833,15.45620823272984,0.498592265876934,80,0.17713321901970325,0.39295128669749935,0.2890405122242963,1.2901077430210524,-0.14530765143748126,0.10123581947745097,21.522702597504612,0.4437485105198045,29,True,False
M20/T200/N2/S12,20,200,2,0.12,0.47290140497977884,0.10583538072440057,0.2451319157285797,0.5317429114542293,-0.24984739045002524,-0.49275627057581284,11.682821753919772,0.41712781688950346,124,0.13869518245132273,0.06981487087401139,0.22599830593393744,0.4111554478327788,-0.2653704422855039,-0.519485630730518,13.882925072592137,0.5830079383034286,76,0.18121288213122266,0.4027798414769066,0.3092072859851839,1.2478884571594107,-0.15095194486461394,0.10531548258897039,19.233180601358885,0.5850422127446164,25,True,False
M120/T200/N4/S16,120,200,4,0.16,0.10414436249622727,0.026072036897156092,0.2442310907281345,0.22752009277225277,-0.5381158232452,-0.8615133130593644,9.510843323387542,0.5585074152196582,198,0.11871575539567569,0.06002029849454815,0.19559734850306115,0.39520871760098536,-0.1877443596212386,-0.539465057786165,9.166204828962835,0.7004036675487887,112,0.007704557971073722,0.015719918585383796,0.22797357558514714,0.18167606400911887,-0.17078836848512724,-0.06819284157117855,13.813365314159393,0.6142334608255868,36,True,False
M120/T120/N3/S12,120,120,3,0.12,-0.04799497468448399,-0.012696658416645357,0.25327748985390997,0.07543911519125933,-0.6653686758889454,-1.0136526502400756,12.650604445786312,0.48980160479599044,182,0.11506868353359545,0.058223339966155585,0.19403966587058208,0.388363784873517,-0.18892794815024216,-0.5431121296482453,12.770137177411998,0.6614248271375696,100,0.00518638210063016,0.0105682825187019,0.25819401574109313,0.1680004022869193,-0.17518726572566434,-0.07071101744162211,16.205997694643507,0.5578770055805512,30,False,False
M120/T60/N2/S12,120,60,2,0.12,0.27248634536154226,0.06460434915220237,0.2514910477236469,0.37304004960934073,-0.5848964507131083,-0.6931713301940494,11.540414298634708,0.41729741083074035,128,0.12381527625962652,0.06252818500504254,0.22978991837523566,0.3777399023740444,-0.2939375680701837,-0.5343655369222142,11.254749626167504,0.5832349985579307,67,-0.16595061424377078,-0.30842173996268796,0.23605599493723972,-1.4426095816763969,-0.20937483428524006,-0.24184801378602305,15.727073793149028,0.5074179100952977,24,False,False
M120/T60/N2/S16,120,60,2,0.16,0.5960664159694022,0.12914933543842544,0.28171104054804164,0.5708589495855748,-0.5656019091726115,-0.36959125958618944,9.297246867495547,0.5139169273469442,115,0.11219930386035304,0.056807574744274225,0.23929139202041144,0.3494869672940782,-0.31255182660115965,-0.5459815093214877,10.199193221090304,0.6418345959757764,66,-0.23636151208384004,-0.4219068738152083,0.2584654637087873,-1.9882542278046216,-0.27981293108870875,-0.3122589116260923,15.762504466284742,0.6088515714452535,25,False,False
M20/T60/N2/S12,20,60,2,0.12,0.6849172440804379,0.14515351976310686,0.25349359468040256,0.6602768576334307,-0.23129031670235345,-0.2807404314751538,11.911867568422059,0.4351841039681689,125,0.10741617424430228,0.05444365018488839,0.2343460600000088,0.34287061190403,-0.2662178425160141,-0.5507646389375385,15.551123325363795,0.6143894989488562,82,0.18516299007424308,0.41232972623546216,0.30793057888359227,1.2738056963960995,-0.14900689468906714,0.10926559053199081,19.258570918288374,0.5883389778512746,25,True,False
M20/T60/N4/S12,20,60,4,0.12,0.6841915953450544,0.1450253724153847,0.2191966712892894,0.7271993901047045,-0.2177735302379803,-0.2814660802105373,12.172784989434557,0.47884086819933186,217,0.0987059509590833,0.050126237731646706,0.20307677380432035,0.34220393843025004,-0.21027926603452074,-0.5594748622227574,14.8865015898349,0.6832509210996046,130,-0.04318151415048099,-0.08580106016066968,0.2181909611359577,-0.30166472390476623,-0.12834185896394712,-0.11907891369273327,16.13726410450019,0.5581691768763415,31,True,False
M120/T200/N2/S8,120,200,2,0.08,-0.1480151633552501,-0.04076143889811212,0.20716815213685383,-0.09845229327598967,-0.6374452846554188,-1.113672838910842,14.321507191568688,0.27735677587448127,147,0.09753747662920342,0.04954580886993609,0.20878614294497316,0.33495777985890846,-0.19285669162881225,-0.5606433365526373,12.644044905120333,0.4602383117836111,71,-0.12512475270858825,-0.23788667845247424,0.20136729484425717,-1.2470359849708204,-0.1394748942447982,-0.20102215225084052,18.23706351161911,0.34131667211602085,25,False,False
M60/T200/N4/S16,60,200,4,0.16,0.16959842071663234,0.041538991039091755,0.251226995290996,0.2877317612978888,-0.5290007646347081,-0.7960592548389593,10.801280882532401,0.5948542335680405,204,0.0758246131290925,0.03870561245983151,0.20266793409264053,0.28902392589549386,-0.2565309647112586,-0.5823562000527482,11.28361907344372,0.7323331288685527,121,-0.26515380460793325,-0.4653412774064932,0.22219342641548379,-2.703116972648548,-0.3038128368244226,-0.3410512041501855,16.1813845805753,0.6236185463151321,34,True,False
M120/T60/N4/S16,120,60,4,0.16,0.10721530502350873,0.02681267479648941,0.24133126254168347,0.23019326024012032,-0.4467555234672562,-0.8584423705320829,9.682231434259949,0.5465800359470541,182,0.07487047471319652,0.03822685700241446,0.20067337517071696,0.2867375917668427,-0.19779130066734463,-0.5833103384686442,9.851001113278087,0.7160488768423938,113,-0.12049812335835375,-0.22967369722627995,0.2673327084524441,-0.8420150918428928,-0.20697993803911274,-0.19639552290060602,18.43259947337873,0.6200199732392728,34,True,False
M60/T60/N4/S16,60,60,4,0.16,0.2492645413852399,0.05952258514867892,0.24666442613841422,0.357706027848645,-0.4208492858223635,-0.7163931341703518,10.951694415793991,0.5816915697586992,208,0.061204102614537126,0.031346976690979966,0.20579182714397423,0.253038610458988,-0.2484182604924704,-0.5969767105673036,11.13017971148222,0.7374572168316667,117,-0.26121267094227874,-0.45949767298918776,0.2283709134031223,-2.5763309129057164,-0.30422638764110366,-0.337110070484531,17.301717630313682,0.6720589222700037,34,True,False
M60/T120/N4/S16,60,120,4,0.16,0.19248511286590708,0.04679588719451111,0.2525502416747977,0.30749279432001925,-0.5087726384827314,-0.7731725626896846,11.311532812567952,0.6109682889120337,217,0.060577492277481104,0.03103051302958959,0.2005527070947938,0.25291637249341964,-0.2548953845413662,-0.5976033209043596,11.242041174340171,0.7335216274069368,128,-0.2732091799448654,-0.4771848030922622,0.2270705930232222,-2.738314466720733,-0.31024630714397206,-0.34910657948711765,17.390924275932495,0.6195019422489156,35,True,False
M60/T200/N3/S16,60,200,3,0.16,0.929718848044006,0.18623186304980566,0.28000100156440133,0.7493638198769972,-0.4685791100513881,-0.035938827511585725,10.578708783086482,0.5925753014214783,162,0.06051623668136896,0.03099957164740763,0.21461361565825085,0.2500973363402601,-0.22734868625388094,-0.5976645765004718,11.33465358504168,0.745160654137116,96,-0.2842405880231791,-0.4931853013778251,0.245406788903413,-2.642361245606929,-0.3212516585737777,-0.36013798756543136,15.915221126151966,0.6580008949267018,32,True,False
M120/T200/N4/S12,120,200,4,0.12,-0.12139904151968595,-0.03306468018852038,0.22095379525294084,-0.04195221089559029,-0.5437902790214129,-1.0870567170752776,12.071944973897605,0.4750236098642188,226,0.0541271377678918,0.027767585622700874,0.1845760464156942,0.23995728442542957,-0.19723286844718002,-0.6040536754139489,11.175920851342815,0.6310088634680735,123,0.0013849324380614814,0.0028165519900902325,0.21894944120165546,0.12143759539107751,-0.16204893051506408,-0.0745124671041908,15.16903125262442,0.5946146390810155,37,False,False
M60/T60/N3/S16,60,60,3,0.16,1.0155931479637554,0.1997257590020638,0.2720033536382343,0.8049662206810695,-0.3502214961027712,0.04993547240816376,10.833198631991,0.5853259849720709,165,0.04934902238575889,0.025344375808219022,0.22618560429883885,0.22393446786666538,-0.2392447667110832,-0.6088317907960819,11.752102524868585,0.7466764046703098,94,-0.27859440575435845,-0.4850273588938351,0.2458531528973363,-2.5724280214231063,-0.3198034319433176,-0.35449180529661073,16.73044015944016,0.662811864616989,32,True,False
M20/T120/N2/S12,20,120,2,0.12,0.5010971058071605,0.1112964111651249,0.24683777694774206,0.5497319103477359,-0.2484739637368244,-0.4645605697484312,11.287131594690868,0.40955879301310144,121,0.04718820087109932,0.02424677992208557,0.21763544456491696,0.21920478588543735,-0.2626107659892081,-0.6109926123107414,15.143533159004143,0.5968668123137404,80,0.17907279550402166,0.3976196566619037,0.30639405480291465,1.2444705373636902,-0.14930942132336233,0.10317539596176939,18.87268429592967,0.5721145007218165,25,True,False
M120/T120/N4/S16,120,120,4,0.16,-0.09057748590033399,-0.024364522618263385,0.2511661458942133,0.027389642439926528,-0.6268352999899118,-1.0562351614559256,10.116641716369713,0.5738195678003858,198,0.04450530398913055,0.022882478994188382,0.1862715880495444,0.2143962982217235,-0.17330950452794647,-0.6136755091927102,9.430112524913088,0.7012588581970695,112,-0.05886051119107616,-0.11598807972840952,0.24463611638209948,-0.382642567006141,-0.1707889412534671,-0.13475791073332843,14.115020803433454,0.6044884631593087,35,False,False
M120/T60/N3/S8,120,60,3,0.08,0.3024337020708865,0.07105753706896856,0.19460493044227012,0.4489576019607605,-0.5035097077169093,-0.6632239734847052,14.140269600867986,0.33166201342086854,187,0.04286982423105945,0.022049982324207518,0.19360674806943187,0.20835702226923822,-0.1971397959209732,-0.6153109889507813,14.805584339740532,0.524611524258619,107,0.0757054552143901,0.159869448154631,0.27227260267242437,0.6798624026288721,-0.15619329733526066,-0.0001919443278621813,21.610560890799245,0.4744153030488664,36,True,False
M60/T120/N3/S16,60,120,3,0.16,1.0422966110903396,0.20383495724153167,0.2820308528859139,0.798241765862578,-0.4386650816868013,0.07663893553474788,11.273811617316946,0.6156403913448208,173,0.038548794163429045,0.019847456367203087,0.21675900420354102,0.19947470686793625,-0.2260648179588559,-0.6196320190184117,11.673503648860157,0.7503751245069418,97,-0.28148196999131303,-0.48920775139923134,0.24296799305650077,-2.6393935249150537,-0.3195057444245446,-0.3573793695335653,15.87575849173416,0.6618374369003958,32,True,False
M120/T120/N2/S12,120,120,2,0.12,0.018904824325943537,0.00487736498929614,0.2603821768278082,0.14737499190640516,-0.6616946689238825,-0.9467528512296481,12.11482815404883,0.42655550344030047,136,0.036212280940030483,0.018654649166259363,0.2050326457310687,0.19299555801502888,-0.20947517713338049,-0.6219685322418103,9.968941454319264,0.5774118178046438,62,-0.17684040639907195,-0.3266486006428114,0.23282951381947692,-1.5806497859598043,-0.19337485394187337,-0.2527378059413242,17.113281827879025,0.5404306433345532,24,False,False
M60/T60/N2/S16,60,60,2,0.16,0.9245547784919876,0.18540634413850388,0.2642443180928217,0.7748491907398899,-0.436323035314618,-0.04110289706360404,9.360410299756014,0.526795783939216,117,0.01891233332460529,0.009782385297414153,0.21759438771315198,0.1540118593753564,-0.24476394573495763,-0.6392684798572354,9.605068125039304,0.684944624749117,62,-0.13657943598579536,-0.2580281415027126,0.283478183616828,-0.910429739573037,-0.2601489735626219,-0.21247683552804764,14.64091538694403,0.6830218613495703,24,True,False
M120/T200/N4/S8,120,200,4,0.08,0.2038892797023213,0.0493874994828154,0.18268648234957985,0.35461292532574085,-0.5146167326648949,-0.7617683958532704,14.728690103456163,0.35024224772599366,252,0.02240435115324635,0.01157905877229326,0.16122543392158437,0.15194304433799175,-0.1557130303742913,-0.6357764620285944,14.128607953750313,0.5327575903651438,140,0.008041176325001675,0.016409574181241338,0.2087338299721947,0.18165717150987565,-0.15628859550426666,-0.0678562232172506,19.608404248206863,0.4983221566867224,43,True,False
M120/T60/N2/S8,120,60,2,0.08,0.04169292825587023,0.010668356673648072,0.20001367982364746,0.15172471883245375,-0.5808993468746706,-0.9239647472997214,13.46508803476576,0.2733458692182281,138,0.0035998027022552392,0.0018687984805911828,0.21117210669278647,0.11330191514355269,-0.26384735646160595,-0.6545810104795855,13.74383186806396,0.4498233466664724,74,-0.1242885967435986,-0.23640568290522823,0.22202282586712818,-1.102318813069806,-0.16829091434305155,-0.20018599628585088,20.071886980071934,0.409872697355386,28,False,False
M60/T200/N2/S16,60,200,2,0.16,0.956068953705024,0.1904188697716962,0.26526473710214965,0.7888779586352482,-0.48760782663508817,-0.009588721850567694,9.353012869567252,0.5378434439385243,118,-0.002046694965013418,-0.0010639607290255926,0.21718120320431683,0.10423358561766558,-0.24374759376028732,-0.6602275081468542,10.370838867113893,0.6786682225388657,65,-0.13966356675887848,-0.26340434017011694,0.2812462949942831,-0.9457344660900636,-0.26021984931268627,-0.21556096630113075,14.562351576546568,0.6805877522249582,24,True,False
M60/T120/N2/S16,60,120,2,0.16,1.0461234802968016,0.20442058222796677,0.27046146639075597,0.8221109812029569,-0.4622650349790669,0.0804658047412099,9.78422133708113,0.5521399157649939,123,-0.00267609534195401,-0.0013913610275957389,0.21651231716225577,0.1023493752673575,-0.2442347484819477,-0.6608569085237948,10.405747793081739,0.6791841617527175,66,-0.14059057830338673,-0.26501640777701396,0.28221009268816477,-0.9492086095879594,-0.25926372429897304,-0.216487977845639,14.551982629286814,0.6773897651388263,24,True,False
M120/T120/N3/S8,120,120,3,0.08,-0.0483879257055706,-0.012802545978802482,0.20329339984601408,0.03732531906950972,-0.6534232178762123,-1.0140456012611623,15.269468110698732,0.34746529578966073,202,0.0030264632794716473,0.0015713714054714778,0.16106955869368136,0.09037362223308947,-0.1623548574721182,-0.6551543499023691,14.68428013509292,0.5126140578733437,108,0.11790252770106924,0.25420721169982685,0.25991494788581654,1.0000070668871313,-0.16319766141491332,0.04200512815881696,18.623818363698568,0.4762274082280304,35,False,False
M120/T60/N3/S12,120,60,3,0.12,0.19488071739913093,0.04734180885929917,0.24269345810151166,0.3109903475052636,-0.5279470160628579,-0.7707769581564607,12.042055823814403,0.4736820810532079,171,-0.008094821974022226,-0.004214180386243105,0.21023346186809988,0.08390743685936407,-0.26215790827076746,-0.666275635155863,13.117439228789243,0.6250584458824495,100,0.026021113417037167,0.0535920285216005,0.2771290602062824,0.32587646895643896,-0.1715413960210861,-0.04987628612521511,17.66101044985381,0.5383813648686524,30,True,False
M60/T200/N4/S12,60,200,4,0.12,-0.12343403023583122,-0.03364701022447669,0.21407244092572209,-0.0531217398423347,-0.5238108809282265,-1.089091705791423,12.434885625421227,0.47480659910407214,223,-0.04420989472742243,-0.02322032616678016,0.18389796724885127,-0.03521819237357978,-0.23643669054184735,-0.7023907079092632,12.713362887028154,0.6544729215340457,130,-0.24775834601146196,-0.439305515076736,0.22686065493023103,-2.4333465625383592,-0.2822714493433177,-0.32365574555371424,18.02245420681649,0.5838778799605815,36,False,False
M60/T60/N4/S12,60,60,4,0.12,0.0584592877120389,0.014869483295103514,0.2163682133114861,0.1759179089441116,-0.44203145971122226,-0.9071983878435528,12.650055455562164,0.4812363473161381,224,-0.04793118714158873,-0.025198176557274965,0.18738987123662867,-0.042012918251642876,-0.22778108854200485,-0.7061120003234295,12.543432850346237,0.6619289192444343,123,-0.23037448615108647,-0.4126587428019347,0.22094847588579844,-2.294757888940125,-0.26919556909005626,-0.30627188569333874,17.856294472701286,0.5602621514755578,35,True,False
M60/T120/N4/S12,60,120,4,0.12,-0.11604843983471969,-0.03153830719832906,0.21862059268314377,-0.037573632187311495,-0.5204282742754611,-1.0817061153903114,13.064889053457227,0.49769353199063554,237,-0.04732597594773502,-0.024876256935001728,0.1845030654030211,-0.043708882249465654,-0.2392891413828787,-0.7055067891295758,12.631674880416838,0.6593853327008725,133,-0.24415909396599822,-0.43383999800213746,0.22649823105388567,-2.39500853733935,-0.2795963788082029,-0.3200564935082505,18.81248257951797,0.5891131147617371,37,False,False
M120/T60/N4/S8,120,60,4,0.08,0.26504154003255165,0.0629826890685723,0.18477073334627211,0.4222108940519911,-0.4543654320920637,-0.70061613552304,13.945650567045124,0.34992066513848524,222,-0.03876114040455236,-0.02033099936059868,0.1631596618007503,-0.04427553409214801,-0.14855879317514942,-0.6969419535863931,14.379390263401078,0.5290844949067098,134,-0.028979909733042764,-0.05801402239998055,0.2407880251264078,-0.1278294081674248,-0.15001545445996145,-0.10487730927529504,22.479526385269025,0.4720643929984071,39,True,False
M120/T60/N4/S12,120,60,4,0.12,-0.030765702411345908,-0.008085407569484726,0.22022673747643512,0.0727870469722884,-0.4639780194457206,-0.9964233779669376,11.523209140885562,0.46444736487490895,203,-0.05982270988733662,-0.0315434941672067,0.1878233643310815,-0.07719892942675305,-0.19894196618534943,-0.7180035230691774,12.14309968704457,0.6361669471514503,123,-0.05093080736638156,-0.10078524245478426,0.24699463767080057,-0.30664584049875626,-0.15866914802102783,-0.12682820690863383,18.458537175587185,0.5367240947289695,33,True,False
M60/T200/N3/S12,60,200,3,0.12,0.27458065443637447,0.0650592746889469,0.24627775761145765,0.3781551332072078,-0.47227288639802534,-0.6910770211192172,12.446286710094322,0.48410894854225106,177,-0.06983931715824554,-0.03691833593301952,0.20187282963454756,-0.08469041101489518,-0.2750078787298502,-0.7280201303400863,12.960359391956505,0.666959112600686,103,-0.24997116868615898,-0.44265235176224516,0.22717580448428898,-2.4560938854297674,-0.28409804697378116,-0.32586856822841126,17.21307041498515,0.5527619500104025,32,True,False
M60/T120/N3/S12,60,120,3,0.12,0.27769902132196056,0.06573562174464787,0.2522860246585942,0.3775773884210076,-0.4709513091759038,-0.6879586542336311,13.16498959990251,0.5140688185704891,186,-0.09099443471004964,-0.04836219218972371,0.20539752576363568,-0.1379622935415006,-0.2758162355303616,-0.7491752478918904,13.29522946834597,0.6712012179022047,103,-0.24462609530270873,-0.4345506668134632,0.22761416069238408,-2.387751827448778,-0.28036372722801584,-0.320523494844961,17.064060975876494,0.5552583909875402,31,True,False
M60/T60/N2/S12,60,60,2,0.12,0.4930728259951793,0.10975002827804459,0.24570713491616136,0.5454355319274113,-0.46571275780206034,-0.47258484956041236,11.43255773788261,0.4395821077373641,128,-0.09384456483288972,-0.04991370765604786,0.20510851888836187,-0.14641951769559908,-0.3072500290216298,-0.7520253780147305,12.005291303519062,0.6044932002195097,72,-0.10430646999328141,-0.20057885693454203,0.26292023486216004,-0.7193513096978683,-0.22952575226137484,-0.1802038695355337,14.53828133894652,0.5519705485325487,24,False,False
M60/T200/N2/S12,60,200,2,0.12,0.23859563176882048,0.05716437777930361,0.2426718303339455,0.34923361405180237,-0.5278576344055722,-0.7270620437867712,11.376650234623725,0.4379511498468787,129,-0.10232076494378961,-0.05454177420885642,0.20422130328412086,-0.17186625873794464,-0.2981457975804912,-0.7605015781256304,12.76084335496921,0.5982278891938079,72,-0.09464625756385137,-0.18295938782778542,0.26582148152415863,-0.6266519155162789,-0.2314390652855799,-0.17054365710610364,14.656077331252321,0.5546904686731831,23,True,False
M60/T200/N3/S8,60,200,3,0.08,0.09902648091115407,0.024834331096911244,0.21058312328506187,0.22083283853922428,-0.5280623630492818,-0.8666311946444376,14.791341968108283,0.3456941717780956,196,-0.08565914012560327,-0.04546410535134038,0.17327612941954018,-0.18119963120946872,-0.3160764326022445,-0.743839953307444,15.030222007173663,0.5309763572819793,109,-0.19350805769159463,-0.3540674603479972,0.19957358387778143,-2.0879326965066176,-0.23109148259275025,-0.2694054572338469,19.780122543613263,0.4273393954645293,36,False,False
M60/T120/N2/S12,60,120,2,0.12,0.22307490456641466,0.05370675165366445,0.24924455250756744,0.3333516487960511,-0.5352975286785182,-0.742582770989177,12.090723791698133,0.45669811304448954,138,-0.10607806964763311,-0.05660000327968684,0.20415030770199663,-0.18259349997144572,-0.2993556480823901,-0.7642588828294739,12.75903275987526,0.5966662229503688,72,-0.1095091192091191,-0.2099872559907101,0.2653243699697789,-0.7548339872276166,-0.23049166777559849,-0.18540651875137137,14.48674171104566,0.5494753844439769,23,True,False
M60/T120/N2/S8,60,120,2,0.08,0.13438215699324352,0.033299335168438304,0.21478698530763551,0.25872186975735917,-0.5097363373046626,-0.8312755185623482,14.054082283258278,0.33677193174694336,146,-0.09253082033659243,-0.04919825829091662,0.18196082755590903,-0.18600265028863058,-0.29775634936102946,-0.7507116335184332,13.918809184450875,0.49016883783837983,76,-0.21004410428625775,-0.38069789607623816,0.20685542732544565,-2.2100194385667704,-0.25035946470346304,-0.28594150382851,20.11265603151909,0.36671527849399,27,True,False
M120/T120/N4/S12,120,120,4,0.12,-0.29156032465192816,-0.08565601343196272,0.22615491594765602,-0.28306813491255356,-0.6272535130964273,-1.2572180002075197,12.56983549280599,0.47396232294697194,223,-0.08245741421568376,-0.043728854483688684,0.16562541264843308,-0.18694940416797856,-0.21078447770136055,-0.7406382273975245,11.383579240131287,0.6145567586668722,126,-0.02928957882051819,-0.0586244321222551,0.21686341171484144,-0.17101676932259033,-0.1623698602035225,-0.10518697836277047,14.828055177601252,0.5381700458538571,37,False,False
M60/T200/N2/S8,60,200,2,0.08,0.123113341124931,0.03062277590594875,0.20919516822157125,0.24760658974770258,-0.5133990138210065,-0.8425443344306607,13.475202693351726,0.3165032430442501,139,-0.09922107870770325,-0.05284689813748755,0.18338642077984002,-0.20411832913068478,-0.296800960715093,-0.757401891889544,14.2469214186899,0.4839633782754944,75,-0.2072347991655913,-0.3762138101694431,0.20892514331189643,-2.1516788291641147,-0.24751615845314667,-0.28313219870784356,20.254285841085533,0.3720488195536372,28,True,False
M60/T60/N2/S8,60,60,2,0.08,0.2914954438050743,0.06871337005837885,0.21093944898166833,0.4193405585367726,-0.4763791869661649,-0.6741622317505174,13.498014028643427,0.32053047257281103,139,-0.10103192146463469,-0.053836707111142634,0.18100650941491794,-0.21501698063781444,-0.3110499543311659,-0.7592127346464754,13.118881386148342,0.48391253212960517,72,-0.21241065324621,-0.3844625239003091,0.20976163516818414,-2.2054029710939793,-0.25323047284705036,-0.2883080527884623,20.287650060334883,0.36834572418556966,28,False,False
M60/T60/N3/S12,60,60,3,0.12,0.5971381391043542,0.12934626183571285,0.24838724950469032,0.613010644199522,-0.37237473739793725,-0.3685195364512375,12.905608273073753,0.49689727066961964,180,-0.12702737332530478,-0.06815290607697955,0.2087673163241135,-0.23309614223327174,-0.2758209712424019,-0.7852081865071455,13.216946612892752,0.6649864144360847,101,-0.24633827521012874,-0.4371523332126208,0.23069352907409657,-2.3727085297702746,-0.2852916412694563,-0.322235674752381,18.205032460827038,0.5651167740335914,32,True,False
M120/T120/N2/S8,120,120,2,0.08,-0.22372330555722686,-0.063674223447029,0.20787584897426523,-0.21373668484620995,-0.6680804960594044,-1.1893809811128184,14.435299437146929,0.28442076738506683,150,-0.11369084263664919,-0.0607830161903431,0.18060528610815504,-0.2561795279428406,-0.20929930181415823,-0.7718716558184899,12.498029280117356,0.43003274423499277,71,-0.12685143959787248,-0.24094035659058177,0.19319627509792006,-1.3288935260015167,-0.14158432834624246,-0.20274883914012476,17.64640721255678,0.3139868141323147,24,False,False
M120/T120/N4/S8,120,120,4,0.08,-0.07741148597882863,-0.02071454046301413,0.18879098878123243,-0.017072552539752903,-0.6307157494204476,-1.0430691615344203,15.307052863958575,0.3566127341341263,247,-0.09410028329038933,-0.0500530267602034,0.1458827844997671,-0.27870016708099454,-0.20049716339539547,-0.7522810964722301,14.294300743975475,0.5206947308635859,139,0.008657741224169513,0.017673394136224374,0.2171669602767098,0.18863452453020127,-0.15594552734847567,-0.06723965831808276,18.865668023801533,0.48253280868200915,42,False,False
M60/T120/N3/S8,60,120,3,0.08,0.09050479896463504,0.022763952471665405,0.21467844001068534,0.21121961217883525,-0.5318086884640375,-0.8751528765909566,15.444310701495251,0.3768302840259805,208,-0.12693969414473838,-0.06810427780507355,0.173825880819634,-0.3180875849659838,-0.32216374385233193,-0.7851205073265791,15.415623396680571,0.5296188001374703,110,-0.19259681380443727,-0.3525833923179764,0.20356083295100175,-2.031742623172116,-0.23166598537616612,-0.26849421334668955,20.112566065085577,0.436102559210698,36,False,False
M60/T60/N3/S8,60,60,3,0.08,0.42210098583965694,0.09579769281114658,0.20908933949266065,0.541097048878425,-0.4292890274882536,-0.5435566897159347,14.662765108645512,0.3603269155793462,197,-0.14363153805416184,-0.07740453709125217,0.17741117581986096,-0.36470587981866576,-0.3095284734436773,-0.8018123512360026,15.235025283011295,0.5190660931335144,106,-0.1980819312231008,-0.36149042024676303,0.20575024847225354,-2.0750986707269,-0.2392584785698335,-0.2739793307653531,21.348736340268733,0.44203457145084596,37,False,False
M60/T60/N4/S8,60,60,4,0.08,0.15919496056177707,0.03912419678310397,0.18131649490350024,0.3017078416193313,-0.4755648642339775,-0.8064627149938146,14.734172183432554,0.3540126580157959,249,-0.15394091565396972,-0.08319220279897332,0.15861935680244077,-0.4675343680530206,-0.27305582793913086,-0.8121217288358105,15.601478116296176,0.5456394489968488,137,-0.1920951255297879,-0.35176559545327934,0.19608446240921446,-2.1104540207479627,-0.23308227626768574,-0.2679925250720402,20.702909388995938,0.47349130423987257,40,True,False
M60/T200/N4/S8,60,200,4,0.08,-0.0161845580741361,-0.0042300728302921975,0.1793004128922947,0.06553442597365805,-0.543588136180075,-0.9818422336297278,14.779993534579567,0.3426459997576893,247,-0.17797541305995457,-0.09681815540175942,0.1551126372700184,-0.5780858487731817,-0.30979332839656504,-0.8361562262417953,15.752900836312126,0.547252504277072,144,-0.22052277068458537,-0.3972785416411968,0.20314019358917007,-2.387450296346753,-0.2548132345391525,-0.29642017022683764,19.995440635496827,0.4538880148668603,40,False,False
M60/T120/N4/S8,60,120,4,0.08,-0.07027154695837445,-0.01875125055264759,0.18498364664410868,-0.010337098268813091,-0.5665814850141191,-1.0359292225139662,15.461181778433554,0.36844160822137584,261,-0.18764760375400835,-0.1023555686466554,0.15363893347429852,-0.6251007939340075,-0.31013606058395704,-0.8458284169358491,15.58862713660053,0.5433203922073099,146,-0.2006432589217262,-0.365628176580414,0.18867820526174695,-2.315339652189728,-0.23632239527163668,-0.27654065846397846,19.834083724217937,0.42487165407620064,40,False,False
