trade_date,symbol,side,quantity,execution_price,gross_value,fee,reason,realized_return,holding_days
2019-05-06,600519.SH,buy,500,652.3516999999999,326175.85,97.85275499999999,rebalance_entry,,0
2019-05-06,000858.SZ,buy,3700,72.13206,266888.622,80.06658659999998,rebalance_entry,,0
2019-05-06,002594.SZ,buy,17200,15.39538,264800.53599999996,79.44016079999999,rebalance_entry,,0
2019-05-07,000858.SZ,sell,3700,66.95298,247726.02599999998,198.1808208,trailing_stop,-0.07207835004350327,1
2019-05-10,600519.SH,sell,500,601.25814,300629.07,240.50325600000002,trailing_stop,-0.07859852797961042,4
2019-05-10,002594.SZ,sell,17200,14.365620000000002,247088.66400000002,197.6709312,trailing_stop,-0.06716744851260259,4
2019-06-03,600584.SH,buy,26600,14.06405,374103.73,112.23111899999998,rebalance_entry,,0
2019-06-06,600584.SH,sell,26600,12.83715,341468.19,273.174552,trailing_stop,-0.0875103537034495,3
2019-07-01,000858.SZ,buy,1800,96.69659999999999,174053.87999999998,52.216163999999985,rebalance_entry,,0
2019-07-01,600519.SH,buy,300,746.0052599999999,223801.57799999998,67.14047339999999,rebalance_entry,,0
2019-07-01,000001.SZ,buy,32000,11.013662146710978,352437.1886947513,105.73115660842538,rebalance_entry,,0
2019-07-17,600519.SH,sell,300,708.03126,212409.378,169.92750239999998,trailing_stop,-0.05118777000888397,16
2019-07-19,000858.SZ,sell,1800,97.32258,175180.644,140.1445152,trailing_stop,0.006171799033319658,18
2019-08-01,000001.SZ,sell,32000,11.030884725051795,352988.31120165746,282.39064896132595,rebalance_exit,0.0012633677354392248,31
2019-08-01,600031.SH,buy,28100,11.636624999999999,326989.1625,98.09674874999999,rebalance_entry,,0
2019-08-01,300750.SZ,buy,9500,21.471449999999997,203978.77499999997,61.193632499999985,rebalance_entry,,0
2019-08-01,600584.SH,buy,20600,13.213199999999997,272191.9199999999,81.65757599999998,rebalance_entry,,0
2019-08-06,300750.SZ,sell,9500,18.601380000000002,176713.11000000002,141.37048800000002,trailing_stop,-0.1339289493899053,5
2019-08-08,600584.SH,sell,20600,11.8881,244894.86,195.915888,trailing_stop,-0.10055591078556902,7
2019-08-14,600031.SH,sell,28100,10.984005,308650.5405,246.9204324,trailing_stop,-0.05636636165864495,13
2019-09-02,600519.SH,buy,300,881.6107299999999,264483.219,79.34496569999999,rebalance_entry,,0
2019-09-02,000858.SZ,buy,2300,117.03692,269184.91599999997,80.75547479999999,rebalance_entry,,0
2019-09-02,600584.SH,buy,13200,14.104089999999998,186173.98799999995,55.85219639999998,rebalance_entry,,0
2019-09-12,600519.SH,sell,300,805.93326,241779.978,193.4239824,trailing_stop,-0.08611417134834587,10
2019-09-12,000858.SZ,sell,2300,102.81708,236479.284,189.18342719999998,trailing_stop,-0.12176222574242401,10
2019-09-18,600584.SH,sell,13200,17.592389999999998,232219.54799999998,185.7756384,trailing_stop,0.24695133580686535,16
2019-10-08,600584.SH,buy,8200,16.696679999999997,136912.77599999998,41.07383279999999,rebalance_entry,,0
2019-10-08,000001.SZ,buy,26300,12.263606672997236,322532.8554998273,96.75985664994818,rebalance_entry,,0
2019-10-08,600031.SH,buy,22700,11.746734999999997,266650.8844999999,79.99526534999997,rebalance_entry,,0
2019-10-17,600584.SH,sell,8200,16.04394,131560.308,105.2482464,trailing_stop,-0.03938218487019307,9
2019-10-25,600031.SH,sell,22700,11.543445,262036.2015,209.6289612,trailing_stop,-0.017600805236648753,17
2019-11-01,000001.SZ,sell,4900,12.827522422090814,62854.85986824499,50.28388789459599,rebalance_reduce,0.045669162541793096,24
2019-11-01,600584.SH,buy,9200,17.647629999999996,162358.19599999997,48.70745879999998,rebalance_entry,,0
2019-11-01,600519.SH,buy,300,922.6617399999999,276798.522,83.0395566,rebalance_entry,,0
2019-11-12,600584.SH,sell,9200,16.86312,155140.704,124.1125632,trailing_stop,-0.04474070562304189,11
2019-11-21,000001.SZ,sell,21400,12.356787654307666,264435.25580218405,211.54820464174722,trailing_stop,0.007295982265030032,44
2019-12-02,600519.SH,sell,300,858.0810600000001,257424.31800000003,205.93945440000002,trailing_stop,-0.07027280345868214,31
2019-12-02,300750.SZ,buy,6800,28.308279999999996,192496.30399999997,57.74889119999999,rebalance_entry,,0
2019-12-02,600584.SH,buy,11900,20.019999999999996,238237.99999999994,71.47139999999997,rebalance_entry,,0
2019-12-02,002371.SZ,buy,4700,55.46240699999999,260673.31289999996,78.20199386999998,rebalance_entry,,0
2019-12-13,300750.SZ,sell,6800,30.09987,204679.116,163.7432928,trailing_stop,0.06296965930730702,11
2019-12-23,002371.SZ,sell,4700,58.578363,275318.3061,220.25464487999997,trailing_stop,0.055864646508607896,21
2019-12-23,600584.SH,sell,11900,20.079900000000002,238950.81000000003,191.160648,trailing_stop,0.002691200631818713,21
2020-01-02,300750.SZ,buy,3200,38.87884,124412.28799999999,37.32368639999999,rebalance_entry,,0
2020-01-02,000425.SZ,buy,63200,4.460456,281900.81919999997,84.57024575999998,rebalance_entry,,0
2020-01-02,600031.SH,buy,21200,14.799784999999998,313755.442,94.12663259999998,rebalance_entry,,0
2020-01-07,000425.SZ,sell,63200,4.481514,283231.6848,226.58534784,trailing_stop,0.0044197160593659746,5
2020-01-22,600031.SH,sell,21200,13.781205,292161.546,233.72923679999997,trailing_stop,-0.06910324180814309,20
2020-02-03,300750.SZ,buy,1000,49.63959,49639.59,14.891876999999997,rebalance_add,,0
2020-02-03,002594.SZ,buy,18500,15.125109999999998,279814.535,83.94436049999999,rebalance_entry,,0
2020-02-03,002371.SZ,buy,3100,76.342266,236661.02459999998,70.99830737999999,rebalance_entry,,0
2020-02-12,300750.SZ,sell,4200,64.52541000000001,271006.722,216.8053776,trailing_stop,0.5565786906745704,41
2020-02-14,002594.SZ,sell,18500,16.32366,301987.71,241.590168,trailing_stop,0.07891872328127159,11
2020-02-17,002371.SZ,sell,3100,103.273623,320148.2313,256.11858503999997,trailing_stop,0.3523655455149646,14
2020-03-02,002371.SZ,buy,2200,109.98387399999999,241964.52279999998,72.58935684,rebalance_entry,,0
2020-03-02,002594.SZ,buy,13700,19.039019999999997,260834.57399999996,78.25037219999999,rebalance_entry,,0
2020-03-02,600031.SH,buy,25400,15.030014999999999,381762.381,114.52871429999999,rebalance_entry,,0
2020-03-03,002371.SZ,sell,2200,105.42746700000001,231940.42740000002,185.55234192,trailing_stop,-0.04171544052425036,1
2020-03-10,002594.SZ,sell,13700,16.34364,223907.86800000002,179.1262944,trailing_stop,-0.14182881374742728,8
2020-03-10,600031.SH,sell,25400,14.730255,374148.477,299.31878159999997,trailing_stop,-0.020238020466023965,8
2020-05-06,002371.SZ,buy,2300,111.45133999999999,256338.08199999997,76.90142459999998,rebalance_entry,,0
2020-05-06,300750.SZ,buy,4400,56.566509999999994,248892.64399999997,74.66779319999999,rebalance_entry,,0
2020-05-06,600584.SH,buy,12200,25.925899999999995,316295.9799999999,94.88879399999996,rebalance_entry,,0
2020-05-12,300750.SZ,sell,4400,56.48346,248527.22400000002,198.8217792,trailing_stop,-0.0017676529100556504,6
2020-05-19,600584.SH,sell,12200,29.570400000000003,360758.88000000006,288.60710400000005,trailing_stop,0.1402316425095309,13
2020-05-22,002371.SZ,sell,2300,114.566319,263502.53369999997,210.80202695999998,trailing_stop,0.027640936503557034,16
2020-06-01,600584.SH,buy,5400,28.828799999999998,155675.52,46.70265599999999,rebalance_entry,,0
2020-06-01,600519.SH,buy,300,1122.8617399999998,336858.52199999994,101.05755659999997,rebalance_entry,,0
2020-06-01,000858.SZ,buy,2600,125.60547999999999,326574.24799999996,97.97227439999998,rebalance_entry,,0
2020-06-09,600584.SH,sell,5400,27.332639999999998,147596.256,118.0770048,trailing_stop,-0.052182447163952705,8
2020-07-01,600519.SH,sell,300,1224.54423,367363.269,293.89061519999996,rebalance_exit,0.09022948533888786,30
2020-07-01,000858.SZ,sell,500,148.59126,74295.63,59.436504,rebalance_reduce,0.18264502465340415,30
2020-07-01,002594.SZ,buy,14600,21.581559999999996,315090.77599999995,94.52723279999998,rebalance_entry,,0
2020-07-01,300750.SZ,buy,4000,78.64856999999998,314594.2799999999,94.37828399999997,rebalance_entry,,0
2020-07-02,300750.SZ,sell,4000,74.88503999999999,299540.16,239.63212799999997,trailing_stop,-0.04813804973653901,1
2020-07-17,000858.SZ,sell,2100,172.44738,362139.498,289.7115984,trailing_stop,0.37251703748602005,46
2020-07-17,002594.SZ,sell,14600,24.805169999999997,362155.48199999996,289.72438559999995,trailing_stop,0.14902401312953084,16
2020-08-03,300750.SZ,buy,3000,98.32822999999999,294984.68999999994,88.49540699999997,rebalance_entry,,0
2020-08-03,600584.SH,buy,5900,44.84479999999999,264584.31999999995,79.37529599999998,rebalance_entry,,0
2020-08-03,000858.SZ,buy,2300,195.9958,450790.34,135.237102,rebalance_entry,,0
2020-08-10,300750.SZ,sell,3000,92.75715,278271.45,222.61716,trailing_stop,-0.056940909028466935,7
2020-08-10,600584.SH,sell,5900,43.8561,258750.99,207.000792,trailing_stop,-0.02234044714514849,7
2020-09-01,000858.SZ,sell,600,214.8849,128930.93999999999,103.14475199999998,rebalance_reduce,0.09604621049961692,29
2020-09-01,600036.SH,buy,10900,26.986959999999996,294157.86399999994,88.24735919999998,rebalance_entry,,0
2020-09-01,000001.SZ,buy,31400,11.962979400840238,375637.5531863835,112.69126595591504,rebalance_entry,,0
2020-09-08,000858.SZ,sell,1700,204.55524,347743.908,278.1951264,trailing_stop,0.043358540501634346,36
2020-09-30,000001.SZ,sell,31400,11.811386677313536,370877.54166764504,296.70203333411604,trailing_stop,-0.012967929779517218,29
2020-09-30,600036.SH,sell,10900,25.7742,280938.78,224.751024,trailing_stop,-0.045225173232468,29
2020-10-09,002594.SZ,buy,11700,38.24820999999999,447504.0569999999,134.25121709999996,rebalance_entry,,0
2020-10-09,600031.SH,buy,19100,23.455431999999995,447998.7511999999,134.39962535999996,rebalance_entry,,0
2020-10-26,600031.SH,sell,19100,21.890088,418100.6808,334.48054463999995,trailing_stop,-0.06701684526138463,17
2020-11-02,002594.SZ,sell,5800,50.759190000000004,294403.302,235.52264160000004,rebalance_reduce,0.3267017413352684,24
2020-11-02,300750.SZ,buy,2700,116.74662999999998,315215.90099999995,94.56477029999998,rebalance_entry,,0
2020-11-02,000001.SZ,buy,35100,14.114076632675815,495404.0898069211,148.6212269420763,rebalance_entry,,0
2020-11-11,002594.SZ,sell,5900,56.08386,330894.77400000003,264.71581920000006,trailing_stop,0.46587356344345543,33
2020-11-12,300750.SZ,sell,2700,123.72614999999999,334060.605,267.24848399999996,trailing_stop,0.05946564185205094,10
2020-12-01,000001.SZ,sell,35100,15.721913347505176,551839.1584974317,441.47132679794527,rebalance_exit,0.11358316927807555,29
2020-12-01,600031.SH,buy,14600,28.770742,420052.8332,126.01584995999998,rebalance_entry,,0
2020-12-01,600584.SH,buy,7300,42.79275,312387.075,93.7161225,rebalance_entry,,0
2020-12-01,600036.SH,buy,14000,33.933899999999994,475074.5999999999,142.52237999999997,rebalance_entry,,0
2020-12-09,600584.SH,sell,7300,43.10685,314680.005,251.744004,trailing_stop,0.00703791701755474,8
2020-12-14,600036.SH,sell,14000,32.78718,459020.52,367.216416,trailing_stop,-0.03408253115730231,13
2021-01-04,600031.SH,sell,14600,33.128838,483681.0348,386.94482784,rebalance_exit,0.15113132394365136,34
2021-01-04,300750.SZ,buy,1700,178.52834999999996,303498.19499999995,91.04945849999997,rebalance_entry,,0
2021-01-04,600519.SH,buy,300,1759.5077499999998,527852.325,158.35569749999996,rebalance_entry,,0
2021-01-04,002594.SZ,buy,6300,60.240179999999995,379513.13399999996,113.85394019999998,rebalance_entry,,0
2021-01-12,300750.SZ,sell,1700,193.37643,328739.931,262.9919448,trailing_stop,0.08284445842724208,8
2021-01-15,002594.SZ,sell,6300,71.10882000000001,447985.56600000005,358.38845280000004,trailing_stop,0.18006775132269603,11
2021-01-20,600519.SH,sell,300,1764.00423,529201.269,423.3610152,trailing_stop,0.002254856475492506,16
2021-02-01,002594.SZ,buy,4700,78.91883999999999,370918.54799999995,111.27556439999998,rebalance_entry,,0
2021-02-01,600036.SH,buy,12500,40.540499999999994,506756.24999999994,152.02687499999996,rebalance_entry,,0
2021-02-01,000001.SZ,buy,24700,18.392330851461782,454290.57203110604,136.2871716093318,rebalance_entry,,0
2021-02-08,002594.SZ,sell,4700,80.08983,376422.201,301.1377608,trailing_stop,0.014533541761674762,7
2021-02-23,000001.SZ,sell,24700,17.860780267178868,441161.272599318,352.9290180794544,trailing_stop,-0.02919190698074403,22
2021-02-25,600036.SH,sell,12500,43.956,549450.0,439.56,trailing_stop,0.08392390707696129,24
2021-03-01,000425.SZ,buy,100500,6.052046,608230.623,182.46918689999998,rebalance_entry,,0
2021-03-01,600519.SH,buy,300,1938.7067699999998,581612.031,174.48360929999998,rebalance_entry,,0
2021-03-05,000425.SZ,sell,100500,5.620374,564847.5869999999,451.87806959999995,trailing_stop,-0.07160514089252534,4
2021-03-09,600519.SH,sell,300,1711.05723,513317.169,410.6537352,trailing_stop,-0.11768809329532282,8
2021-04-01,000425.SZ,buy,85500,6.582575999999999,562810.2479999999,168.84307439999995,rebalance_entry,,0
2021-04-23,000425.SZ,sell,85500,6.629364,566810.622,453.4484976,trailing_stop,0.006805813903830726,22
2021-05-06,300750.SZ,buy,1400,196.26606999999998,274772.49799999996,82.43174939999999,rebalance_entry,,0
2021-05-06,000001.SZ,buy,28700,18.472297507337704,530154.9384605921,159.0464815381776,rebalance_entry,,0
2021-05-06,000858.SZ,buy,1700,259.87962,441795.354,132.53860619999998,rebalance_entry,,0
2021-05-11,000858.SZ,sell,1700,239.60016000000002,407320.27200000006,325.85621760000004,trailing_stop,-0.07831055967548683,5
2021-05-13,300750.SZ,sell,1400,176.06376,246489.264,197.1914112,trailing_stop,-0.10320231758354292,7
2021-06-01,000001.SZ,sell,28700,19.465094725483425,558648.2186213743,446.91857489709946,rebalance_exit,0.05342916552037735,26
2021-06-01,300750.SZ,buy,1800,212.95273999999998,383314.932,114.99447959999998,rebalance_entry,,0
2021-06-01,600036.SH,buy,10500,47.2472,496095.6,148.82868,rebalance_entry,,0
2021-06-01,002371.SZ,buy,2500,136.60446799999997,341511.1699999999,102.45335099999997,rebalance_entry,,0
2021-06-16,600036.SH,sell,10500,44.2557,464684.85,371.74788,trailing_stop,-0.06359684231407459,15
2021-06-17,300750.SZ,sell,1800,214.8849,386792.81999999995,309.43425599999995,trailing_stop,0.008770555682170889,16
2021-07-01,002371.SZ,sell,300,197.862939,59358.881700000005,47.48710536,rebalance_reduce,0.4480024029713574,30
2021-07-01,002594.SZ,buy,5100,80.92084,412696.284,123.80888519999999,rebalance_entry,,0
2021-07-01,300750.SZ,buy,1700,277.90763,472442.97099999996,141.73289129999998,rebalance_entry,,0
2021-07-02,002371.SZ,sell,2200,191.71409400000002,421771.00680000003,337.41680544,trailing_stop,0.40300386822555345,31
2021-07-15,002594.SZ,sell,5100,76.76316,391492.116,313.1936928,trailing_stop,-0.05166409594101584,14
2021-07-19,300750.SZ,sell,1700,279.26046,474742.78200000006,379.79422560000006,trailing_stop,0.004566542443990018,18
2021-08-02,002371.SZ,buy,1300,311.21590499999996,404580.67649999994,121.37420294999997,rebalance_entry,,0
2021-08-02,002594.SZ,buy,4800,89.26917999999999,428492.06399999995,128.54761919999999,rebalance_entry,,0
2021-08-02,300750.SZ,buy,1500,289.26898,433903.47,130.17104099999997,rebalance_entry,,0
2021-08-04,300750.SZ,sell,1500,275.93379,413900.685,331.120548,trailing_stop,-0.04638570409591403,2
2021-08-04,002371.SZ,sell,1300,265.52820599999995,345186.66779999994,276.1493342399999,trailing_stop,-0.1470597512406333,2
2021-08-11,002594.SZ,sell,4800,93.46644,448638.912,358.9111296,trailing_stop,0.04670400778249317,9
2021-09-01,000425.SZ,buy,99500,5.6516459999999995,562338.777,168.70163309999998,rebalance_entry,,0
2021-09-15,000425.SZ,sell,99500,5.980014,595011.3929999999,476.00911439999993,trailing_stop,0.05778396839431332,14
2021-10-08,600519.SH,buy,200,1601.0794799999999,320215.89599999995,96.06476879999998,rebalance_entry,,0
2021-10-08,000425.SZ,buy,54400,5.991985999999999,325964.03839999996,97.78921151999998,rebalance_entry,,0
2021-10-08,300750.SZ,buy,1800,276.48620999999997,497675.17799999996,149.30255339999997,rebalance_entry,,0
2021-10-13,300750.SZ,sell,1800,259.82991,467693.838,374.1550704,trailing_stop,-0.06052463012647691,5
2021-10-13,000425.SZ,sell,54400,5.400594,293792.3136,235.03385088,trailing_stop,-0.09896746959894631,5
2021-10-19,600519.SH,sell,200,1575.4829399999999,315096.588,252.07727039999997,trailing_stop,-0.016282166786036334,11
2021-11-01,300750.SZ,buy,1000,335.98564999999996,335985.64999999997,100.79569499999998,rebalance_entry,,0
2021-11-01,002594.SZ,buy,3700,97.79769999999999,361851.49,108.55544699999999,rebalance_entry,,0
2021-11-01,600036.SH,buy,11300,44.79474999999999,506180.67499999993,151.85420249999996,rebalance_entry,,0
2021-11-10,600036.SH,sell,11300,41.768190000000004,471980.547,377.5844376,trailing_stop,-0.0678447072255185,9
2021-11-16,002594.SZ,sell,3700,95.13477,351998.64900000003,281.5989192,trailing_stop,-0.027520707250155874,15
2021-11-16,300750.SZ,sell,1000,323.65602,323656.02,258.924816,trailing_stop,-0.03698579890448961,15
2021-12-01,000858.SZ,buy,1900,203.42322,386504.11799999996,115.95123539999997,rebalance_entry,,0
2021-12-01,600519.SH,buy,200,1728.7870599999997,345757.41199999995,103.72722359999997,rebalance_entry,,0
2021-12-01,300750.SZ,buy,900,357.67731999999995,321909.58799999993,96.57287639999997,rebalance_entry,,0
2021-12-08,300750.SZ,sell,900,331.8678,298681.02,238.944816,trailing_stop,-0.07243693975579912,7
2021-12-20,000858.SZ,sell,1900,215.14464,408774.816,327.01985279999997,trailing_stop,0.05730366457285685,19
2021-12-30,600519.SH,sell,200,1816.2419399999999,363248.388,290.59871039999996,trailing_stop,0.05027233997849945,29
2022-01-04,600519.SH,buy,200,1833.8920599999997,366778.41199999995,110.03352359999998,rebalance_entry,,0
2022-01-14,600519.SH,sell,200,1652.79555,330559.11,264.44728799999996,trailing_stop,-0.09902011351639328,10
2022-05-05,600519.SH,buy,300,1608.6670599999998,482600.1179999999,144.78003539999995,rebalance_entry,,0
2022-05-05,002594.SZ,buy,6500,79.36928999999999,515900.38499999995,154.77011549999997,rebalance_entry,,0
2022-05-10,002594.SZ,sell,6500,71.85807000000001,467077.4550000001,373.66196400000007,trailing_stop,-0.09490787879938534,5
2022-06-01,600519.SH,sell,300,1577.48094,473244.28199999995,378.59542559999994,rebalance_exit,-0.019680406927269578,27
2022-06-01,002594.SZ,buy,3300,96.65655999999998,318966.6479999999,95.68999439999997,rebalance_entry,,0
2022-06-01,002371.SZ,buy,1500,195.36617099999998,293049.25649999996,87.91477694999998,rebalance_entry,,0
2022-06-01,000425.SZ,buy,109400,4.350346,475927.85240000003,142.77835572,rebalance_entry,,0
2022-06-10,002371.SZ,sell,1500,195.042762,292564.14300000004,234.05131440000002,trailing_stop,-0.001954812739898504,9
2022-07-01,002594.SZ,sell,3300,107.84205,355878.765,284.703012,rebalance_exit,0.11538944783337679,30
2022-07-01,000425.SZ,sell,109400,4.471524,489184.72559999995,391.34778048,rebalance_exit,0.027546531957794773,30
2022-07-01,300750.SZ,buy,800,275.91563999999994,220732.51199999996,66.21975359999998,rebalance_entry,,0
2022-07-01,000858.SZ,buy,2100,185.49531,389540.15099999995,116.86204529999998,rebalance_entry,,0
2022-07-01,600519.SH,buy,200,1855.5837299999998,371116.746,111.33502379999999,rebalance_entry,,0
2022-07-12,000858.SZ,sell,2100,171.83799,360859.779,288.68782319999997,trailing_stop,-0.073904056853077,11
2022-07-12,300750.SZ,sell,800,267.60213,214081.704,171.2653632,trailing_stop,-0.030421496084931388,11
2022-07-29,600519.SH,sell,200,1692.13617,338427.234,270.7417872,trailing_stop,-0.08835766662193067,28
2022-12-01,600036.SH,buy,9000,28.198169999999998,253783.52999999997,76.13505899999998,rebalance_entry,,0
2022-12-01,000001.SZ,buy,32000,10.977719428781077,351287.02172099444,105.38610651629833,rebalance_entry,,0
2022-12-01,000425.SZ,buy,105700,4.580575999999999,484166.88319999987,145.25006495999995,rebalance_entry,,0
2022-12-26,000425.SZ,sell,105700,4.351644,459968.77080000006,367.97501664000004,trailing_stop,-0.05026378815011412,25
2023-01-03,000001.SZ,sell,32000,10.80839866885359,345868.75740331487,276.6950059226519,rebalance_exit,-0.01571932204894788,33
2023-01-03,000858.SZ,buy,1800,164.39422999999996,295909.61399999994,88.77288419999998,rebalance_entry,,0
2023-01-03,600036.SH,buy,1000,29.37935,29379.35,8.813804999999999,rebalance_add,,0
2023-01-03,600519.SH,buy,300,1553.3918399999998,466017.5519999999,139.80526559999996,rebalance_entry,,0
2023-02-01,600519.SH,sell,300,1673.94438,502183.31399999995,401.7466512,rebalance_exit,0.07728282343482085,29
2023-02-01,000858.SZ,sell,300,191.53826999999998,57461.48099999999,45.969184799999994,rebalance_reduce,0.1647660976439036,29
2023-02-01,600036.SH,buy,3400,33.943909999999995,115409.29399999998,34.62278819999999,rebalance_add,,0
2023-02-01,000001.SZ,buy,35800,12.331474066859458,441466.7715935686,132.44003147807058,rebalance_entry,,0
2023-02-06,600036.SH,sell,13400,30.95901,414850.734,331.8805872,trailing_stop,0.0405300298388831,67
2023-02-07,000858.SZ,sell,1500,184.74507,277117.605,221.69408399999998,trailing_stop,0.12345587251492773,35
2023-02-14,000001.SZ,sell,35800,11.340630421486534,405994.5690892179,324.79565527137436,trailing_stop,-0.08062659895792557,13
2023-03-01,000425.SZ,buy,46800,6.4023959999999995,299632.13279999996,89.88963983999999,rebalance_entry,,0
2023-03-01,600031.SH,buy,18800,17.732715,333375.04199999996,100.01251259999998,rebalance_entry,,0
2023-03-01,600584.SH,buy,17200,27.637609999999995,475366.89199999993,142.61006759999998,rebalance_entry,,0
2023-03-10,600031.SH,sell,18800,16.778205000000003,315430.2540000001,252.34420320000007,trailing_stop,-0.05411139534551923,9
2023-03-16,000425.SZ,sell,46800,6.169824,288747.7632,230.99821056,trailing_stop,-0.03661479110045274,15
2023-04-03,600584.SH,sell,5800,31.97799,185472.342,148.3778736,rebalance_reduce,0.1566991313704753,33
2023-04-03,002371.SZ,buy,1300,197.81761999999998,257162.90599999996,77.14887179999998,rebalance_entry,,0
2023-04-03,600519.SH,buy,300,1647.2856399999998,494185.6919999999,148.25570759999997,rebalance_entry,,0
2023-04-13,600519.SH,sell,300,1509.1293600000001,452738.808,362.1910464,trailing_stop,-0.08414380582294845,10
2023-04-14,002371.SZ,sell,1300,219.548232,285412.70160000003,228.33016128000003,trailing_stop,0.10951889565658957,11
2023-04-14,600584.SH,sell,11400,34.60536,394501.104,315.6008832,trailing_stop,0.2517356423203143,44
2023-05-04,002371.SZ,buy,2100,245.77653099999998,516130.7151,154.83921452999996,rebalance_entry,,0
2023-05-04,300750.SZ,buy,2400,212.51229999999998,510029.51999999996,153.00885599999998,rebalance_entry,,0
2023-05-09,002371.SZ,sell,2100,220.458321,462962.47410000005,370.36997928000005,trailing_stop,-0.10328214641861677,5
2023-05-24,300750.SZ,sell,2400,205.8939,494145.36,395.316288,trailing_stop,-0.03143417884567834,20
2023-06-01,600584.SH,buy,16100,30.40037,489445.957,146.8337871,rebalance_entry,,0
2023-06-29,600584.SH,sell,16100,30.619349999999997,492971.535,394.37722799999995,trailing_stop,0.006901131463696641,28
2023-07-03,000425.SZ,buy,55700,6.2222159999999995,346577.4312,103.97322935999999,rebalance_entry,,0
2023-07-03,600031.SH,buy,26800,15.920904999999998,426680.25399999996,128.0040762,rebalance_entry,,0
2023-07-03,002371.SZ,buy,1300,237.02678999999998,308134.827,92.44044809999998,rebalance_entry,,0
2023-07-06,002371.SZ,sell,1300,214.738047,279159.4611,223.32756888,trailing_stop,-0.09430640769961884,3
2023-08-01,600031.SH,sell,26800,16.748235,448852.69800000003,359.0821584,rebalance_exit,0.05164951592821421,29
2023-08-01,000425.SZ,sell,55700,6.479514,360908.9298,288.72714384,rebalance_exit,0.04103919387905619,29
2023-08-01,600036.SH,buy,10300,29.569539999999996,304566.262,91.36987859999999,rebalance_entry,,0
2023-08-01,600519.SH,buy,200,1726.2845599999998,345256.91199999995,103.57707359999998,rebalance_entry,,0
2023-08-01,000858.SZ,buy,1900,168.86869999999996,320850.5299999999,96.25515899999996,rebalance_entry,,0
2023-08-14,600036.SH,sell,10300,26.783189999999998,275866.85699999996,220.69348559999997,trailing_stop,-0.09450206351657242,13
2023-08-15,000858.SZ,sell,1900,155.46438,295382.322,236.30585759999997,trailing_stop,-0.07965327693291913,14
2023-09-01,600519.SH,sell,200,1697.68062,339536.124,271.6288992,rebalance_exit,-0.01686459585815203,31
2023-10-09,600036.SH,buy,17500,26.73671,467892.425,140.36772749999997,rebalance_entry,,0
2023-10-31,600036.SH,sell,17500,24.72525,432691.875,346.1535,trailing_stop,-0.07550949052425981,22
2023-12-01,600519.SH,buy,200,1637.4958599999998,327499.17199999996,98.24975159999998,rebalance_entry,,0
2023-12-15,600519.SH,sell,200,1493.28522,298657.044,238.9256352,trailing_stop,-0.08834128668309216,14
2024-01-02,002371.SZ,buy,2400,180.07689699999997,432184.55279999995,129.65536583999997,rebalance_entry,,0
2024-01-09,002371.SZ,sell,2400,166.271562,399051.7488,319.24139904,trailing_stop,-0.07694047231748657,7
2024-02-01,600036.SH,buy,17300,24.704679999999996,427390.9639999999,128.21728919999995,rebalance_entry,,0
2024-03-01,600036.SH,sell,17300,25.90407,448140.411,358.5123288,rebalance_exit,0.04823463042901621,29
2024-03-01,000001.SZ,buy,37800,8.900398974663327,336435.08124227374,100.93052437268211,rebalance_entry,,0
2024-03-01,002371.SZ,buy,1200,209.936727,251924.07239999998,75.57722171999998,rebalance_entry,,0
2024-03-01,000858.SZ,buy,2900,129.18905999999998,374648.274,112.39448219999998,rebalance_entry,,0
2024-04-01,000001.SZ,sell,37800,8.823901784357734,333543.48744872236,266.83478995897786,rebalance_exit,-0.008892136987702526,31
2024-04-01,002371.SZ,sell,1200,225.796977,270956.3724,216.76509792000002,rebalance_exit,0.0752251949823588,31
2024-04-01,300750.SZ,buy,1100,175.4753,193022.83000000002,57.906849,rebalance_entry,,0
2024-04-01,000858.SZ,buy,300,141.65150999999997,42495.452999999994,12.748635899999996,rebalance_add,,0
2024-04-01,002594.SZ,buy,5600,65.39532999999999,366213.84799999994,109.86415439999998,rebalance_entry,,0
2024-04-09,000858.SZ,sell,3200,133.37649,426804.768,341.44381439999995,trailing_stop,0.022853125561945298,39
2024-05-06,002594.SZ,sell,5600,72.56736,406377.21599999996,325.10177279999994,rebalance_exit,0.10933909686064247,35
2024-05-06,600031.SH,buy,24200,15.670654999999998,379229.85099999997,113.76895529999997,rebalance_entry,,0
2024-05-06,000425.SZ,buy,43200,6.5525459999999995,283069.9872,84.92099615999999,rebalance_entry,,0
2024-05-06,300750.SZ,buy,900,197.52732999999998,177774.59699999998,53.33237909999999,rebalance_add,,0
2024-05-30,000425.SZ,sell,43200,6.819173999999999,294588.3168,235.67065343999997,trailing_stop,0.040378634708035266,24
2024-05-31,600031.SH,sell,24200,15.399584999999998,372669.95699999994,298.13596559999996,trailing_stop,-0.017592659014764478,25
2024-06-03,300750.SZ,sell,2000,183.90591,367811.82,294.249456,rebalance_exit,-0.008349349880640067,63
2024-06-03,002594.SZ,buy,4400,74.05398,325837.512,97.75125359999998,rebalance_entry,,0
2024-06-03,000425.SZ,buy,38400,6.622615999999999,254308.45439999996,76.29253631999998,rebalance_entry,,0
2024-06-03,000001.SZ,buy,49600,9.345839149976978,463553.6218388581,139.06608655165743,rebalance_entry,,0
2024-06-28,000425.SZ,sell,38400,6.439553999999999,247278.87359999996,197.82309887999997,trailing_stop,-0.027933566858467263,25
2024-07-01,000001.SZ,sell,49600,9.06769873381388,449757.8571971685,359.8062857577348,rebalance_exit,-0.030051866443239872,28
2024-07-01,600584.SH,buy,9300,31.291259999999998,291008.718,87.3026154,rebalance_entry,,0
2024-07-01,002594.SZ,buy,600,81.14106,48684.636,14.605390799999999,rebalance_add,,0
2024-07-01,002371.SZ,buy,1500,234.33109699999997,351496.6455,105.44899364999999,rebalance_entry,,0
2024-07-24,600584.SH,sell,9300,33.31665,309844.84500000003,247.875876,trailing_stop,0.06440769731225982,23
2024-07-26,002371.SZ,sell,1500,240.44931,360673.96499999997,288.53917199999995,trailing_stop,0.02580152578275907,25
2024-07-31,002594.SZ,sell,5000,79.47045,397352.25,317.8818,trailing_stop,0.060639757080473755,58
2024-08-01,002371.SZ,buy,1400,253.50625299999996,354908.75419999997,106.47262625999998,rebalance_entry,,0
2024-08-01,600031.SH,buy,27000,15.439423999999997,416864.4479999999,125.05933439999997,rebalance_entry,,0
2024-08-01,600584.SH,buy,8300,33.583549999999995,278743.46499999997,83.62303949999998,rebalance_entry,,0
2024-08-06,002371.SZ,sell,1400,241.396362,337954.9068,270.36392544,trailing_stop,-0.04805517830537753,5
2024-08-06,600584.SH,sell,8300,30.21975,250823.92500000002,200.65914,trailing_stop,-0.1004320033480135,5
2024-09-02,600031.SH,sell,1400,15.478506,21669.9084,17.33592672,rebalance_reduce,0.0022306428560903147,32
2024-09-02,002594.SZ,buy,3300,81.43134999999998,268723.45499999996,80.61703649999998,rebalance_entry,,0
2024-09-02,300750.SZ,buy,2100,170.94077,358975.61699999997,107.69268509999998,rebalance_entry,,0
2024-09-10,600031.SH,sell,25600,14.749236,377580.4416,302.06435328,trailing_stop,-0.044989466172239756,40
2024-10-08,300750.SZ,sell,700,282.04767,197433.36899999998,157.94669519999997,rebalance_reduce,0.649478243696207,36
2024-10-08,000858.SZ,buy,2000,170.61043999999998,341220.87999999995,102.36626399999997,rebalance_entry,,0
2024-10-08,002594.SZ,buy,1600,111.47135999999999,178354.17599999998,53.50625279999999,rebalance_add,,0
2024-10-09,000858.SZ,sell,2000,151.52832,303056.64,242.445312,trailing_stop,-0.11211251118361354,1
2024-10-10,002594.SZ,sell,4900,101.90799,499349.151,399.4793208,trailing_stop,0.11658324319662783,38
2024-10-10,300750.SZ,sell,1400,241.08867,337524.13800000004,270.0193104,trailing_stop,0.4099407946417515,38
2024-11-01,600584.SH,buy,11700,41.691649999999996,487792.30499999993,146.33769149999998,rebalance_entry,,0
2024-11-01,002371.SZ,buy,1400,285.33104599999996,399463.46439999994,119.83903931999997,rebalance_entry,,0
2024-11-01,300750.SZ,buy,1100,233.09286,256402.146,76.9206438,rebalance_entry,,0
2024-11-15,002371.SZ,sell,1400,328.094577,459332.40780000004,367.46592624000004,trailing_stop,0.14952853096313978,14
2024-11-15,600584.SH,sell,11700,43.58637,509960.52900000004,407.9684232,trailing_stop,0.04513249081283255,14
2024-11-18,300750.SZ,sell,1100,251.63810999999998,276801.921,221.4415368,trailing_stop,0.07923786772206443,17
2024-12-02,002371.SZ,buy,1200,303.94163799999995,364729.96559999994,109.41898967999997,rebalance_entry,,0
2024-12-02,300750.SZ,buy,2000,245.21496999999997,490429.93999999994,147.12898199999998,rebalance_entry,,0
2024-12-02,600584.SH,buy,9900,38.978939999999994,385891.50599999994,115.76745179999998,rebalance_entry,,0
2024-12-12,002371.SZ,sell,1200,287.017695,344421.234,275.5369872,trailing_stop,-0.05596476546150131,10
2025-01-02,300750.SZ,sell,2000,252.32742000000002,504654.84,403.72387200000003,rebalance_exit,0.028696349479222505,31
2025-01-02,600584.SH,sell,2700,40.56939,109537.353,87.6298824,rebalance_reduce,0.04049065554758702,31
2025-01-02,600036.SH,buy,11700,35.36532999999999,413774.3609999999,124.13230829999996,rebalance_entry,,0
2025-01-02,000001.SZ,buy,52700,10.793669432644164,568826.3791003474,170.6479137301042,rebalance_entry,,0
2025-01-03,600584.SH,sell,7200,37.85211,272535.19200000004,218.02815360000002,trailing_stop,-0.02919992763609769,32
2025-02-05,000001.SZ,sell,52700,10.560885940737222,556558.6890768516,445.2469512614813,rebalance_exit,-0.02186011059231463,34
2025-02-05,600036.SH,buy,3500,36.86682999999999,129033.90499999997,38.71017149999999,rebalance_add,,0
2025-03-03,600036.SH,sell,15200,38.0619,578540.88,462.83270400000004,rebalance_exit,0.06550951047798415,60
2025-03-03,002594.SZ,buy,2700,121.80167999999999,328864.53599999996,98.65936079999999,rebalance_entry,,0
2025-03-03,002371.SZ,buy,1100,329.39706799999993,362336.77479999996,108.70103243999998,rebalance_entry,,0
2025-03-03,000425.SZ,buy,67300,8.434425999999998,567636.8697999999,170.29106093999994,rebalance_entry,,0
2025-03-14,002371.SZ,sell,1100,318.896784,350786.4624,280.62916992,trailing_stop,-0.03216763405768086,11
2025-03-25,000425.SZ,sell,67300,8.487504000000001,571209.0192000001,456.96721536000007,trailing_stop,0.005991221269386671,22
2025-03-26,002594.SZ,sell,2700,121.74813,328719.951,262.9759608,trailing_stop,-0.0007394272801040103,23
2025-04-01,600519.SH,buy,300,1485.9044199999998,445771.32599999994,133.73139779999997,rebalance_entry,,0
2025-04-01,002594.SZ,buy,2500,124.72459999999998,311811.49999999994,93.54344999999998,rebalance_entry,,0
2025-04-01,600036.SH,buy,11700,39.29926,459801.34199999995,137.94040259999997,rebalance_entry,,0
2025-04-08,002594.SZ,sell,2500,105.82407,264560.175,211.64814,trailing_stop,-0.1517925709899255,7
2025-05-06,600036.SH,sell,11700,36.84312,431064.504,344.8516032,rebalance_exit,-0.0627795439688601,35
2025-05-06,600519.SH,sell,300,1477.9405800000002,443382.17400000006,354.70573920000004,rebalance_exit,-0.005657893661316193,35
2025-05-06,002371.SZ,buy,1500,335.52919399999996,503293.79099999997,150.98813729999998,rebalance_entry,,0
2025-05-06,000425.SZ,buy,63000,8.484476,534521.988,160.3565964,rebalance_entry,,0
2025-05-16,000425.SZ,sell,63000,8.027963999999999,505761.73199999996,404.6093856,trailing_stop,-0.05408933526359572,10
2025-05-23,002371.SZ,sell,1500,311.371317,467056.97549999994,373.6455804,trailing_stop,-0.07227764621902322,17
2025-06-03,300750.SZ,buy,1000,244.33408999999997,244334.08999999997,73.30022699999998,rebalance_entry,,0
2025-06-03,000001.SZ,buy,47800,10.618835912422304,507580.35661378613,152.27410698413584,rebalance_entry,,0
2025-06-03,600036.SH,buy,9500,39.519479999999994,375435.05999999994,112.63051799999997,rebalance_entry,,0
2025-07-01,000001.SZ,sell,10800,11.422159207613948,123359.31944223064,98.6874555537845,rebalance_reduce,0.07532818867458291,28
2025-07-01,300750.SZ,sell,1000,244.34541000000002,244345.41,195.476328,rebalance_exit,-0.00025359391523471775,28
2025-07-01,600036.SH,buy,700,41.981939999999994,29387.357999999997,8.816207399999998,rebalance_add,,0
2025-07-01,002371.SZ,buy,1000,326.631305,326631.305,97.98939149999998,rebalance_entry,,0
2025-08-01,000001.SZ,sell,37000,11.592639195787294,428927.6502441299,343.1421201953039,trailing_stop,0.0913778631324127,59
2025-08-01,600036.SH,sell,10200,42.43752,432862.70399999997,346.29016319999994,rebalance_exit,0.06894496177521381,59
2025-08-01,002371.SZ,sell,1000,332.904762,332904.762,266.3238096,rebalance_exit,0.018900869051246882,31
2025-08-01,600031.SH,buy,16000,19.561542,312984.67199999996,93.89540159999999,rebalance_entry,,0
2025-08-01,000425.SZ,buy,44000,8.179170999999998,359883.5239999999,107.96505719999996,rebalance_entry,,0
2025-08-01,600584.SH,buy,15400,34.91488,537689.152,161.3067456,rebalance_entry,,0
2025-09-01,600584.SH,sell,4200,41.828129999999994,175678.14599999998,140.5425168,rebalance_reduce,0.19764367869523491,31
2025-09-01,600031.SH,sell,16000,20.871108,333937.728,267.1501824,rebalance_exit,0.06662596156460321,31
2025-09-01,300750.SZ,buy,1200,299.88958999999994,359867.5079999999,107.96025239999996,rebalance_entry,,0
2025-09-01,000425.SZ,buy,13900,9.360351,130108.8789,39.03266367,rebalance_add,,0
2025-09-03,600584.SH,sell,11200,38.8611,435244.32,348.19545600000004,trailing_stop,0.11269021020407544,33
2025-10-09,300750.SZ,sell,100,392.67692999999997,39267.693,31.4141544,rebalance_reduce,0.3090123009982595,38
2025-10-09,000425.SZ,sell,1900,11.239749,21355.5231,17.084418479999997,rebalance_reduce,0.32774771070361086,69
2025-10-09,002371.SZ,buy,1000,456.6942379999999,456694.23799999995,137.00827139999998,rebalance_entry,,0
2025-10-13,300750.SZ,sell,1100,355.59405,391153.45499999996,312.922764,trailing_stop,0.18539427720337476,42
2025-10-14,002371.SZ,sell,1000,439.947612,439947.61199999996,351.9580896,trailing_stop,-0.03695814244144224,5
2025-10-21,000425.SZ,sell,56000,10.800189,604810.584,483.8484672,trailing_stop,0.27582263802477436,81
2025-11-03,000425.SZ,buy,62400,10.431420999999999,650920.6704,195.27620111999997,rebalance_entry,,0
2025-11-03,600031.SH,buy,29300,22.20218,650523.874,195.15716219999996,rebalance_entry,,0
2025-11-17,000425.SZ,sell,62400,9.921069,619074.7056,495.25976448,trailing_stop,-0.04920973164361586,14
2025-11-18,600031.SH,sell,29300,20.54943,602098.299,481.6786392,trailing_stop,-0.07471847269529219,15
2025-12-01,600036.SH,buy,13500,41.10106,554864.3099999999,166.45929299999997,rebalance_entry,,0
2025-12-01,002371.SZ,buy,500,427.585158,213792.579,64.1377737,rebalance_entry,,0
2025-12-01,000001.SZ,buy,55000,11.241670702693366,618291.8886481351,185.48756659444052,rebalance_entry,,0
2026-01-05,000001.SZ,sell,55000,11.045118635272788,607481.5249400033,485.9852199520026,rebalance_exit,-0.017778906226164848,35
2026-01-05,600036.SH,sell,13500,40.41954,545663.7899999999,436.5310319999999,rebalance_exit,-0.016876504531328496,35
2026-01-05,000425.SZ,buy,54300,11.382371,618062.7453,185.41882358999996,rebalance_entry,,0
2026-01-05,002371.SZ,buy,800,467.70523799999995,374164.19039999996,112.24925711999998,rebalance_add,,0
2026-01-22,000425.SZ,sell,54300,10.820169,587535.1767,470.02814135999995,trailing_stop,-0.04967744217587422,17
2026-01-30,002371.SZ,sell,1300,471.186342,612542.2446,490.03379567999997,trailing_stop,0.04150265616261217,60
2026-02-02,600584.SH,buy,6300,48.38834,304846.542,91.4539626,rebalance_entry,,0
2026-02-02,600031.SH,buy,27500,22.05203,606430.825,181.92924749999997,rebalance_entry,,0
2026-02-02,002371.SZ,buy,900,471.36889799999994,424232.0081999999,127.26960245999996,rebalance_entry,,0
2026-02-06,600584.SH,sell,6300,43.84611,276230.493,220.9843944,trailing_stop,-0.09414209886170066,4
2026-03-02,002371.SZ,sell,900,463.334202,417000.7818,333.60062544,rebalance_exit,-0.017340250083763387,28
2026-03-02,600031.SH,sell,6900,22.977,158541.3,126.83303999999998,rebalance_reduce,0.04163240152084913,28
2026-03-02,000425.SZ,buy,35700,11.902890999999999,424933.20869999996,127.47996260999997,rebalance_entry,,0
2026-03-02,600519.SH,buy,300,1423.4019799999999,427020.594,128.1061782,rebalance_entry,,0
2026-03-04,600031.SH,sell,20600,21.978,452746.80000000005,362.19744000000003,trailing_stop,-0.0036559637626660813,30
2026-03-13,000425.SZ,sell,35700,11.199789,399832.4673,319.86597384000004,trailing_stop,-0.05935204556786178,11
2026-04-01,600519.SH,sell,300,1435.03353,430510.05899999995,344.40804719999994,rebalance_exit,0.007869294277139893,30
2026-04-01,300750.SZ,buy,800,403.22281999999996,322578.25599999994,96.77347679999997,rebalance_entry,,0
2026-04-01,002594.SZ,buy,3600,106.0059,381621.24,114.48637199999999,rebalance_entry,,0
2026-04-01,000001.SZ,buy,54500,10.747424835592195,585734.6535397746,175.72039606193235,rebalance_entry,,0
2026-04-08,002594.SZ,sell,3600,98.4015,354245.4,283.39632,trailing_stop,-0.07201402560160375,7
2026-05-06,000001.SZ,sell,54500,11.12249249611533,606175.8410382854,484.9406728306283,rebalance_exit,0.03458799844473859,35
2026-05-06,002371.SZ,buy,600,554.792238,332875.3428,99.86260283999998,rebalance_entry,,0
2026-05-06,600584.SH,buy,10600,47.807759999999995,506762.25599999994,152.02867679999997,rebalance_entry,,0
2026-05-06,300750.SZ,buy,200,457.9574999999999,91591.49999999999,27.477449999999994,rebalance_add,,0
2026-05-13,300750.SZ,sell,1000,430.57899,430578.99,344.46319199999994,trailing_stop,0.039307793018780846,42
2026-05-22,002371.SZ,sell,600,661.605732,396963.4392,317.57075136000003,trailing_stop,0.19217116697847136,16
2026-05-28,600584.SH,sell,10600,82.82709,877967.154,702.3737232,trailing_stop,0.731983454677702,22
2026-06-01,600584.SH,buy,9500,80.07999999999998,760759.9999999999,228.22799999999995,rebalance_entry,,0
2026-06-01,002371.SZ,buy,1200,624.8522279999999,749822.6735999999,224.94680207999994,rebalance_entry,,0
2026-06-02,600584.SH,sell,9500,76.68324000000001,728490.7800000001,582.7926240000002,trailing_stop,-0.04270427163559187,1
2026-06-09,002371.SZ,sell,1200,599.657742,719589.2903999999,575.6714323199999,trailing_stop,-0.040608528276847355,8
2026-07-01,002371.SZ,buy,800,884.681798,707745.4384,212.32363151999996,rebalance_entry,,0
2026-07-01,600584.SH,buy,6900,105.60549999999999,728677.95,218.60338499999997,rebalance_entry,,0
2026-07-03,002371.SZ,sell,800,798.21099,638568.792,510.8550336,trailing_stop,-0.09801286708461943,2
2026-07-03,600584.SH,sell,6900,93.3066,643815.54,515.052432,trailing_stop,-0.11672577266264084,2
