model,model_zh,quarter_index,quarter,ts_code,stock_name,prediction_rank,weight,prediction_score,forward_return
decision_tree,决策树,8098,2024Q2,000977,浪潮信息,1,0.0333333333,0.6467932391,0.2724409449
decision_tree,决策树,8098,2024Q2,605117,德业股份,2,0.0333333333,0.6467932391,0.4626472076
decision_tree,决策树,8098,2024Q2,600600,青岛啤酒,3,0.0333333333,0.6191611946,0.1861587432
decision_tree,决策树,8098,2024Q2,603369,今世缘,4,0.0333333333,0.6191611946,0.2078807579
decision_tree,决策树,8098,2024Q2,600549,厦门钨业,5,0.0333333333,0.6191611946,0.2542177423
decision_tree,决策树,8098,2024Q2,000001,平安银行,6,0.0333333333,0.5297918416,0.2701948960
decision_tree,决策树,8098,2024Q2,000333,美的集团,7,0.0333333333,0.5297918416,0.2417428904
decision_tree,决策树,8098,2024Q2,000063,中兴通讯,8,0.0333333333,0.5297918416,0.2321751765
decision_tree,决策树,8098,2024Q2,002001,新和成,9,0.0333333333,0.5297918416,0.2349320841
decision_tree,决策树,8098,2024Q2,002353,杰瑞股份,10,0.0333333333,0.5297918416,0.0296341922
decision_tree,决策树,8098,2024Q2,002311,海大集团,11,0.0333333333,0.5297918416,0.1242414356
decision_tree,决策树,8098,2024Q2,300866,安克创新,12,0.0333333333,0.5297918416,0.3927075886
decision_tree,决策树,8098,2024Q2,300760,迈瑞医疗,13,0.0333333333,0.5297918416,0.2081370588
decision_tree,决策树,8098,2024Q2,600039,四川路桥,14,0.0333333333,0.5297918416,0.0403003202
decision_tree,决策树,8098,2024Q2,600028,中国石化,15,0.0333333333,0.5297918416,0.1500824629
decision_tree,决策树,8098,2024Q2,600025,华能水电,16,0.0333333333,0.5297918416,0.1426160338
decision_tree,决策树,8098,2024Q2,600104,上汽集团,17,0.0333333333,0.5297918416,0.0956567727
decision_tree,决策树,8098,2024Q2,600050,中国联通,18,0.0333333333,0.5297918416,0.2337514253
decision_tree,决策树,8098,2024Q2,600015,华夏银行,19,0.0333333333,0.5297918416,0.1671602501
decision_tree,决策树,8098,2024Q2,302132,中航成飞,20,0.0333333333,0.5297918416,0.3679440903
decision_tree,决策树,8098,2024Q2,001965,招商公路,21,0.0333333333,0.5297918416,0.1580502216
decision_tree,决策树,8098,2024Q2,000999,华润三九,22,0.0333333333,0.5297918416,0.2071752173
decision_tree,决策树,8098,2024Q2,000725,京东方A,23,0.0333333333,0.5297918416,0.1766250821
decision_tree,决策树,8098,2024Q2,000651,格力电器,24,0.0333333333,0.5297918416,0.2766631663
decision_tree,决策树,8098,2024Q2,600875,东方电气,25,0.0333333333,0.5297918416,-0.0283142696
decision_tree,决策树,8098,2024Q2,600893,航发动力,26,0.0333333333,0.5297918416,0.2386142797
decision_tree,决策树,8098,2024Q2,601328,交通银行,27,0.0333333333,0.5297918416,0.0649635036
decision_tree,决策树,8098,2024Q2,601398,工商银行,28,0.0333333333,0.5297918416,0.1199586350
decision_tree,决策树,8098,2024Q2,601669,中国电建,29,0.0333333333,0.5297918416,0.1136023916
decision_tree,决策树,8098,2024Q2,601838,成都银行,30,0.0333333333,0.5297918416,0.1534216336
decision_tree,决策树,8099,2024Q3,002460,赣锋锂业,1,0.0333333333,0.8619791667,-0.0707796610
decision_tree,决策树,8099,2024Q3,300394,天孚通信,2,0.0333333333,0.8619791667,-0.2329972360
decision_tree,决策树,8099,2024Q3,300442,润泽科技,3,0.0333333333,0.8619791667,0.3530566461
decision_tree,决策树,8099,2024Q3,300760,迈瑞医疗,4,0.0333333333,0.8619791667,-0.2524769662
decision_tree,决策树,8099,2024Q3,300124,汇川技术,5,0.0333333333,0.8619791667,-0.2095644319
decision_tree,决策树,8099,2024Q3,300418,昆仑万维,6,0.0333333333,0.8619791667,-0.1379020037
decision_tree,决策树,8099,2024Q3,600809,山西汾酒,7,0.0333333333,0.8619791667,-0.2259784045
decision_tree,决策树,8099,2024Q3,600160,巨化股份,8,0.0333333333,0.8619791667,0.0201718184
decision_tree,决策树,8099,2024Q3,688036,传音控股,9,0.0333333333,0.8619791667,-0.2404865876
decision_tree,决策树,8099,2024Q3,601872,招商轮船,10,0.0333333333,0.8619791667,-0.2273764259
decision_tree,决策树,8099,2024Q3,688111,金山办公,11,0.0333333333,0.8619791667,-0.1074049986
decision_tree,决策树,8099,2024Q3,688271,联影医疗,12,0.0333333333,0.8619791667,-0.1599212857
decision_tree,决策树,8099,2024Q3,601689,拓普集团,13,0.0333333333,0.8619791667,-0.0358918723
decision_tree,决策树,8099,2024Q3,688072,拓荆科技,14,0.0333333333,0.8619791667,-0.1051715040
decision_tree,决策树,8099,2024Q3,603369,今世缘,15,0.0333333333,0.8619791667,-0.1967180834
decision_tree,决策树,8099,2024Q3,603019,中科曙光,16,0.0333333333,0.8619791667,0.3678522116
decision_tree,决策树,8099,2024Q3,688472,阿特斯,17,0.0333333333,0.8619791667,-0.2452380952
decision_tree,决策树,8099,2024Q3,601127,赛力斯,18,0.0333333333,0.8619791667,0.3249101079
decision_tree,决策树,8099,2024Q3,000776,广发证券,19,0.0333333333,0.5772360479,-0.0876372143
decision_tree,决策树,8099,2024Q3,000166,申万宏源,20,0.0333333333,0.5772360479,-0.1339001063
decision_tree,决策树,8099,2024Q3,002353,杰瑞股份,21,0.0333333333,0.5734169209,0.0150221011
decision_tree,决策树,8099,2024Q3,600028,中国石化,22,0.0333333333,0.5734169209,-0.0736137667
decision_tree,决策树,8099,2024Q3,002714,牧原股份,23,0.0333333333,0.5734169209,-0.2151250410
decision_tree,决策树,8099,2024Q3,000001,平安银行,24,0.0333333333,0.5734169209,-0.0926026867
decision_tree,决策树,8099,2024Q3,600460,士兰微,25,0.0333333333,0.5734169209,0.0366305468
decision_tree,决策树,8099,2024Q3,600522,中天科技,26,0.0333333333,0.5734169209,-0.1504978663
decision_tree,决策树,8099,2024Q3,600760,中航沈飞,27,0.0333333333,0.5734169209,-0.0231256133
decision_tree,决策树,8099,2024Q3,600585,海螺水泥,28,0.0333333333,0.5734169209,-0.1127036814
decision_tree,决策树,8099,2024Q3,000725,京东方A,29,0.0333333333,0.5734169209,-0.0954241071
decision_tree,决策树,8099,2024Q3,000938,紫光股份,30,0.0333333333,0.5734169209,0.0344827586
decision_tree,决策树,8100,2024Q4,002236,大华股份,1,0.0333333333,0.6211072742,0.0637116097
decision_tree,决策树,8100,2024Q4,000999,华润三九,2,0.0333333333,0.6211072742,-0.0415416571
decision_tree,决策树,8100,2024Q4,600039,四川路桥,3,0.0333333333,0.6211072742,0.0720150910
decision_tree,决策树,8100,2024Q4,300498,温氏股份,4,0.0333333333,0.6211072742,0.0066908280
decision_tree,决策树,8100,2024Q4,300308,中际旭创,5,0.0333333333,0.6211072742,-0.1921412476
decision_tree,决策树,8100,2024Q4,002938,鹏鼎控股,6,0.0333333333,0.6211072742,-0.0017641129
decision_tree,决策树,8100,2024Q4,002532,天山铝业,7,0.0333333333,0.6211072742,0.1059548921
decision_tree,决策树,8100,2024Q4,002475,立讯精密,8,0.0333333333,0.6211072742,0.0072338731
decision_tree,决策树,8100,2024Q4,600025,华能水电,9,0.0333333333,0.6211072742,-0.0304182510
decision_tree,决策树,8100,2024Q4,601006,大秦铁路,10,0.0333333333,0.6211072742,-0.0184397163
decision_tree,决策树,8100,2024Q4,601669,中国电建,11,0.0333333333,0.6211072742,-0.0997023810
decision_tree,决策树,8100,2024Q4,601901,方正证券,12,0.0333333333,0.6211072742,-0.0587557604
decision_tree,决策树,8100,2024Q4,688223,晶科能源,13,0.0333333333,0.6211072742,-0.0845637584
decision_tree,决策树,8100,2024Q4,601633,长城汽车,14,0.0333333333,0.6211072742,-0.0097632140
decision_tree,决策树,8100,2024Q4,601872,招商轮船,15,0.0333333333,0.6211072742,0.0137795276
decision_tree,决策树,8100,2024Q4,601059,信达证券,16,0.0333333333,0.6211072742,0.0953333333
decision_tree,决策树,8100,2024Q4,600905,三峡能源,17,0.0333333333,0.6211072742,-0.0305676856
decision_tree,决策树,8100,2024Q4,600585,海螺水泥,18,0.0333333333,0.6211072742,0.0127529332
decision_tree,决策树,8100,2024Q4,601111,中国国航,19,0.0333333333,0.6211072742,-0.0854893138
decision_tree,决策树,8100,2024Q4,600690,海尔智家,20,0.0333333333,0.6211072742,-0.0316988665
decision_tree,决策树,8100,2024Q4,600522,中天科技,21,0.0333333333,0.6211072742,0.0239450770
decision_tree,决策树,8100,2024Q4,600426,华鲁恒升,22,0.0333333333,0.6211072742,0.0177984446
decision_tree,决策树,8100,2024Q4,600809,山西汾酒,23,0.0333333333,0.6211072742,0.1694979104
decision_tree,决策树,8100,2024Q4,600050,中国联通,24,0.0333333333,0.5915178062,0.0418743769
decision_tree,决策树,8100,2024Q4,601018,宁波港,25,0.0333333333,0.5915178062,-0.0241448692
decision_tree,决策树,8100,2024Q4,601166,兴业银行,26,0.0333333333,0.5915178062,0.0851678897
decision_tree,决策树,8100,2024Q4,000001,平安银行,27,0.0333333333,0.5915178062,-0.0322866783
decision_tree,决策树,8100,2024Q4,000938,紫光股份,28,0.0333333333,0.5804879528,-0.0007194245
decision_tree,决策树,8100,2024Q4,300999,金龙鱼,29,0.0333333333,0.5266472440,-0.0309278351
decision_tree,决策树,8100,2024Q4,300394,天孚通信,30,0.0333333333,0.5266472440,-0.0671505431
decision_tree,决策树,8101,2025Q1,000001,平安银行,1,0.0333333333,0.5909946725,0.0835576544
decision_tree,决策树,8101,2025Q1,600926,杭州银行,2,0.0333333333,0.5909946725,0.1360703812
decision_tree,决策树,8101,2025Q1,000999,华润三九,3,0.0333333333,0.5688521302,-0.0227546352
decision_tree,决策树,8101,2025Q1,000568,泸州老窖,4,0.0333333333,0.5367507715,-0.1044153660
decision_tree,决策树,8101,2025Q1,000776,广发证券,5,0.0333333333,0.5367507715,0.0472953000
decision_tree,决策树,8101,2025Q1,002001,新和成,6,0.0333333333,0.5367507715,-0.0228638127
decision_tree,决策树,8101,2025Q1,000425,徐工机械,7,0.0333333333,0.5367507715,-0.0932158120
decision_tree,决策树,8101,2025Q1,000166,申万宏源,8,0.0333333333,0.5265029170,0.0131061599
decision_tree,决策树,8101,2025Q1,002415,海康威视,9,0.0333333333,0.5265029170,-0.0655092662
decision_tree,决策树,8101,2025Q1,002353,杰瑞股份,10,0.0333333333,0.5265029170,-0.0154659617
decision_tree,决策树,8101,2025Q1,002460,赣锋锂业,11,0.0333333333,0.5265029170,-0.0073163909
decision_tree,决策树,8101,2025Q1,000858,五 粮 液,12,0.0333333333,0.5265029170,-0.0788070778
decision_tree,决策树,8101,2025Q1,000977,浪潮信息,13,0.0333333333,0.5265029170,-0.0524490826
decision_tree,决策树,8101,2025Q1,000938,紫光股份,14,0.0333333333,0.5265029170,-0.1203103752
decision_tree,决策树,8101,2025Q1,002074,国轩高科,15,0.0333333333,0.5265029170,0.5268539447
decision_tree,决策树,8101,2025Q1,600030,中信证券,16,0.0333333333,0.5265029170,0.0359035137
decision_tree,决策树,8101,2025Q1,300059,东方财富,17,0.0333333333,0.5265029170,0.0209237749
decision_tree,决策树,8101,2025Q1,300418,昆仑万维,18,0.0333333333,0.5265029170,-0.0291633581
decision_tree,决策树,8101,2025Q1,300442,润泽科技,19,0.0333333333,0.5265029170,-0.1399510266
decision_tree,决策树,8101,2025Q1,002938,鹏鼎控股,20,0.0333333333,0.5265029170,-0.0838172179
decision_tree,决策树,8101,2025Q1,002837,英维克,21,0.0333333333,0.5265029170,-0.0093174431
decision_tree,决策树,8101,2025Q1,002625,光启技术,22,0.0333333333,0.5265029170,0.0487892448
decision_tree,决策树,8101,2025Q1,002600,领益智造,23,0.0333333333,0.5265029170,-0.0546955624
decision_tree,决策树,8101,2025Q1,000063,中兴通讯,24,0.0333333333,0.5265029170,-0.0345946393
decision_tree,决策树,8101,2025Q1,600118,中国卫星,25,0.0333333333,0.5265029170,0.0872041717
decision_tree,决策树,8101,2025Q1,600050,中国联通,26,0.0333333333,0.5265029170,-0.0239234450
decision_tree,决策树,8101,2025Q1,600085,同仁堂,27,0.0333333333,0.5265029170,-0.0014486327
decision_tree,决策树,8101,2025Q1,600010,包钢股份,28,0.0333333333,0.5265029170,0.0014858841
decision_tree,决策树,8101,2025Q1,302132,中航成飞,29,0.0333333333,0.5265029170,0.4611974686
decision_tree,决策树,8101,2025Q1,301269,华大九天,30,0.0333333333,0.5265029170,0.0869603524
decision_tree,决策树,8102,2025Q2,002311,海大集团,1,0.0333333333,0.6376248053,0.0840184531
decision_tree,决策树,8102,2025Q2,600019,宝钢股份,2,0.0333333333,0.6376248053,0.0503505417
decision_tree,决策树,8102,2025Q2,600015,华夏银行,3,0.0333333333,0.6376248053,-0.1101553829
decision_tree,决策树,8102,2025Q2,601077,渝农商行,4,0.0333333333,0.6376248053,-0.0675057208
decision_tree,决策树,8102,2025Q2,601166,兴业银行,5,0.0333333333,0.6376248053,-0.1096515744
decision_tree,决策树,8102,2025Q2,601229,上海银行,6,0.0333333333,0.6376248053,-0.1216134859
decision_tree,决策树,8102,2025Q2,601288,农业银行,7,0.0333333333,0.6376248053,0.1045130641
decision_tree,决策树,8102,2025Q2,600346,恒力石化,8,0.0333333333,0.6376248053,0.1583154979
decision_tree,决策树,8102,2025Q2,600926,杭州银行,9,0.0333333333,0.6376248053,-0.0671140940
decision_tree,决策树,8102,2025Q2,601328,交通银行,10,0.0333333333,0.6376248053,-0.1106770833
decision_tree,决策树,8102,2025Q2,601818,光大银行,11,0.0333333333,0.6376248053,-0.1102603369
decision_tree,决策树,8102,2025Q2,601398,工商银行,12,0.0333333333,0.6376248053,-0.0148514851
decision_tree,决策树,8102,2025Q2,601838,成都银行,13,0.0333333333,0.6376248053,-0.0849372385
decision_tree,决策树,8102,2025Q2,601939,建设银行,14,0.0333333333,0.6376248053,-0.0634816754
decision_tree,决策树,8102,2025Q2,601988,中国银行,15,0.0333333333,0.6376248053,-0.0514165792
decision_tree,决策树,8102,2025Q2,601728,中国电信,16,0.0333333333,0.6376248053,-0.1046511628
decision_tree,决策树,8102,2025Q2,601006,大秦铁路,17,0.0333333333,0.6376248053,-0.0416666667
decision_tree,决策树,8102,2025Q2,601018,宁波港,18,0.0333333333,0.6376248053,-0.0040899796
decision_tree,决策树,8102,2025Q2,002001,新和成,19,0.0333333333,0.5017506143,0.0992340934
decision_tree,决策树,8102,2025Q2,000001,平安银行,20,0.0333333333,0.5017506143,-0.0488662830
decision_tree,决策树,8102,2025Q2,000425,徐工机械,21,0.0333333333,0.5017506143,0.4503354606
decision_tree,决策树,8102,2025Q2,000625,长安汽车,22,0.0333333333,0.5017506143,-0.0156080461
decision_tree,决策树,8102,2025Q2,000166,申万宏源,23,0.0333333333,0.5017506143,0.0633893920
decision_tree,决策树,8102,2025Q2,000063,中兴通讯,24,0.0333333333,0.5017506143,0.3760890506
decision_tree,决策树,8102,2025Q2,600050,中国联通,25,0.0333333333,0.5017506143,0.0215686275
decision_tree,决策树,8102,2025Q2,002460,赣锋锂业,26,0.0333333333,0.5017506143,0.8136827730
decision_tree,决策树,8102,2025Q2,002475,立讯精密,27,0.0333333333,0.5017506143,0.8199509627
decision_tree,决策树,8102,2025Q2,002532,天山铝业,28,0.0333333333,0.5017506143,0.3518659558
decision_tree,决策树,8102,2025Q2,002714,牧原股份,29,0.0333333333,0.5017506143,0.2153434931
decision_tree,决策树,8102,2025Q2,002837,英维克,30,0.0333333333,0.5017506143,1.6895388076
decision_tree,决策树,8103,2025Q3,300394,天孚通信,1,0.0333333333,0.8363541828,0.2290611117
decision_tree,决策树,8103,2025Q3,300308,中际旭创,2,0.0333333333,0.8363541828,0.4816215809
decision_tree,决策树,8103,2025Q3,000001,平安银行,3,0.0333333333,0.5231008537,0.0229442493
decision_tree,决策树,8103,2025Q3,000166,申万宏源,4,0.0333333333,0.5231008537,-0.0085158151
decision_tree,决策树,8103,2025Q3,000651,格力电器,5,0.0333333333,0.5231008537,0.0095279508
decision_tree,决策树,8103,2025Q3,000625,长安汽车,6,0.0333333333,0.5231008537,-0.0221298966
decision_tree,决策树,8103,2025Q3,000333,美的集团,7,0.0333333333,0.5231008537,0.0891751228
decision_tree,决策树,8103,2025Q3,000568,泸州老窖,8,0.0333333333,0.5231008537,-0.0836740706
decision_tree,决策树,8103,2025Q3,002311,海大集团,9,0.0333333333,0.5231008537,-0.1227027413
decision_tree,决策树,8103,2025Q3,002415,海康威视,10,0.0333333333,0.5231008537,-0.0392066949
decision_tree,决策树,8103,2025Q3,002001,新和成,11,0.0333333333,0.5231008537,0.0507710747
decision_tree,决策树,8103,2025Q3,302132,中航成飞,12,0.0333333333,0.5231008537,-0.0935645202
decision_tree,决策树,8103,2025Q3,600019,宝钢股份,13,0.0333333333,0.5231008537,0.0273058252
decision_tree,决策树,8103,2025Q3,600010,包钢股份,14,0.0333333333,0.5231008537,-0.0257992148
decision_tree,决策树,8103,2025Q3,600028,中国石化,15,0.0333333333,0.5231008537,0.0864833906
decision_tree,决策树,8103,2025Q3,600025,华能水电,16,0.0333333333,0.5231008537,-0.0364145658
decision_tree,决策树,8103,2025Q3,600050,中国联通,17,0.0333333333,0.5231008537,-0.0383877159
decision_tree,决策树,8103,2025Q3,600104,上汽集团,18,0.0333333333,0.5231008537,-0.0698368941
decision_tree,决策树,8103,2025Q3,300498,温氏股份,19,0.0333333333,0.5231008537,-0.0577507599
decision_tree,决策树,8103,2025Q3,300628,亿联网络,20,0.0333333333,0.5231008537,-0.0313840657
decision_tree,决策树,8103,2025Q3,300059,东方财富,21,0.0333333333,0.5231008537,-0.1229412298
decision_tree,决策树,8103,2025Q3,002714,牧原股份,22,0.0333333333,0.5231008537,-0.0075778107
decision_tree,决策树,8103,2025Q3,000858,五 粮 液,23,0.0333333333,0.5231008537,-0.0858253348
decision_tree,决策树,8103,2025Q3,000725,京东方A,24,0.0333333333,0.5231008537,0.0102171137
decision_tree,决策树,8103,2025Q3,600030,中信证券,25,0.0333333333,0.5231008537,-0.0224485946
decision_tree,决策树,8103,2025Q3,600039,四川路桥,26,0.0333333333,0.5231008537,0.1731783551
decision_tree,决策树,8103,2025Q3,300866,安克创新,27,0.0333333333,0.5231008537,-0.0633017123
decision_tree,决策树,8103,2025Q3,300760,迈瑞医疗,28,0.0333333333,0.5231008537,-0.1920303186
decision_tree,决策树,8103,2025Q3,300999,金龙鱼,29,0.0333333333,0.5231008537,-0.0888127142
decision_tree,决策树,8103,2025Q3,601898,中煤能源,30,0.0333333333,0.5231008537,0.0925291295
decision_tree,决策树,8104,2025Q4,688472,阿特斯,1,0.0333333333,0.9604022371,-0.1272131148
decision_tree,决策树,8104,2025Q4,000001,平安银行,2,0.0333333333,0.5245285318,-0.0227047611
decision_tree,决策树,8104,2025Q4,000166,申万宏源,3,0.0333333333,0.5245285318,-0.0858895706
decision_tree,决策树,8104,2025Q4,000063,中兴通讯,4,0.0333333333,0.5245285318,-0.1158965017
decision_tree,决策树,8104,2025Q4,000651,格力电器,5,0.0333333333,0.5245285318,-0.0196936023
decision_tree,决策树,8104,2025Q4,000625,长安汽车,6,0.0333333333,0.5245285318,-0.1209572531
decision_tree,决策树,8104,2025Q4,000858,五 粮 液,7,0.0333333333,0.5245285318,-0.0139775285
decision_tree,决策树,8104,2025Q4,000568,泸州老窖,8,0.0333333333,0.5245285318,-0.0598990259
decision_tree,决策树,8104,2025Q4,002460,赣锋锂业,9,0.0333333333,0.5245285318,0.2311062041
decision_tree,决策树,8104,2025Q4,002415,海康威视,10,0.0333333333,0.5245285318,0.0233564014
decision_tree,决策树,8104,2025Q4,000938,紫光股份,11,0.0333333333,0.5245285318,0.0310235107
decision_tree,决策树,8104,2025Q4,000999,华润三九,12,0.0333333333,0.5245285318,-0.0093679905
decision_tree,决策树,8104,2025Q4,002311,海大集团,13,0.0333333333,0.5245285318,-0.0768563686
decision_tree,决策树,8104,2025Q4,002236,大华股份,14,0.0333333333,0.5245285318,-0.0858863814
decision_tree,决策树,8104,2025Q4,002074,国轩高科,15,0.0333333333,0.5245285318,-0.0724505501
decision_tree,决策树,8104,2025Q4,002049,紫光国微,16,0.0333333333,0.5245285318,-0.2190869054
decision_tree,决策树,8104,2025Q4,300999,金龙鱼,17,0.0333333333,0.5245285318,0.0109439124
decision_tree,决策树,8104,2025Q4,600010,包钢股份,18,0.0333333333,0.5245285318,0.0598733448
decision_tree,决策树,8104,2025Q4,300498,温氏股份,19,0.0333333333,0.5245285318,-0.0032258065
decision_tree,决策树,8104,2025Q4,300418,昆仑万维,20,0.0333333333,0.5245285318,0.2060244557
decision_tree,决策树,8104,2025Q4,300059,东方财富,21,0.0333333333,0.5245285318,-0.1707629149
decision_tree,决策树,8104,2025Q4,300628,亿联网络,22,0.0333333333,0.5245285318,-0.0629016934
decision_tree,决策树,8104,2025Q4,300014,亿纬锂能,23,0.0333333333,0.5245285318,-0.0357780049
decision_tree,决策树,8104,2025Q4,000776,广发证券,24,0.0333333333,0.5245285318,-0.1338972718
decision_tree,决策树,8104,2025Q4,600025,华能水电,25,0.0333333333,0.5245285318,0.0823643411
decision_tree,决策树,8104,2025Q4,600030,中信证券,26,0.0333333333,0.5245285318,-0.1226682105
decision_tree,决策树,8104,2025Q4,600104,上汽集团,27,0.0333333333,0.5245285318,-0.0172882193
decision_tree,决策树,8104,2025Q4,600050,中国联通,28,0.0333333333,0.5245285318,-0.1047904192
decision_tree,决策树,8104,2025Q4,601669,中国电建,29,0.0333333333,0.5245285318,0.0987841945
decision_tree,决策树,8104,2025Q4,601898,中煤能源,30,0.0333333333,0.5245285318,0.2835633626
decision_tree,决策树,8105,2026Q1,601127,赛力斯,1,0.0333333333,0.6465154998,-0.3197958750
decision_tree,决策树,8105,2026Q1,688472,阿特斯,2,0.0333333333,0.6465154998,-0.1690458302
decision_tree,决策树,8105,2026Q1,000166,申万宏源,3,0.0333333333,0.5224231067,-0.0644295302
decision_tree,决策树,8105,2026Q1,000625,长安汽车,4,0.0333333333,0.5224231067,-0.2274610377
decision_tree,决策树,8105,2026Q1,000977,浪潮信息,5,0.0333333333,0.5224231067,0.2336728954
decision_tree,决策树,8105,2026Q1,000568,泸州老窖,6,0.0333333333,0.5224231067,-0.2013048266
decision_tree,决策树,8105,2026Q1,000425,徐工机械,7,0.0333333333,0.5224231067,-0.1968891318
decision_tree,决策树,8105,2026Q1,002415,海康威视,8,0.0333333333,0.5224231067,0.1264464978
decision_tree,决策树,8105,2026Q1,002236,大华股份,9,0.0333333333,0.5224231067,-0.0139573984
decision_tree,决策树,8105,2026Q1,002202,金风科技,10,0.0333333333,0.5224231067,-0.0930529977
decision_tree,决策树,8105,2026Q1,000938,紫光股份,11,0.0333333333,0.5224231067,0.1845692242
decision_tree,决策树,8105,2026Q1,000999,华润三九,12,0.0333333333,0.5224231067,-0.1467767714
decision_tree,决策树,8105,2026Q1,002311,海大集团,13,0.0333333333,0.5224231067,-0.0857797088
decision_tree,决策树,8105,2026Q1,002049,紫光国微,14,0.0333333333,0.5224231067,0.3184219256
decision_tree,决策树,8105,2026Q1,300308,中际旭创,15,0.0333333333,0.5224231067,1.1361051883
decision_tree,决策树,8105,2026Q1,300014,亿纬锂能,16,0.0333333333,0.5224231067,0.0224465782
decision_tree,决策树,8105,2026Q1,300124,汇川技术,17,0.0333333333,0.5224231067,-0.0223444483
decision_tree,决策树,8105,2026Q1,002938,鹏鼎控股,18,0.0333333333,0.5224231067,0.9089820359
decision_tree,决策树,8105,2026Q1,002837,英维克,19,0.0333333333,0.5224231067,0.1908038007
decision_tree,决策树,8105,2026Q1,002625,光启技术,20,0.0333333333,0.5224231067,-0.1969117991
decision_tree,决策树,8105,2026Q1,002714,牧原股份,21,0.0333333333,0.5224231067,-0.1391625616
decision_tree,决策树,8105,2026Q1,000776,广发证券,22,0.0333333333,0.5224231067,0.2078310603
decision_tree,决策树,8105,2026Q1,000725,京东方A,23,0.0333333333,0.5224231067,0.9702774108
decision_tree,决策树,8105,2026Q1,600085,同仁堂,24,0.0333333333,0.5224231067,-0.1417157585
decision_tree,决策树,8105,2026Q1,600019,宝钢股份,25,0.0333333333,0.5224231067,-0.0663265306
decision_tree,决策树,8105,2026Q1,600028,中国石化,26,0.0333333333,0.5224231067,-0.1176789588
decision_tree,决策树,8105,2026Q1,600050,中国联通,27,0.0333333333,0.5224231067,-0.0824972129
decision_tree,决策树,8105,2026Q1,302132,中航成飞,28,0.0333333333,0.5224231067,-0.1396203307
decision_tree,决策树,8105,2026Q1,600010,包钢股份,29,0.0333333333,0.5224231067,-0.1200434546
decision_tree,决策树,8105,2026Q1,300999,金龙鱼,30,0.0333333333,0.5224231067,-0.1874154263
random_forest,随机森林,8098,2024Q2,000999,华润三九,1,0.0333333333,0.5665391521,0.2071752173
random_forest,随机森林,8098,2024Q2,605117,德业股份,2,0.0333333333,0.5603921154,0.4626472076
random_forest,随机森林,8098,2024Q2,600019,宝钢股份,3,0.0333333333,0.5592245562,0.0878552972
random_forest,随机森林,8098,2024Q2,000166,申万宏源,4,0.0333333333,0.5585577403,0.4129129129
random_forest,随机森林,8098,2024Q2,600104,上汽集团,5,0.0333333333,0.5579913803,0.0956567727
random_forest,随机森林,8098,2024Q2,601818,光大银行,6,0.0333333333,0.5565918064,0.1714285714
random_forest,随机森林,8098,2024Q2,600015,华夏银行,7,0.0333333333,0.5544179836,0.1671602501
random_forest,随机森林,8098,2024Q2,300498,温氏股份,8,0.0333333333,0.5542669914,0.1144447133
random_forest,随机森林,8098,2024Q2,600025,华能水电,9,0.0333333333,0.5540476345,0.1426160338
random_forest,随机森林,8098,2024Q2,600028,中国石化,10,0.0333333333,0.5531705831,0.1500824629
random_forest,随机森林,8098,2024Q2,600938,中国海油,11,0.0333333333,0.5515490856,0.0209848909
random_forest,随机森林,8098,2024Q2,300760,迈瑞医疗,12,0.0333333333,0.5489944051,0.2081370588
random_forest,随机森林,8098,2024Q2,000651,格力电器,13,0.0333333333,0.5481141046,0.2766631663
random_forest,随机森林,8098,2024Q2,000333,美的集团,14,0.0333333333,0.5476782471,0.2417428904
random_forest,随机森林,8098,2024Q2,601077,渝农商行,15,0.0333333333,0.5474558123,0.1387559809
random_forest,随机森林,8098,2024Q2,601988,中国银行,16,0.0333333333,0.5439285991,0.1278481013
random_forest,随机森林,8098,2024Q2,601166,兴业银行,17,0.0333333333,0.5435635115,0.1751780015
random_forest,随机森林,8098,2024Q2,600926,杭州银行,18,0.0333333333,0.5430201195,0.1828245555
random_forest,随机森林,8098,2024Q2,601229,上海银行,19,0.0333333333,0.5416668488,0.1275446614
random_forest,随机森林,8098,2024Q2,002001,新和成,20,0.0333333333,0.5413063438,0.2349320841
random_forest,随机森林,8098,2024Q2,002311,海大集团,21,0.0333333333,0.5409016766,0.1242414356
random_forest,随机森林,8098,2024Q2,000977,浪潮信息,22,0.0333333333,0.5406979440,0.2724409449
random_forest,随机森林,8098,2024Q2,600346,恒力石化,23,0.0333333333,0.5403935643,0.1900059253
random_forest,随机森林,8098,2024Q2,600690,海尔智家,24,0.0333333333,0.5397319101,0.2409638554
random_forest,随机森林,8098,2024Q2,603369,今世缘,25,0.0333333333,0.5392985966,0.2078807579
random_forest,随机森林,8098,2024Q2,600875,东方电气,26,0.0333333333,0.5392483175,-0.0283142696
random_forest,随机森林,8098,2024Q2,601186,中国铁建,27,0.0333333333,0.5389854258,0.1435018051
random_forest,随机森林,8098,2024Q2,600188,兖矿能源,28,0.0333333333,0.5388688442,0.0792548153
random_forest,随机森林,8098,2024Q2,000001,平安银行,29,0.0333333333,0.5386773979,0.2701948960
random_forest,随机森林,8098,2024Q2,601328,交通银行,30,0.0333333333,0.5384627939,0.0649635036
random_forest,随机森林,8099,2024Q3,688111,金山办公,1,0.0333333333,0.5740879454,-0.1074049986
random_forest,随机森林,8099,2024Q3,000166,申万宏源,2,0.0333333333,0.5676537092,-0.1339001063
random_forest,随机森林,8099,2024Q3,002600,领益智造,3,0.0333333333,0.5660214391,-0.0329171396
random_forest,随机森林,8099,2024Q3,300394,天孚通信,4,0.0333333333,0.5649719683,-0.2329972360
random_forest,随机森林,8099,2024Q3,000999,华润三九,5,0.0333333333,0.5566598100,-0.1210061872
random_forest,随机森林,8099,2024Q3,601166,兴业银行,6,0.0333333333,0.5503736491,-0.0604826073
random_forest,随机森林,8099,2024Q3,600875,东方电气,7,0.0333333333,0.5501620642,-0.0731377846
random_forest,随机森林,8099,2024Q3,002353,杰瑞股份,8,0.0333333333,0.5492336689,0.0150221011
random_forest,随机森林,8099,2024Q3,600028,中国石化,9,0.0333333333,0.5476823621,-0.0736137667
random_forest,随机森林,8099,2024Q3,600015,华夏银行,10,0.0333333333,0.5475940128,-0.0090217085
random_forest,随机森林,8099,2024Q3,000001,平安银行,11,0.0333333333,0.5470835816,-0.0926026867
random_forest,随机森林,8099,2024Q3,601006,大秦铁路,12,0.0333333333,0.5467679505,-0.0388548057
random_forest,随机森林,8099,2024Q3,601229,上海银行,13,0.0333333333,0.5466999311,0.0784819455
random_forest,随机森林,8099,2024Q3,600039,四川路桥,14,0.0333333333,0.5463537060,-0.0435151772
random_forest,随机森林,8099,2024Q3,688072,拓荆科技,15,0.0333333333,0.5451305973,-0.1051715040
random_forest,随机森林,8099,2024Q3,601018,宁波港,16,0.0333333333,0.5447547923,-0.0657894737
random_forest,随机森林,8099,2024Q3,600188,兖矿能源,17,0.0333333333,0.5445969123,-0.1501852935
random_forest,随机森林,8099,2024Q3,600926,杭州银行,18,0.0333333333,0.5441544664,-0.0224049915
random_forest,随机森林,8099,2024Q3,601838,成都银行,19,0.0333333333,0.5424262466,0.0052631579
random_forest,随机森林,8099,2024Q3,601077,渝农商行,20,0.0333333333,0.5424180826,0.0238095238
random_forest,随机森林,8099,2024Q3,601669,中国电建,21,0.0333333333,0.5421014545,-0.0979865772
random_forest,随机森林,8099,2024Q3,601818,光大银行,22,0.0333333333,0.5416519085,-0.0032520325
random_forest,随机森林,8099,2024Q3,601728,中国电信,23,0.0333333333,0.5415182569,-0.0123609394
random_forest,随机森林,8099,2024Q3,000651,格力电器,24,0.0333333333,0.5412349012,-0.0844207237
random_forest,随机森林,8099,2024Q3,001965,招商公路,25,0.0333333333,0.5404856019,0.0306122449
random_forest,随机森林,8099,2024Q3,600050,中国联通,26,0.0333333333,0.5396366108,-0.0730129390
random_forest,随机森林,8099,2024Q3,600104,上汽集团,27,0.0333333333,0.5395163496,0.1550018101
random_forest,随机森林,8099,2024Q3,601872,招商轮船,28,0.0333333333,0.5377598507,-0.2273764259
random_forest,随机森林,8099,2024Q3,601988,中国银行,29,0.0333333333,0.5376825318,0.0258136925
random_forest,随机森林,8099,2024Q3,600019,宝钢股份,30,0.0333333333,0.5367077771,-0.0463182898
random_forest,随机森林,8100,2024Q4,688111,金山办公,1,0.0333333333,0.5821864205,0.0555150758
random_forest,随机森林,8100,2024Q4,000999,华润三九,2,0.0333333333,0.5622224405,-0.0415416571
random_forest,随机森林,8100,2024Q4,002460,赣锋锂业,3,0.0333333333,0.5572563981,-0.0312688916
random_forest,随机森林,8100,2024Q4,000166,申万宏源,4,0.0333333333,0.5537254489,-0.0638036810
random_forest,随机森林,8100,2024Q4,300418,昆仑万维,5,0.0333333333,0.5492981166,-0.0981119792
random_forest,随机森林,8100,2024Q4,002049,紫光国微,6,0.0333333333,0.5484561808,0.0298487413
random_forest,随机森林,8100,2024Q4,000001,平安银行,7,0.0333333333,0.5476795745,-0.0322866783
random_forest,随机森林,8100,2024Q4,300308,中际旭创,8,0.0333333333,0.5437040118,-0.1921412476
random_forest,随机森林,8100,2024Q4,600549,厦门钨业,9,0.0333333333,0.5424736771,0.0072235304
random_forest,随机森林,8100,2024Q4,601059,信达证券,10,0.0333333333,0.5408110444,0.0953333333
random_forest,随机森林,8100,2024Q4,002074,国轩高科,11,0.0333333333,0.5403099208,0.0295877660
random_forest,随机森林,8100,2024Q4,688472,阿特斯,12,0.0333333333,0.5393785567,-0.2231861199
random_forest,随机森林,8100,2024Q4,601878,浙商证券,13,0.0333333333,0.5372255946,-0.0582375479
random_forest,随机森林,8100,2024Q4,600809,山西汾酒,14,0.0333333333,0.5351169386,0.1694979104
random_forest,随机森林,8100,2024Q4,002001,新和成,15,0.0333333333,0.5350704534,0.0233987984
random_forest,随机森林,8100,2024Q4,000776,广发证券,16,0.0333333333,0.5350159776,0.0008875740
random_forest,随机森林,8100,2024Q4,688223,晶科能源,17,0.0333333333,0.5349134555,-0.0845637584
random_forest,随机森林,8100,2024Q4,600276,恒瑞医药,18,0.0333333333,0.5348043819,0.0704345694
random_forest,随机森林,8100,2024Q4,300124,汇川技术,19,0.0333333333,0.5337901655,0.1549685915
random_forest,随机森林,8100,2024Q4,601898,中煤能源,20,0.0333333333,0.5337364370,-0.1397495056
random_forest,随机森林,8100,2024Q4,300999,金龙鱼,21,0.0333333333,0.5334035227,-0.0309278351
random_forest,随机森林,8100,2024Q4,600460,士兰微,22,0.0333333333,0.5327723259,-0.0627183318
random_forest,随机森林,8100,2024Q4,688271,联影医疗,23,0.0333333333,0.5326217773,-0.0398219724
random_forest,随机森林,8100,2024Q4,002236,大华股份,24,0.0333333333,0.5323848271,0.0637116097
random_forest,随机森林,8100,2024Q4,600025,华能水电,25,0.0333333333,0.5311379781,-0.0304182510
random_forest,随机森林,8100,2024Q4,600406,国电南瑞,26,0.0333333333,0.5311027343,-0.1186711260
random_forest,随机森林,8100,2024Q4,600050,中国联通,27,0.0333333333,0.5306061982,0.0418743769
random_forest,随机森林,8100,2024Q4,600522,中天科技,28,0.0333333333,0.5303430454,0.0239450770
random_forest,随机森林,8100,2024Q4,603260,合盛硅业,29,0.0333333333,0.5293708608,-0.0140643623
random_forest,随机森林,8100,2024Q4,601018,宁波港,30,0.0333333333,0.5273823623,-0.0241448692
random_forest,随机森林,8101,2025Q1,688111,金山办公,1,0.0333333333,0.5833260922,-0.0706419907
random_forest,随机森林,8101,2025Q1,300308,中际旭创,2,0.0333333333,0.5626005218,0.4508613722
random_forest,随机森林,8101,2025Q1,688036,传音控股,3,0.0333333333,0.5526559120,-0.0943504035
random_forest,随机森林,8101,2025Q1,600926,杭州银行,4,0.0333333333,0.5490379021,0.1360703812
random_forest,随机森林,8101,2025Q1,600460,士兰微,5,0.0333333333,0.5465617216,0.0231077982
random_forest,随机森林,8101,2025Q1,688223,晶科能源,6,0.0333333333,0.5464877885,-0.1920821114
random_forest,随机森林,8101,2025Q1,002001,新和成,7,0.0333333333,0.5431303885,-0.0228638127
random_forest,随机森林,8101,2025Q1,000001,平安银行,8,0.0333333333,0.5428636813,0.0835576544
random_forest,随机森林,8101,2025Q1,000166,申万宏源,9,0.0333333333,0.5417673932,0.0131061599
random_forest,随机森林,8101,2025Q1,002460,赣锋锂业,10,0.0333333333,0.5411066631,-0.0073163909
random_forest,随机森林,8101,2025Q1,300394,天孚通信,11,0.0333333333,0.5408730063,0.2909298656
random_forest,随机森林,8101,2025Q1,601360,三六零,12,0.0333333333,0.5388191848,-0.0112359551
random_forest,随机森林,8101,2025Q1,300418,昆仑万维,13,0.0333333333,0.5377545579,-0.0291633581
random_forest,随机森林,8101,2025Q1,688271,联影医疗,14,0.0333333333,0.5373943616,0.0471659754
random_forest,随机森林,8101,2025Q1,601818,光大银行,15,0.0333333333,0.5348310802,0.0635179153
random_forest,随机森林,8101,2025Q1,002202,金风科技,16,0.0333333333,0.5301567288,0.1278620690
random_forest,随机森林,8101,2025Q1,600760,中航沈飞,17,0.0333333333,0.5294368326,0.3401628284
random_forest,随机森林,8101,2025Q1,600104,上汽集团,18,0.0333333333,0.5291428582,0.0083318129
random_forest,随机森林,8101,2025Q1,000999,华润三九,19,0.0333333333,0.5290061854,-0.0227546352
random_forest,随机森林,8101,2025Q1,600875,东方电气,20,0.0333333333,0.5260324009,0.0698867279
random_forest,随机森林,8101,2025Q1,603019,中科曙光,21,0.0333333333,0.5260000665,0.0550493260
random_forest,随机森林,8101,2025Q1,600030,中信证券,22,0.0333333333,0.5256398826,0.0359035137
random_forest,随机森林,8101,2025Q1,302132,中航成飞,23,0.0333333333,0.5254140385,0.4611974686
random_forest,随机森林,8101,2025Q1,600118,中国卫星,24,0.0333333333,0.5241633295,0.0872041717
random_forest,随机森林,8101,2025Q1,300999,金龙鱼,25,0.0333333333,0.5230455030,-0.0607008761
random_forest,随机森林,8101,2025Q1,002415,海康威视,26,0.0333333333,0.5226156353,-0.0655092662
random_forest,随机森林,8101,2025Q1,600809,山西汾酒,27,0.0333333333,0.5225633786,-0.1657187723
random_forest,随机森林,8101,2025Q1,600085,同仁堂,28,0.0333333333,0.5209265796,-0.0014486327
random_forest,随机森林,8101,2025Q1,600010,包钢股份,29,0.0333333333,0.5204383997,0.0014858841
random_forest,随机森林,8101,2025Q1,601689,拓普集团,30,0.0333333333,0.5193283854,-0.1765688380
random_forest,随机森林,8102,2025Q2,600346,恒力石化,1,0.0333333333,0.6008022297,0.1583154979
random_forest,随机森林,8102,2025Q2,300308,中际旭创,2,0.0333333333,0.5999655881,1.8993391228
random_forest,随机森林,8102,2025Q2,300394,天孚通信,3,0.0333333333,0.5962931814,1.1157239597
random_forest,随机森林,8102,2025Q2,600019,宝钢股份,4,0.0333333333,0.5814861666,0.0503505417
random_forest,随机森林,8102,2025Q2,601728,中国电信,5,0.0333333333,0.5804560532,-0.1046511628
random_forest,随机森林,8102,2025Q2,601006,大秦铁路,6,0.0333333333,0.5775446640,-0.0416666667
random_forest,随机森林,8102,2025Q2,601229,上海银行,7,0.0333333333,0.5760871002,-0.1216134859
random_forest,随机森林,8102,2025Q2,601988,中国银行,8,0.0333333333,0.5710983364,-0.0514165792
random_forest,随机森林,8102,2025Q2,001965,招商公路,9,0.0333333333,0.5688859066,-0.1293952180
random_forest,随机森林,8102,2025Q2,600585,海螺水泥,10,0.0333333333,0.5667302629,0.0529020824
random_forest,随机森林,8102,2025Q2,601818,光大银行,11,0.0333333333,0.5650151607,-0.1102603369
random_forest,随机森林,8102,2025Q2,601328,交通银行,12,0.0333333333,0.5634026981,-0.1106770833
random_forest,随机森林,8102,2025Q2,601077,渝农商行,13,0.0333333333,0.5574595015,-0.0675057208
random_forest,随机森林,8102,2025Q2,601939,建设银行,14,0.0333333333,0.5543020205,-0.0634816754
random_forest,随机森林,8102,2025Q2,600926,杭州银行,15,0.0333333333,0.5542894343,-0.0671140940
random_forest,随机森林,8102,2025Q2,601018,宁波港,16,0.0333333333,0.5510137613,-0.0040899796
random_forest,随机森林,8102,2025Q2,601838,成都银行,17,0.0333333333,0.5493114873,-0.0849372385
random_forest,随机森林,8102,2025Q2,603369,今世缘,18,0.0333333333,0.5484928150,0.0094979647
random_forest,随机森林,8102,2025Q2,601166,兴业银行,19,0.0333333333,0.5473106334,-0.1096515744
random_forest,随机森林,8102,2025Q2,600015,华夏银行,20,0.0333333333,0.5453502304,-0.1101553829
random_forest,随机森林,8102,2025Q2,600809,山西汾酒,21,0.0333333333,0.5427940019,0.1122466216
random_forest,随机森林,8102,2025Q2,000999,华润三九,22,0.0333333333,0.5422667134,-0.0911666872
random_forest,随机森林,8102,2025Q2,300999,金龙鱼,23,0.0333333333,0.5388310580,0.0689540306
random_forest,随机森林,8102,2025Q2,601633,长城汽车,24,0.0333333333,0.5379198021,0.1469682773
random_forest,随机森林,8102,2025Q2,600028,中国石化,25,0.0333333333,0.5373811804,-0.0245810056
random_forest,随机森林,8102,2025Q2,002001,新和成,26,0.0333333333,0.5368380842,0.0992340934
random_forest,随机森林,8102,2025Q2,605117,德业股份,27,0.0333333333,0.5331907885,0.5356373778
random_forest,随机森林,8102,2025Q2,600600,青岛啤酒,28,0.0333333333,0.5328897558,-0.0389597144
random_forest,随机森林,8102,2025Q2,601689,拓普集团,29,0.0333333333,0.5316536065,0.6294793780
random_forest,随机森林,8102,2025Q2,600050,中国联通,30,0.0333333333,0.5311473819,0.0215686275
random_forest,随机森林,8103,2025Q3,300394,天孚通信,1,0.0333333333,0.5657844982,0.2290611117
random_forest,随机森林,8103,2025Q3,601838,成都银行,2,0.0333333333,0.5508617386,-0.0484682213
random_forest,随机森林,8103,2025Q3,600926,杭州银行,3,0.0333333333,0.5493664413,0.0249031544
random_forest,随机森林,8103,2025Q3,600039,四川路桥,4,0.0333333333,0.5489777740,0.1731783551
random_forest,随机森林,8103,2025Q3,002001,新和成,5,0.0333333333,0.5412619077,0.0507710747
random_forest,随机森林,8103,2025Q3,601288,农业银行,6,0.0333333333,0.5391821908,0.1215053763
random_forest,随机森林,8103,2025Q3,601229,上海银行,7,0.0333333333,0.5383585712,0.1199451679
random_forest,随机森林,8103,2025Q3,300308,中际旭创,8,0.0333333333,0.5359622203,0.4816215809
random_forest,随机森林,8103,2025Q3,601077,渝农商行,9,0.0333333333,0.5346350358,-0.0171779141
random_forest,随机森林,8103,2025Q3,601360,三六零,10,0.0333333333,0.5326627962,-0.0098797251
random_forest,随机森林,8103,2025Q3,601669,中国电建,11,0.0333333333,0.5324733986,-0.0573065903
random_forest,随机森林,8103,2025Q3,300014,亿纬锂能,12,0.0333333333,0.5317121922,-0.2726390788
random_forest,随机森林,8103,2025Q3,000001,平安银行,13,0.0333333333,0.5315310369,0.0229442493
random_forest,随机森林,8103,2025Q3,601166,兴业银行,14,0.0333333333,0.5311833692,0.0405985142
random_forest,随机森林,8103,2025Q3,000166,申万宏源,15,0.0333333333,0.5305926436,-0.0085158151
random_forest,随机森林,8103,2025Q3,688111,金山办公,16,0.0333333333,0.5294301030,-0.0228474852
random_forest,随机森林,8103,2025Q3,601728,中国电信,17,0.0333333333,0.5284150546,-0.0467532468
random_forest,随机森林,8103,2025Q3,601939,建设银行,18,0.0333333333,0.5281431599,0.0684835779
random_forest,随机森林,8103,2025Q3,601398,工商银行,19,0.0333333333,0.5276621478,0.0703517588
random_forest,随机森林,8103,2025Q3,601328,交通银行,20,0.0333333333,0.5273076020,0.0666178624
random_forest,随机森林,8103,2025Q3,601901,方正证券,21,0.0333333333,0.5263845607,-0.0292056075
random_forest,随机森林,8103,2025Q3,302132,中航成飞,22,0.0333333333,0.5261200163,-0.0935645202
random_forest,随机森林,8103,2025Q3,600104,上汽集团,23,0.0333333333,0.5260373386,-0.0698368941
random_forest,随机森林,8103,2025Q3,600030,中信证券,24,0.0333333333,0.5257276919,-0.0224485946
random_forest,随机森林,8103,2025Q3,600893,航发动力,25,0.0333333333,0.5244037100,-0.0237233020
random_forest,随机森林,8103,2025Q3,601988,中国银行,26,0.0333333333,0.5241042841,0.0807522124
random_forest,随机森林,8103,2025Q3,300866,安克创新,27,0.0333333333,0.5240681147,-0.0633017123
random_forest,随机森林,8103,2025Q3,603369,今世缘,28,0.0333333333,0.5238885484,-0.1003584229
random_forest,随机森林,8103,2025Q3,600015,华夏银行,29,0.0333333333,0.5231963398,0.0255690677
random_forest,随机森林,8103,2025Q3,301269,华大九天,30,0.0333333333,0.5231680050,-0.1611263199
random_forest,随机森林,8104,2025Q4,688472,阿特斯,1,0.0333333333,0.6316865911,-0.1272131148
random_forest,随机森林,8104,2025Q4,601689,拓普集团,2,0.0333333333,0.5628807458,-0.2368119612
random_forest,随机森林,8104,2025Q4,300394,天孚通信,3,0.0333333333,0.5623003035,0.5227081172
random_forest,随机森林,8104,2025Q4,603019,中科曙光,4,0.0333333333,0.5592539065,-0.0643471645
random_forest,随机森林,8104,2025Q4,688036,传音控股,5,0.0333333333,0.5552826986,-0.1318348624
random_forest,随机森林,8104,2025Q4,600188,兖矿能源,6,0.0333333333,0.5425028579,0.2652017207
random_forest,随机森林,8104,2025Q4,600025,华能水电,7,0.0333333333,0.5406901185,0.0823643411
random_forest,随机森林,8104,2025Q4,301269,华大九天,8,0.0333333333,0.5403501689,-0.2262937063
random_forest,随机森林,8104,2025Q4,601059,信达证券,9,0.0333333333,0.5375601563,-0.0701559020
random_forest,随机森林,8104,2025Q4,000166,申万宏源,10,0.0333333333,0.5359301389,-0.0858895706
random_forest,随机森林,8104,2025Q4,601669,中国电建,11,0.0333333333,0.5354272862,0.0987841945
random_forest,随机森林,8104,2025Q4,002001,新和成,12,0.0333333333,0.5352359637,0.3093898284
random_forest,随机森林,8104,2025Q4,000425,徐工机械,13,0.0333333333,0.5346767651,-0.1005073419
random_forest,随机森林,8104,2025Q4,600760,中航沈飞,14,0.0333333333,0.5331693106,-0.1247262884
random_forest,随机森林,8104,2025Q4,600276,恒瑞医药,15,0.0333333333,0.5324959586,-0.0655119546
random_forest,随机森林,8104,2025Q4,601728,中国电信,16,0.0333333333,0.5323623163,-0.0803814714
random_forest,随机森林,8104,2025Q4,601360,三六零,17,0.0333333333,0.5320898071,-0.0212581345
random_forest,随机森林,8104,2025Q4,688111,金山办公,18,0.0333333333,0.5310792790,-0.2245283623
random_forest,随机森林,8104,2025Q4,002475,立讯精密,19,0.0333333333,0.5304798900,-0.1113358835
random_forest,随机森林,8104,2025Q4,601018,宁波港,20,0.0333333333,0.5304605352,0.0979591837
random_forest,随机森林,8104,2025Q4,600460,士兰微,21,0.0333333333,0.5298719727,-0.0862487852
random_forest,随机森林,8104,2025Q4,300418,昆仑万维,22,0.0333333333,0.5289907050,0.2060244557
random_forest,随机森林,8104,2025Q4,600905,三峡能源,23,0.0333333333,0.5283839960,0.0273972603
random_forest,随机森林,8104,2025Q4,601618,中国中冶,24,0.0333333333,0.5279394021,0.0130548303
random_forest,随机森林,8104,2025Q4,688223,晶科能源,25,0.0333333333,0.5277221843,0.1459016393
random_forest,随机森林,8104,2025Q4,002074,国轩高科,26,0.0333333333,0.5268953663,-0.0724505501
random_forest,随机森林,8104,2025Q4,002049,紫光国微,27,0.0333333333,0.5258272490,-0.2190869054
random_forest,随机森林,8104,2025Q4,300760,迈瑞医疗,28,0.0333333333,0.5255612428,-0.1124823535
random_forest,随机森林,8104,2025Q4,000568,泸州老窖,29,0.0333333333,0.5249303729,-0.0598990259
random_forest,随机森林,8104,2025Q4,300014,亿纬锂能,30,0.0333333333,0.5247684212,-0.0357780049
random_forest,随机森林,8105,2026Q1,688472,阿特斯,1,0.0333333333,0.5653768763,-0.1690458302
random_forest,随机森林,8105,2026Q1,601127,赛力斯,2,0.0333333333,0.5546678038,-0.3197958750
random_forest,随机森林,8105,2026Q1,000166,申万宏源,3,0.0333333333,0.5407105696,-0.0644295302
random_forest,随机森林,8105,2026Q1,600019,宝钢股份,4,0.0333333333,0.5365116051,-0.0663265306
random_forest,随机森林,8105,2026Q1,000999,华润三九,5,0.0333333333,0.5356786962,-0.1467767714
random_forest,随机森林,8105,2026Q1,600926,杭州银行,6,0.0333333333,0.5341440625,-0.1018981019
random_forest,随机森林,8105,2026Q1,600585,海螺水泥,7,0.0333333333,0.5316866935,-0.1631199732
random_forest,随机森林,8105,2026Q1,002625,光启技术,8,0.0333333333,0.5286411075,-0.1969117991
random_forest,随机森林,8105,2026Q1,688981,中芯国际,9,0.0333333333,0.5273957498,0.6617219917
random_forest,随机森林,8105,2026Q1,000333,美的集团,10,0.0333333333,0.5271227355,0.0335427449
random_forest,随机森林,8105,2026Q1,300418,昆仑万维,11,0.0333333333,0.5268457755,-0.2105939957
random_forest,随机森林,8105,2026Q1,000425,徐工机械,12,0.0333333333,0.5247154346,-0.1968891318
random_forest,随机森林,8105,2026Q1,601186,中国铁建,13,0.0333333333,0.5243604926,-0.1139240506
random_forest,随机森林,8105,2026Q1,000776,广发证券,14,0.0333333333,0.5237567844,0.2078310603
random_forest,随机森林,8105,2026Q1,600025,华能水电,15,0.0333333333,0.5237501976,-0.0760966876
random_forest,随机森林,8105,2026Q1,601018,宁波港,16,0.0333333333,0.5233142919,-0.1635687732
random_forest,随机森林,8105,2026Q1,002415,海康威视,17,0.0333333333,0.5232408695,0.1264464978
random_forest,随机森林,8105,2026Q1,601059,信达证券,18,0.0333333333,0.5221626874,-0.0185628743
random_forest,随机森林,8105,2026Q1,601111,中国国航,19,0.0333333333,0.5199885233,-0.1172761665
random_forest,随机森林,8105,2026Q1,600118,中国卫星,20,0.0333333333,0.5197092809,-0.0122017488
random_forest,随机森林,8105,2026Q1,601398,工商银行,21,0.0333333333,0.5185819845,-0.0321285141
random_forest,随机森林,8105,2026Q1,302132,中航成飞,22,0.0333333333,0.5183923721,-0.1396203307
random_forest,随机森林,8105,2026Q1,002236,大华股份,23,0.0333333333,0.5181740948,-0.0139573984
random_forest,随机森林,8105,2026Q1,600760,中航沈飞,24,0.0333333333,0.5180827949,-0.1635575692
random_forest,随机森林,8105,2026Q1,002600,领益智造,25,0.0333333333,0.5178874818,0.3121345029
random_forest,随机森林,8105,2026Q1,601939,建设银行,26,0.0333333333,0.5177422358,-0.0006410256
random_forest,随机森林,8105,2026Q1,601360,三六零,27,0.0333333333,0.5177080559,-0.1688829787
random_forest,随机森林,8105,2026Q1,600160,巨化股份,28,0.0333333333,0.5168439851,0.5114723890
random_forest,随机森林,8105,2026Q1,600028,中国石化,29,0.0333333333,0.5153598372,-0.1176789588
random_forest,随机森林,8105,2026Q1,601077,渝农商行,30,0.0333333333,0.5145448911,-0.0919409762
ridge,岭回归,8098,2024Q2,601838,成都银行,1,0.0333333333,0.5985944491,0.1534216336
ridge,岭回归,8098,2024Q2,600690,海尔智家,2,0.0333333333,0.5861446367,0.2409638554
ridge,岭回归,8098,2024Q2,600926,杭州银行,3,0.0333333333,0.5801072090,0.1828245555
ridge,岭回归,8098,2024Q2,000333,美的集团,4,0.0333333333,0.5736679179,0.2417428904
ridge,岭回归,8098,2024Q2,000999,华润三九,5,0.0333333333,0.5697143763,0.2071752173
ridge,岭回归,8098,2024Q2,002311,海大集团,6,0.0333333333,0.5667201071,0.1242414356
ridge,岭回归,8098,2024Q2,601229,上海银行,7,0.0333333333,0.5656939408,0.1275446614
ridge,岭回归,8098,2024Q2,600346,恒力石化,8,0.0333333333,0.5623228905,0.1900059253
ridge,岭回归,8098,2024Q2,601288,农业银行,9,0.0333333333,0.5590197480,0.0973451327
ridge,岭回归,8098,2024Q2,601186,中国铁建,10,0.0333333333,0.5560921329,0.1435018051
ridge,岭回归,8098,2024Q2,601328,交通银行,11,0.0333333333,0.5556196514,0.0649635036
ridge,岭回归,8098,2024Q2,600875,东方电气,12,0.0333333333,0.5555814065,-0.0283142696
ridge,岭回归,8098,2024Q2,000425,徐工机械,13,0.0333333333,0.5555242590,0.2082801386
ridge,岭回归,8098,2024Q2,600015,华夏银行,14,0.0333333333,0.5544266312,0.1671602501
ridge,岭回归,8098,2024Q2,600025,华能水电,15,0.0333333333,0.5533569168,0.1426160338
ridge,岭回归,8098,2024Q2,601166,兴业银行,16,0.0333333333,0.5513033719,0.1751780015
ridge,岭回归,8098,2024Q2,600028,中国石化,17,0.0333333333,0.5496244674,0.1500824629
ridge,岭回归,8098,2024Q2,600989,宝丰能源,18,0.0333333333,0.5490400630,0.1041110518
ridge,岭回归,8098,2024Q2,002837,英维克,19,0.0333333333,0.5484400486,0.3348161496
ridge,岭回归,8098,2024Q2,688009,中国通号,20,0.0333333333,0.5476325488,0.2589285714
ridge,岭回归,8098,2024Q2,601398,工商银行,21,0.0333333333,0.5448447892,0.1199586350
ridge,岭回归,8098,2024Q2,002001,新和成,22,0.0333333333,0.5445922894,0.2349320841
ridge,岭回归,8098,2024Q2,600019,宝钢股份,23,0.0333333333,0.5441148751,0.0878552972
ridge,岭回归,8098,2024Q2,603369,今世缘,24,0.0333333333,0.5437507467,0.2078807579
ridge,岭回归,8098,2024Q2,601077,渝农商行,25,0.0333333333,0.5435846627,0.1387559809
ridge,岭回归,8098,2024Q2,601728,中国电信,26,0.0333333333,0.5418759992,0.2020802377
ridge,岭回归,8098,2024Q2,601988,中国银行,27,0.0333333333,0.5413216585,0.1278481013
ridge,岭回归,8098,2024Q2,600050,中国联通,28,0.0333333333,0.5410036010,0.2337514253
ridge,岭回归,8098,2024Q2,000166,申万宏源,29,0.0333333333,0.5401592116,0.4129129129
ridge,岭回归,8098,2024Q2,300394,天孚通信,30,0.0333333333,0.5383868729,0.3412409712
ridge,岭回归,8099,2024Q3,600025,华能水电,1,0.0333333333,0.5872479022,-0.2230428360
ridge,岭回归,8099,2024Q3,600489,中金黄金,2,0.0333333333,0.5851093841,-0.2470254671
ridge,岭回归,8099,2024Q3,601838,成都银行,3,0.0333333333,0.5843994141,0.0052631579
ridge,岭回归,8099,2024Q3,600926,杭州银行,4,0.0333333333,0.5833530223,-0.0224049915
ridge,岭回归,8099,2024Q3,002938,鹏鼎控股,5,0.0333333333,0.5829043073,-0.0674500588
ridge,岭回归,8099,2024Q3,601328,交通银行,6,0.0333333333,0.5807018118,-0.0027416038
ridge,岭回归,8099,2024Q3,601398,工商银行,7,0.0333333333,0.5765756255,0.0397045245
ridge,岭回归,8099,2024Q3,600760,中航沈飞,8,0.0333333333,0.5727815644,-0.0231256133
ridge,岭回归,8099,2024Q3,601939,建设银行,9,0.0333333333,0.5677675256,0.0336749634
ridge,岭回归,8099,2024Q3,300628,亿联网络,10,0.0333333333,0.5676389950,-0.2176902023
ridge,岭回归,8099,2024Q3,600893,航发动力,11,0.0333333333,0.5673958047,-0.0936625964
ridge,岭回归,8099,2024Q3,601077,渝农商行,12,0.0333333333,0.5664624639,0.0238095238
ridge,岭回归,8099,2024Q3,601018,宁波港,13,0.0333333333,0.5650432053,-0.0657894737
ridge,岭回归,8099,2024Q3,601166,兴业银行,14,0.0333333333,0.5637558934,-0.0604826073
ridge,岭回归,8099,2024Q3,600028,中国石化,15,0.0333333333,0.5636536281,-0.0736137667
ridge,岭回归,8099,2024Q3,601229,上海银行,16,0.0333333333,0.5629954700,0.0784819455
ridge,岭回归,8099,2024Q3,000651,格力电器,17,0.0333333333,0.5577237231,-0.0844207237
ridge,岭回归,8099,2024Q3,600585,海螺水泥,18,0.0333333333,0.5561009414,-0.1127036814
ridge,岭回归,8099,2024Q3,002001,新和成,19,0.0333333333,0.5556399665,-0.0964844060
ridge,岭回归,8099,2024Q3,601669,中国电建,20,0.0333333333,0.5549783922,-0.0979865772
ridge,岭回归,8099,2024Q3,601988,中国银行,21,0.0333333333,0.5548089769,0.0258136925
ridge,岭回归,8099,2024Q3,002600,领益智造,22,0.0333333333,0.5547949455,-0.0329171396
ridge,岭回归,8099,2024Q3,600019,宝钢股份,23,0.0333333333,0.5509339141,-0.0463182898
ridge,岭回归,8099,2024Q3,601728,中国电信,24,0.0333333333,0.5504922062,-0.0123609394
ridge,岭回归,8099,2024Q3,601288,农业银行,25,0.0333333333,0.5503268591,0.0430107527
ridge,岭回归,8099,2024Q3,000776,广发证券,26,0.0333333333,0.5478463572,-0.0876372143
ridge,岭回归,8099,2024Q3,605117,德业股份,27,0.0333333333,0.5477660259,-0.2222825953
ridge,岭回归,8099,2024Q3,000999,华润三九,28,0.0333333333,0.5465319134,-0.1210061872
ridge,岭回归,8099,2024Q3,002475,立讯精密,29,0.0333333333,0.5454497345,-0.1482728300
ridge,岭回归,8099,2024Q3,600015,华夏银行,30,0.0333333333,0.5452784953,-0.0090217085
ridge,岭回归,8100,2024Q4,688472,阿特斯,1,0.0333333333,0.6158630005,-0.2231861199
ridge,岭回归,8100,2024Q4,601360,三六零,2,0.0333333333,0.6033852302,0.0113636364
ridge,岭回归,8100,2024Q4,300418,昆仑万维,3,0.0333333333,0.6008994867,-0.0981119792
ridge,岭回归,8100,2024Q4,600460,士兰微,4,0.0333333333,0.5978733560,-0.0627183318
ridge,岭回归,8100,2024Q4,688072,拓荆科技,5,0.0333333333,0.5949886645,0.0222032199
ridge,岭回归,8100,2024Q4,002049,紫光国微,6,0.0333333333,0.5895799938,0.0298487413
ridge,岭回归,8100,2024Q4,002600,领益智造,7,0.0333333333,0.5752373682,0.1373239437
ridge,岭回归,8100,2024Q4,002460,赣锋锂业,8,0.0333333333,0.5744314056,-0.0312688916
ridge,岭回归,8100,2024Q4,300394,天孚通信,9,0.0333333333,0.5680054169,-0.0671505431
ridge,岭回归,8100,2024Q4,000776,广发证券,10,0.0333333333,0.5657825205,0.0008875740
ridge,岭回归,8100,2024Q4,000999,华润三九,11,0.0333333333,0.5647112009,-0.0415416571
ridge,岭回归,8100,2024Q4,302132,中航成飞,12,0.0333333333,0.5617549724,-0.1588204990
ridge,岭回归,8100,2024Q4,002001,新和成,13,0.0333333333,0.5583607847,0.0233987984
ridge,岭回归,8100,2024Q4,002202,金风科技,14,0.0333333333,0.5558097622,-0.1192905734
ridge,岭回归,8100,2024Q4,600030,中信证券,15,0.0333333333,0.5492811048,-0.0736842105
ridge,岭回归,8100,2024Q4,600276,恒瑞医药,16,0.0333333333,0.5456567327,0.0704345694
ridge,岭回归,8100,2024Q4,600118,中国卫星,17,0.0333333333,0.5416808400,-0.0359255965
ridge,岭回归,8100,2024Q4,688009,中国通号,18,0.0333333333,0.5370346824,-0.0890125174
ridge,岭回归,8100,2024Q4,000166,申万宏源,19,0.0333333333,0.5351444942,-0.0638036810
ridge,岭回归,8100,2024Q4,300999,金龙鱼,20,0.0333333333,0.5348596021,-0.0309278351
ridge,岭回归,8100,2024Q4,000938,紫光股份,21,0.0333333333,0.5342667453,-0.0007194245
ridge,岭回归,8100,2024Q4,600549,厦门钨业,22,0.0333333333,0.5316558743,0.0072235304
ridge,岭回归,8100,2024Q4,603260,合盛硅业,23,0.0333333333,0.5287410300,-0.0140643623
ridge,岭回归,8100,2024Q4,601878,浙商证券,24,0.0333333333,0.5281547177,-0.0582375479
ridge,岭回归,8100,2024Q4,601898,中煤能源,25,0.0333333333,0.5281275884,-0.1397495056
ridge,岭回归,8100,2024Q4,600489,中金黄金,26,0.0333333333,0.5262217060,0.1480634750
ridge,岭回归,8100,2024Q4,000858,五 粮 液,27,0.0333333333,0.5258184296,-0.0365805588
ridge,岭回归,8100,2024Q4,603019,中科曙光,28,0.0333333333,0.5239682687,-0.0755682412
ridge,岭回归,8100,2024Q4,600690,海尔智家,29,0.0333333333,0.5239028032,-0.0316988665
ridge,岭回归,8100,2024Q4,601689,拓普集团,30,0.0333333333,0.5197771351,0.1790135034
ridge,岭回归,8101,2025Q1,688111,金山办公,1,0.0333333333,0.6082319650,-0.0706419907
ridge,岭回归,8101,2025Q1,603986,兆易创新,2,0.0333333333,0.5891790677,0.0707429143
ridge,岭回归,8101,2025Q1,000977,浪潮信息,3,0.0333333333,0.5847615685,-0.0524490826
ridge,岭回归,8101,2025Q1,302132,中航成飞,4,0.0333333333,0.5814876688,0.4611974686
ridge,岭回归,8101,2025Q1,601360,三六零,5,0.0333333333,0.5794232302,-0.0112359551
ridge,岭回归,8101,2025Q1,603019,中科曙光,6,0.0333333333,0.5672957886,0.0550493260
ridge,岭回归,8101,2025Q1,600160,巨化股份,7,0.0333333333,0.5672551765,0.1583489681
ridge,岭回归,8101,2025Q1,600085,同仁堂,8,0.0333333333,0.5640877815,-0.0014486327
ridge,岭回归,8101,2025Q1,300059,东方财富,9,0.0333333333,0.5629113196,0.0209237749
ridge,岭回归,8101,2025Q1,601127,赛力斯,10,0.0333333333,0.5618691537,0.0679596465
ridge,岭回归,8101,2025Q1,600460,士兰微,11,0.0333333333,0.5612449845,0.0231077982
ridge,岭回归,8101,2025Q1,601689,拓普集团,12,0.0333333333,0.5608740094,-0.1765688380
ridge,岭回归,8101,2025Q1,000568,泸州老窖,13,0.0333333333,0.5577877228,-0.1044153660
ridge,岭回归,8101,2025Q1,002837,英维克,14,0.0333333333,0.5568883812,-0.0093174431
ridge,岭回归,8101,2025Q1,688981,中芯国际,15,0.0333333333,0.5568446660,-0.0167597765
ridge,岭回归,8101,2025Q1,002460,赣锋锂业,16,0.0333333333,0.5540698350,-0.0073163909
ridge,岭回归,8101,2025Q1,688271,联影医疗,17,0.0333333333,0.5520162541,0.0471659754
ridge,岭回归,8101,2025Q1,002625,光启技术,18,0.0333333333,0.5516864582,0.0487892448
ridge,岭回归,8101,2025Q1,000938,紫光股份,19,0.0333333333,0.5516700644,-0.1203103752
ridge,岭回归,8101,2025Q1,002311,海大集团,20,0.0333333333,0.5468963105,0.1799714138
ridge,岭回归,8101,2025Q1,600030,中信证券,21,0.0333333333,0.5467065399,0.0359035137
ridge,岭回归,8101,2025Q1,300418,昆仑万维,22,0.0333333333,0.5436370602,-0.0291633581
ridge,岭回归,8101,2025Q1,300999,金龙鱼,23,0.0333333333,0.5419969824,-0.0607008761
ridge,岭回归,8101,2025Q1,688072,拓荆科技,24,0.0333333333,0.5419962137,-0.0255862924
ridge,岭回归,8101,2025Q1,600926,杭州银行,25,0.0333333333,0.5409778958,0.1360703812
ridge,岭回归,8101,2025Q1,300442,润泽科技,26,0.0333333333,0.5409190097,-0.1399510266
ridge,岭回归,8101,2025Q1,000999,华润三九,27,0.0333333333,0.5373159896,-0.0227546352
ridge,岭回归,8101,2025Q1,688036,传音控股,28,0.0333333333,0.5360113670,-0.0943504035
ridge,岭回归,8101,2025Q1,600010,包钢股份,29,0.0333333333,0.5322453079,0.0014858841
ridge,岭回归,8101,2025Q1,002532,天山铝业,30,0.0333333333,0.5319511366,-0.0368251174
ridge,岭回归,8102,2025Q2,600025,华能水电,1,0.0333333333,0.5856882447,-0.0092506938
ridge,岭回归,8102,2025Q2,601988,中国银行,2,0.0333333333,0.5814333877,-0.0514165792
ridge,岭回归,8102,2025Q2,601728,中国电信,3,0.0333333333,0.5801207555,-0.1046511628
ridge,岭回归,8102,2025Q2,601229,上海银行,4,0.0333333333,0.5755573830,-0.1216134859
ridge,岭回归,8102,2025Q2,002001,新和成,5,0.0333333333,0.5723364082,0.0992340934
ridge,岭回归,8102,2025Q2,000651,格力电器,6,0.0333333333,0.5714589814,-0.0493809869
ridge,岭回归,8102,2025Q2,601939,建设银行,7,0.0333333333,0.5701887505,-0.0634816754
ridge,岭回归,8102,2025Q2,600050,中国联通,8,0.0333333333,0.5679794266,0.0215686275
ridge,岭回归,8102,2025Q2,600585,海螺水泥,9,0.0333333333,0.5646285194,0.0529020824
ridge,岭回归,8102,2025Q2,601006,大秦铁路,10,0.0333333333,0.5638256584,-0.0416666667
ridge,岭回归,8102,2025Q2,601328,交通银行,11,0.0333333333,0.5612737816,-0.1106770833
ridge,岭回归,8102,2025Q2,300498,温氏股份,12,0.0333333333,0.5605443121,0.0630048465
ridge,岭回归,8102,2025Q2,600276,恒瑞医药,13,0.0333333333,0.5592775613,0.3687161338
ridge,岭回归,8102,2025Q2,601398,工商银行,14,0.0333333333,0.5553605783,-0.0148514851
ridge,岭回归,8102,2025Q2,600039,四川路桥,15,0.0333333333,0.5547618717,-0.1148958243
ridge,岭回归,8102,2025Q2,000999,华润三九,16,0.0333333333,0.5538202816,-0.0911666872
ridge,岭回归,8102,2025Q2,600019,宝钢股份,17,0.0333333333,0.5536337451,0.0503505417
ridge,岭回归,8102,2025Q2,601166,兴业银行,18,0.0333333333,0.5516192342,-0.1096515744
ridge,岭回归,8102,2025Q2,603501,豪威集团,19,0.0333333333,0.5515258077,0.1490461963
ridge,岭回归,8102,2025Q2,000977,浪潮信息,20,0.0333333333,0.5513361038,0.5394180552
ridge,岭回归,8102,2025Q2,600346,恒力石化,21,0.0333333333,0.5507531911,0.1583154979
ridge,岭回归,8102,2025Q2,600028,中国石化,22,0.0333333333,0.5480064666,-0.0245810056
ridge,岭回归,8102,2025Q2,600905,三峡能源,23,0.0333333333,0.5458910682,0.0133928571
ridge,岭回归,8102,2025Q2,601288,农业银行,24,0.0333333333,0.5451305725,0.1045130641
ridge,岭回归,8102,2025Q2,300124,汇川技术,25,0.0333333333,0.5445591344,0.3002644867
ridge,岭回归,8102,2025Q2,688981,中芯国际,26,0.0333333333,0.5445475207,0.6363636364
ridge,岭回归,8102,2025Q2,601077,渝农商行,27,0.0333333333,0.5435771725,-0.0675057208
ridge,岭回归,8102,2025Q2,601818,光大银行,28,0.0333333333,0.5433201815,-0.1102603369
ridge,岭回归,8102,2025Q2,688271,联影医疗,29,0.0333333333,0.5387486853,0.1854469209
ridge,岭回归,8102,2025Q2,600600,青岛啤酒,30,0.0333333333,0.5332847623,-0.0389597144
ridge,岭回归,8103,2025Q3,000166,申万宏源,1,0.0333333333,0.5618254613,-0.0085158151
ridge,岭回归,8103,2025Q3,300866,安克创新,2,0.0333333333,0.5602158643,-0.0633017123
ridge,岭回归,8103,2025Q3,600030,中信证券,3,0.0333333333,0.5455521318,-0.0224485946
ridge,岭回归,8103,2025Q3,601898,中煤能源,4,0.0333333333,0.5415513841,0.0925291295
ridge,岭回归,8103,2025Q3,601669,中国电建,5,0.0333333333,0.5404686557,-0.0573065903
ridge,岭回归,8103,2025Q3,302132,中航成飞,6,0.0333333333,0.5396930797,-0.0935645202
ridge,岭回归,8103,2025Q3,002202,金风科技,7,0.0333333333,0.5381065043,0.4276321407
ridge,岭回归,8103,2025Q3,601901,方正证券,8,0.0333333333,0.5379811700,-0.0292056075
ridge,岭回归,8103,2025Q3,002353,杰瑞股份,9,0.0333333333,0.5350590944,0.2706199461
ridge,岭回归,8103,2025Q3,600460,士兰微,10,0.0333333333,0.5350047506,-0.0987913820
ridge,岭回归,8103,2025Q3,600760,中航沈飞,11,0.0333333333,0.5337582981,-0.1930124807
ridge,岭回归,8103,2025Q3,002460,赣锋锂业,12,0.0333333333,0.5335393695,0.0067768654
ridge,岭回归,8103,2025Q3,600219,南山铝业,13,0.0333333333,0.5333122915,0.3709519136
ridge,岭回归,8103,2025Q3,300014,亿纬锂能,14,0.0333333333,0.5328812006,-0.2726390788
ridge,岭回归,8103,2025Q3,601360,三六零,15,0.0333333333,0.5307593423,-0.0098797251
ridge,岭回归,8103,2025Q3,601186,中国铁建,16,0.0333333333,0.5294208956,-0.0154264973
ridge,岭回归,8103,2025Q3,600893,航发动力,17,0.0333333333,0.5293587959,-0.0237233020
ridge,岭回归,8103,2025Q3,300418,昆仑万维,18,0.0333333333,0.5272932380,-0.1399476735
ridge,岭回归,8103,2025Q3,002600,领益智造,19,0.0333333333,0.5266870437,-0.0791121229
ridge,岭回归,8103,2025Q3,002074,国轩高科,20,0.0333333333,0.5234518106,-0.1857129595
ridge,岭回归,8103,2025Q3,600025,华能水电,21,0.0333333333,0.5222844009,-0.0364145658
ridge,岭回归,8103,2025Q3,601878,浙商证券,22,0.0333333333,0.5211521719,-0.0544000000
ridge,岭回归,8103,2025Q3,601689,拓普集团,23,0.0333333333,0.5206982448,-0.0167753408
ridge,岭回归,8103,2025Q3,600522,中天科技,24,0.0333333333,0.5206223306,-0.0503448276
ridge,岭回归,8103,2025Q3,688472,阿特斯,25,0.0333333333,0.5200092817,0.0731878958
ridge,岭回归,8103,2025Q3,000625,长安汽车,26,0.0333333333,0.5199606118,-0.0221298966
ridge,岭回归,8103,2025Q3,601077,渝农商行,27,0.0333333333,0.5198417156,-0.0171779141
ridge,岭回归,8103,2025Q3,603019,中科曙光,28,0.0333333333,0.5195904076,-0.2924930645
ridge,岭回归,8103,2025Q3,000776,广发证券,29,0.0333333333,0.5195352509,-0.0013698630
ridge,岭回归,8103,2025Q3,600938,中国海油,30,0.0333333333,0.5194713365,0.1630328669
ridge,岭回归,8104,2025Q4,601669,中国电建,1,0.0333333333,0.5753923309,0.0987841945
ridge,岭回归,8104,2025Q4,600010,包钢股份,2,0.0333333333,0.5707448278,0.0598733448
ridge,岭回归,8104,2025Q4,603019,中科曙光,3,0.0333333333,0.5669838892,-0.0643471645
ridge,岭回归,8104,2025Q4,601059,信达证券,4,0.0333333333,0.5642097635,-0.0701559020
ridge,岭回归,8104,2025Q4,300014,亿纬锂能,5,0.0333333333,0.5633273350,-0.0357780049
ridge,岭回归,8104,2025Q4,002074,国轩高科,6,0.0333333333,0.5603604071,-0.0724505501
ridge,岭回归,8104,2025Q4,688472,阿特斯,7,0.0333333333,0.5550892028,-0.1272131148
ridge,岭回归,8104,2025Q4,000938,紫光股份,8,0.0333333333,0.5548075704,0.0310235107
ridge,岭回归,8104,2025Q4,002475,立讯精密,9,0.0333333333,0.5494372199,-0.1113358835
ridge,岭回归,8104,2025Q4,000568,泸州老窖,10,0.0333333333,0.5450606771,-0.0598990259
ridge,岭回归,8104,2025Q4,600276,恒瑞医药,11,0.0333333333,0.5443839766,-0.0655119546
ridge,岭回归,8104,2025Q4,300059,东方财富,12,0.0333333333,0.5419578497,-0.1707629149
ridge,岭回归,8104,2025Q4,601618,中国中冶,13,0.0333333333,0.5402311437,0.0130548303
ridge,岭回归,8104,2025Q4,688111,金山办公,14,0.0333333333,0.5377820982,-0.2245283623
ridge,岭回归,8104,2025Q4,600050,中国联通,15,0.0333333333,0.5355468746,-0.1047904192
ridge,岭回归,8104,2025Q4,002460,赣锋锂业,16,0.0333333333,0.5344819672,0.2311062041
ridge,岭回归,8104,2025Q4,600460,士兰微,17,0.0333333333,0.5343838369,-0.0862487852
ridge,岭回归,8104,2025Q4,600809,山西汾酒,18,0.0333333333,0.5338310015,-0.1461599981
ridge,岭回归,8104,2025Q4,002049,紫光国微,19,0.0333333333,0.5331968277,-0.2190869054
ridge,岭回归,8104,2025Q4,603369,今世缘,20,0.0333333333,0.5294989421,-0.1967131474
ridge,岭回归,8104,2025Q4,300124,汇川技术,21,0.0333333333,0.5291637563,-0.0897460119
ridge,岭回归,8104,2025Q4,601689,拓普集团,22,0.0333333333,0.5289659465,-0.2368119612
ridge,岭回归,8104,2025Q4,600760,中航沈飞,23,0.0333333333,0.5287211454,-0.1247262884
ridge,岭回归,8104,2025Q4,688271,联影医疗,24,0.0333333333,0.5280817707,-0.0966107064
ridge,岭回归,8104,2025Q4,601360,三六零,25,0.0333333333,0.5275925819,-0.0212581345
ridge,岭回归,8104,2025Q4,000776,广发证券,26,0.0333333333,0.5270068985,-0.1338972718
ridge,岭回归,8104,2025Q4,000166,申万宏源,27,0.0333333333,0.5249984577,-0.0858895706
ridge,岭回归,8104,2025Q4,300418,昆仑万维,28,0.0333333333,0.5238579757,0.2060244557
ridge,岭回归,8104,2025Q4,601898,中煤能源,29,0.0333333333,0.5238050139,0.2835633626
ridge,岭回归,8104,2025Q4,002236,大华股份,30,0.0333333333,0.5237723113,-0.0858863814
ridge,岭回归,8105,2026Q1,600118,中国卫星,1,0.0333333333,0.5776284564,-0.0122017488
ridge,岭回归,8105,2026Q1,601600,中国铝业,2,0.0333333333,0.5584525698,-0.2800000000
ridge,岭回归,8105,2026Q1,688472,阿特斯,3,0.0333333333,0.5563138402,-0.1690458302
ridge,岭回归,8105,2026Q1,000625,长安汽车,4,0.0333333333,0.5511106976,-0.2274610377
ridge,岭回归,8105,2026Q1,600489,中金黄金,5,0.0333333333,0.5487667096,-0.3393913779
ridge,岭回归,8105,2026Q1,000776,广发证券,6,0.0333333333,0.5427636158,0.2078310603
ridge,岭回归,8105,2026Q1,000999,华润三九,7,0.0333333333,0.5408662054,-0.1467767714
ridge,岭回归,8105,2026Q1,603986,兆易创新,8,0.0333333333,0.5401981885,2.1887414834
ridge,岭回归,8105,2026Q1,601111,中国国航,9,0.0333333333,0.5392964127,-0.1172761665
ridge,岭回归,8105,2026Q1,600219,南山铝业,10,0.0333333333,0.5378230864,-0.2959447800
ridge,岭回归,8105,2026Q1,002475,立讯精密,11,0.0333333333,0.5368669076,0.3851307006
ridge,岭回归,8105,2026Q1,601288,农业银行,12,0.0333333333,0.5348223092,-0.0527983105
ridge,岭回归,8105,2026Q1,002837,英维克,13,0.0333333333,0.5333331131,0.1908038007
ridge,岭回归,8105,2026Q1,000425,徐工机械,14,0.0333333333,0.5288963905,-0.1968891318
ridge,岭回归,8105,2026Q1,000166,申万宏源,15,0.0333333333,0.5284264520,-0.0644295302
ridge,岭回归,8105,2026Q1,601229,上海银行,16,0.0333333333,0.5279478860,-0.0742005588
ridge,岭回归,8105,2026Q1,002202,金风科技,17,0.0333333333,0.5276910723,-0.0930529977
ridge,岭回归,8105,2026Q1,600015,华夏银行,18,0.0333333333,0.5269117364,-0.0816974596
ridge,岭回归,8105,2026Q1,600549,厦门钨业,19,0.0333333333,0.5266581286,0.4864660010
ridge,岭回归,8105,2026Q1,601328,交通银行,20,0.0333333333,0.5263063661,-0.0519298246
ridge,岭回归,8105,2026Q1,688981,中芯国际,21,0.0333333333,0.5242449812,0.6617219917
ridge,岭回归,8105,2026Q1,600760,中航沈飞,22,0.0333333333,0.5238186526,-0.1635575692
ridge,岭回归,8105,2026Q1,601398,工商银行,23,0.0333333333,0.5235146103,-0.0321285141
ridge,岭回归,8105,2026Q1,601818,光大银行,24,0.0333333333,0.5225223507,-0.0587219344
ridge,岭回归,8105,2026Q1,601988,中国银行,25,0.0333333333,0.5219507266,-0.0241448692
ridge,岭回归,8105,2026Q1,601939,建设银行,26,0.0333333333,0.5214092663,-0.0006410256
ridge,岭回归,8105,2026Q1,600346,恒力石化,27,0.0333333333,0.5204063308,-0.1553867100
ridge,岭回归,8105,2026Q1,600690,海尔智家,28,0.0333333333,0.5198534835,-0.0428187272
ridge,岭回归,8105,2026Q1,600104,上汽集团,29,0.0333333333,0.5191636815,-0.1796305604
ridge,岭回归,8105,2026Q1,002236,大华股份,30,0.0333333333,0.5185275274,-0.0139573984
