trade_date,ts_code,open,close,high,low,volume,amount,amplitude_pct,pct_change,price_change,turnover_rate,stock_name
2024-12-30,001391,9.85000000,9.15000000,12.35000000,8.96000000,6131617,6210293647.36999989,157.67000000,325.58000000,7.00000000,73.09000000,国货航
2024-12-31,001391,7.98000000,9.06000000,9.82000000,7.07000000,5206308,4252485152.44000006,30.05000000,-0.98000000,-0.09000000,62.06000000,国货航
2025-01-02,001391,8.05000000,8.54000000,9.44000000,7.97000000,4053781,3617893097.26000023,16.23000000,-5.74000000,-0.52000000,48.32000000,国货航
2025-01-03,001391,8.27000000,7.39000000,8.63000000,7.35000000,3626442,2940787147.63000011,14.99000000,-13.47000000,-1.15000000,43.23000000,国货航
2025-01-06,001391,7.13000000,7.29000000,7.40000000,6.73000000,2425434,1754558050.13000011,9.07000000,-1.35000000,-0.10000000,28.91000000,国货航
2025-01-07,001391,7.22000000,6.96000000,7.35000000,6.66000000,2637808,1869556439.15000010,9.47000000,-4.53000000,-0.33000000,31.44000000,国货航
2025-01-08,001391,6.90000000,7.67000000,7.67000000,6.85000000,1964573,1504176888.47000003,11.78000000,10.20000000,0.71000000,23.42000000,国货航
2025-01-09,001391,7.68000000,8.45000000,8.45000000,7.50000000,3991984,3257289563.36000013,12.39000000,10.17000000,0.78000000,47.58000000,国货航
2025-01-10,001391,8.50000000,7.78000000,8.73000000,7.74000000,3897418,3245539130.90999985,11.72000000,-7.93000000,-0.67000000,46.46000000,国货航
2025-01-13,001391,7.44000000,7.22000000,7.63000000,7.18000000,2179109,1635152816.85999990,5.78000000,-7.20000000,-0.56000000,25.97000000,国货航
2025-01-14,001391,7.23000000,7.61000000,7.64000000,7.20000000,2350670,1788817308.30999994,6.09000000,5.40000000,0.39000000,28.02000000,国货航
2025-01-15,001391,7.54000000,7.22000000,7.55000000,7.17000000,2148052,1604049257.64000010,4.99000000,-5.12000000,-0.39000000,25.60000000,国货航
2025-01-16,001391,7.24000000,7.15000000,7.36000000,7.05000000,1511372,1109656448.75000000,4.29000000,-0.97000000,-0.07000000,18.02000000,国货航
2025-01-17,001391,7.14000000,6.98000000,7.14000000,6.95000000,1159583,830686571.58000004,2.66000000,-2.38000000,-0.17000000,13.82000000,国货航
2025-01-20,001391,7.01000000,7.08000000,7.23000000,6.98000000,1149263,829805448.42999995,3.58000000,1.43000000,0.10000000,13.70000000,国货航
2025-01-21,001391,7.05000000,7.36000000,7.58000000,6.96000000,2277685,1685307053.50999999,8.76000000,3.95000000,0.28000000,27.15000000,国货航
2025-01-22,001391,7.20000000,7.09000000,7.30000000,7.05000000,1282014,936646831.86000001,3.40000000,-3.67000000,-0.27000000,15.28000000,国货航
2025-01-23,001391,7.18000000,7.07000000,7.30000000,7.07000000,1161204,851009750.35000002,3.24000000,-0.28000000,-0.02000000,13.84000000,国货航
2025-01-24,001391,7.05000000,7.09000000,7.11000000,7.01000000,859348,620233685.90999997,1.41000000,0.28000000,0.02000000,10.24000000,国货航
2025-01-27,001391,7.09000000,6.91000000,7.15000000,6.91000000,870829,622982534.74000001,3.39000000,-2.54000000,-0.18000000,10.38000000,国货航
2025-02-05,001391,6.91000000,6.92000000,6.95000000,6.76000000,780751,547689532.50000000,2.75000000,0.14000000,0.01000000,9.31000000,国货航
2025-02-06,001391,6.91000000,6.96000000,6.96000000,6.82000000,1012614,714162776.88999999,2.02000000,0.58000000,0.04000000,12.07000000,国货航
2025-02-07,001391,6.95000000,7.14000000,7.24000000,6.92000000,1649540,1190154104.52999997,4.60000000,2.59000000,0.18000000,19.66000000,国货航
2025-02-10,001391,7.06000000,7.12000000,7.14000000,7.05000000,936777,678648069.03999996,1.26000000,-0.28000000,-0.02000000,11.17000000,国货航
2025-02-11,001391,7.12000000,7.02000000,7.13000000,6.98000000,899272,644621855.04999995,2.11000000,-1.40000000,-0.10000000,10.72000000,国货航
2025-02-12,001391,7.02000000,6.99000000,7.02000000,6.94000000,712399,507015328.92000002,1.14000000,-0.43000000,-0.03000000,8.49000000,国货航
2025-02-13,001391,6.98000000,6.94000000,7.04000000,6.94000000,710373,506421578.36000001,1.43000000,-0.72000000,-0.05000000,8.47000000,国货航
2025-02-14,001391,6.91000000,6.88000000,6.92000000,6.86000000,684033,480581997.47000003,0.86000000,-0.86000000,-0.06000000,8.15000000,国货航
2025-02-17,001391,6.88000000,6.98000000,6.99000000,6.86000000,885686,628146460.71000004,1.89000000,1.45000000,0.10000000,10.56000000,国货航
2025-02-18,001391,6.95000000,6.79000000,6.97000000,6.77000000,887094,621849261.12000000,2.87000000,-2.72000000,-0.19000000,10.57000000,国货航
2025-02-19,001391,6.77000000,6.82000000,6.82000000,6.76000000,501403,348022279.81999999,0.88000000,0.44000000,0.03000000,5.98000000,国货航
2025-02-20,001391,6.80000000,6.77000000,6.82000000,6.76000000,489247,338669098.97000003,0.88000000,-0.73000000,-0.05000000,5.83000000,国货航
2025-02-21,001391,6.78000000,6.74000000,6.79000000,6.68000000,639339,439541538.52999997,1.62000000,-0.44000000,-0.03000000,7.62000000,国货航
2025-02-24,001391,6.71000000,6.76000000,6.79000000,6.70000000,462586,319464213.76999998,1.34000000,0.30000000,0.02000000,5.51000000,国货航
2025-02-25,001391,6.72000000,6.80000000,6.90000000,6.69000000,767354,534993004.94000000,3.11000000,0.59000000,0.04000000,9.15000000,国货航
2025-02-26,001391,6.80000000,6.75000000,6.81000000,6.72000000,558277,384880957.88999999,1.32000000,-0.74000000,-0.05000000,6.65000000,国货航
2025-02-27,001391,6.75000000,6.73000000,6.78000000,6.69000000,504668,346973814.25000000,1.33000000,-0.30000000,-0.02000000,6.02000000,国货航
2025-02-28,001391,6.71000000,6.77000000,6.91000000,6.67000000,1068753,742586390.88000000,3.57000000,0.59000000,0.04000000,12.74000000,国货航
2025-03-03,001391,6.70000000,6.71000000,6.73000000,6.66000000,542089,370951211.56000000,1.03000000,-0.89000000,-0.06000000,6.46000000,国货航
2025-03-04,001391,6.68000000,6.70000000,6.70000000,6.66000000,370370,252845818.75000000,0.60000000,-0.15000000,-0.01000000,4.41000000,国货航
2025-03-05,001391,6.68000000,6.68000000,6.69000000,6.66000000,313817,214114154.71000001,0.45000000,-0.30000000,-0.02000000,3.74000000,国货航
2025-03-06,001391,6.69000000,6.71000000,6.72000000,6.68000000,436975,299269711.48000002,0.60000000,0.45000000,0.03000000,5.21000000,国货航
2025-03-07,001391,6.69000000,6.67000000,6.70000000,6.66000000,407871,278309491.18000001,0.60000000,-0.60000000,-0.04000000,4.86000000,国货航
2025-03-10,001391,6.67000000,6.60000000,6.68000000,6.58000000,583817,394921461.81000000,1.50000000,-1.05000000,-0.07000000,6.96000000,国货航
2025-03-11,001391,6.57000000,6.52000000,6.57000000,6.47000000,572119,380951124.11000001,1.52000000,-1.21000000,-0.08000000,6.82000000,国货航
2025-03-12,001391,6.51000000,6.55000000,6.61000000,6.50000000,440412,295253164.67000002,1.69000000,0.46000000,0.03000000,5.25000000,国货航
2025-03-13,001391,6.54000000,6.46000000,6.54000000,6.44000000,466176,308933365.92000002,1.53000000,-1.37000000,-0.09000000,5.56000000,国货航
2025-03-14,001391,6.46000000,6.51000000,6.51000000,6.45000000,365979,243127343.50000000,0.93000000,0.77000000,0.05000000,4.36000000,国货航
2025-03-17,001391,6.51000000,6.54000000,6.58000000,6.50000000,350567,234508762.94999999,1.23000000,0.46000000,0.03000000,4.18000000,国货航
2025-03-18,001391,6.55000000,6.65000000,6.71000000,6.51000000,785042,531547451.81999999,3.06000000,1.68000000,0.11000000,9.36000000,国货航
2025-03-19,001391,6.58000000,6.56000000,6.61000000,6.55000000,424785,285541155.51999998,0.90000000,-1.35000000,-0.09000000,5.06000000,国货航
2025-03-20,001391,6.55000000,6.54000000,6.58000000,6.52000000,256090,171425635.18000001,0.91000000,-0.30000000,-0.02000000,3.05000000,国货航
2025-03-21,001391,6.54000000,6.49000000,6.55000000,6.47000000,322885,215115438.03999999,1.22000000,-0.76000000,-0.05000000,3.85000000,国货航
2025-03-24,001391,6.48000000,6.40000000,6.49000000,6.35000000,367117,241436952.91999999,2.16000000,-1.39000000,-0.09000000,4.38000000,国货航
2025-03-25,001391,6.41000000,6.44000000,6.49000000,6.40000000,260286,171817862.11000001,1.41000000,0.63000000,0.04000000,3.10000000,国货航
2025-03-26,001391,6.41000000,6.51000000,6.58000000,6.40000000,399389,265155691.91000000,2.80000000,1.09000000,0.07000000,4.76000000,国货航
2025-03-27,001391,6.45000000,6.77000000,6.90000000,6.43000000,1566727,1080591420.35999990,7.22000000,3.99000000,0.26000000,18.67000000,国货航
2025-03-28,001391,6.70000000,6.57000000,6.70000000,6.56000000,761049,513916732.66000003,2.07000000,-2.95000000,-0.20000000,9.07000000,国货航
2025-03-31,001391,6.51000000,6.80000000,6.81000000,6.50000000,1198729,823708227.20000005,4.72000000,3.50000000,0.23000000,14.29000000,国货航
2025-04-01,001391,6.75000000,6.80000000,6.84000000,6.70000000,770749,534439976.22000003,2.06000000,0.00000000,0.00000000,9.19000000,国货航
2025-04-02,001391,6.78000000,6.67000000,6.78000000,6.66000000,587748,402503872.64999998,1.76000000,-1.91000000,-0.13000000,7.01000000,国货航
2025-04-03,001391,6.62000000,6.92000000,7.27000000,6.60000000,1502025,1063230592.73000002,10.04000000,3.75000000,0.25000000,17.90000000,国货航
2025-04-07,001391,6.56000000,6.22000000,6.85000000,6.21000000,1473131,975645541.15999997,9.25000000,-10.12000000,-0.70000000,17.56000000,国货航
2025-04-08,001391,6.24000000,6.86000000,6.86000000,6.24000000,1782132,1208200391.47000003,9.97000000,10.29000000,0.64000000,21.24000000,国货航
2025-04-09,001391,6.91000000,7.19000000,7.40000000,6.74000000,3029201,2180839533.50000000,9.62000000,4.81000000,0.33000000,36.11000000,国货航
2025-04-10,001391,7.13000000,7.17000000,7.48000000,6.96000000,2721916,2013756958.70000005,7.23000000,-0.28000000,-0.02000000,32.44000000,国货航
2025-04-11,001391,7.06000000,7.09000000,7.33000000,7.03000000,1943344,1422784702.56999993,4.18000000,-1.12000000,-0.08000000,23.16000000,国货航
2025-04-14,001391,7.12000000,7.44000000,7.70000000,7.05000000,2589225,1943798503.78999996,9.17000000,4.94000000,0.35000000,30.86000000,国货航
2025-04-15,001391,7.40000000,7.21000000,7.41000000,7.15000000,1448294,1069254822.53999996,3.49000000,-3.09000000,-0.23000000,17.26000000,国货航
2025-04-16,001391,7.16000000,7.21000000,7.42000000,7.10000000,1528362,1130170784.57999992,4.44000000,0.00000000,0.00000000,18.22000000,国货航
2025-04-17,001391,7.11000000,6.98000000,7.13000000,6.98000000,1216232,875061560.34000003,2.08000000,-3.19000000,-0.23000000,14.50000000,国货航
2025-04-18,001391,6.92000000,6.93000000,7.10000000,6.89000000,762906,543333596.07000005,3.01000000,-0.72000000,-0.05000000,9.09000000,国货航
2025-04-21,001391,6.96000000,7.03000000,7.14000000,6.92000000,946761,680559896.03999996,3.17000000,1.44000000,0.10000000,11.29000000,国货航
2025-04-22,001391,7.01000000,7.30000000,7.45000000,7.01000000,1919194,1421006240.96000004,6.26000000,3.84000000,0.27000000,22.88000000,国货航
2025-04-23,001391,7.22000000,7.13000000,7.29000000,7.10000000,1328002,970357496.52999997,2.60000000,-2.33000000,-0.17000000,15.83000000,国货航
2025-04-24,001391,7.08000000,6.95000000,7.13000000,6.87000000,917448,653164867.53999996,3.65000000,-2.52000000,-0.18000000,10.94000000,国货航
2025-04-25,001391,6.92000000,6.97000000,7.01000000,6.88000000,590889,419807410.87000000,1.87000000,0.29000000,0.02000000,7.04000000,国货航
2025-04-28,001391,6.98000000,6.76000000,6.98000000,6.75000000,665600,465499762.69000000,3.30000000,-3.01000000,-0.21000000,7.93000000,国货航
2025-04-29,001391,6.75000000,6.78000000,6.82000000,6.66000000,525941,363760703.82999998,2.37000000,0.30000000,0.02000000,6.27000000,国货航
2025-04-30,001391,6.78000000,6.73000000,6.81000000,6.73000000,492664,340743055.00000000,1.18000000,-0.74000000,-0.05000000,5.87000000,国货航
2025-05-06,001391,6.76000000,6.92000000,6.92000000,6.75000000,637564,447453962.75000000,2.53000000,2.82000000,0.19000000,7.60000000,国货航
2025-05-07,001391,6.95000000,6.88000000,6.98000000,6.84000000,570622,401870669.45999998,2.02000000,-0.58000000,-0.04000000,6.80000000,国货航
2025-05-08,001391,6.85000000,6.88000000,6.90000000,6.83000000,447001,313884560.13999999,1.02000000,0.00000000,0.00000000,5.33000000,国货航
2025-05-09,001391,6.88000000,6.77000000,6.88000000,6.75000000,420341,291785257.95999998,1.89000000,-1.60000000,-0.11000000,5.01000000,国货航
2025-05-12,001391,6.81000000,6.89000000,6.89000000,6.77000000,455832,318459769.06999999,1.77000000,1.77000000,0.12000000,5.43000000,国货航
2025-05-13,001391,7.01000000,6.89000000,7.10000000,6.89000000,890920,634899161.05999994,3.05000000,0.00000000,0.00000000,10.62000000,国货航
2025-05-14,001391,6.87000000,7.34000000,7.58000000,6.86000000,2504476,1833469334.34999990,10.45000000,6.53000000,0.45000000,29.85000000,国货航
2025-05-15,001391,7.34000000,7.15000000,7.46000000,7.13000000,1682471,1249468358.69000006,4.50000000,-2.59000000,-0.19000000,20.05000000,国货航
2025-05-16,001391,7.13000000,7.03000000,7.25000000,7.01000000,976458,705350440.75999999,3.36000000,-1.68000000,-0.12000000,11.64000000,国货航
2025-05-19,001391,7.02000000,7.04000000,7.12000000,7.01000000,631946,454545102.69000000,1.56000000,0.14000000,0.01000000,7.53000000,国货航
2025-05-20,001391,7.02000000,7.04000000,7.05000000,6.98000000,494360,354271949.54000002,0.99000000,0.00000000,0.00000000,5.89000000,国货航
2025-05-21,001391,7.03000000,6.99000000,7.03000000,6.94000000,532244,379317022.88999999,1.28000000,-0.71000000,-0.05000000,6.34000000,国货航
2025-05-22,001391,6.95000000,6.93000000,6.99000000,6.91000000,365777,259334026.62000000,1.14000000,-0.86000000,-0.06000000,4.36000000,国货航
2025-05-23,001391,6.91000000,6.85000000,6.95000000,6.85000000,420256,296117227.60000002,1.44000000,-1.15000000,-0.08000000,5.01000000,国货航
2025-05-26,001391,6.83000000,6.86000000,6.90000000,6.78000000,323457,225981688.77000001,1.75000000,0.15000000,0.01000000,3.86000000,国货航
2025-05-27,001391,6.83000000,6.86000000,6.86000000,6.81000000,272062,190188654.21000001,0.73000000,0.00000000,0.00000000,3.24000000,国货航
2025-05-28,001391,6.85000000,6.85000000,6.94000000,6.84000000,371067,261142024.47999999,1.46000000,-0.15000000,-0.01000000,4.42000000,国货航
2025-05-29,001391,6.80000000,6.90000000,6.91000000,6.79000000,380671,267308713.18000001,1.75000000,0.73000000,0.05000000,4.54000000,国货航
2025-05-30,001391,6.89000000,6.94000000,6.95000000,6.85000000,438048,308905661.88000000,1.45000000,0.58000000,0.04000000,5.22000000,国货航
2025-06-03,001391,6.94000000,6.91000000,6.97000000,6.90000000,488113,345558455.44000000,1.01000000,-0.43000000,-0.03000000,5.82000000,国货航
2025-06-04,001391,6.91000000,6.91000000,6.94000000,6.84000000,407234,286652224.29000002,1.45000000,0.00000000,0.00000000,4.85000000,国货航
2025-06-05,001391,6.91000000,6.88000000,6.92000000,6.85000000,335670,235744823.31999999,1.01000000,-0.43000000,-0.03000000,4.00000000,国货航
2025-06-06,001391,6.87000000,6.87000000,6.90000000,6.85000000,285007,200162999.56000000,0.73000000,-0.15000000,-0.01000000,3.40000000,国货航
2025-06-09,001391,6.87000000,6.92000000,6.93000000,6.85000000,389885,274814252.91000003,1.16000000,0.73000000,0.05000000,4.65000000,国货航
2025-06-10,001391,6.92000000,6.89000000,6.93000000,6.81000000,391938,275464034.33999997,1.73000000,-0.43000000,-0.03000000,4.67000000,国货航
2025-06-11,001391,6.88000000,6.91000000,6.94000000,6.86000000,383736,271034524.57999998,1.16000000,0.29000000,0.02000000,4.57000000,国货航
2025-06-12,001391,6.90000000,6.92000000,6.93000000,6.86000000,417528,294075578.91000003,1.01000000,0.14000000,0.01000000,4.98000000,国货航
2025-06-13,001391,6.88000000,6.74000000,6.89000000,6.74000000,842318,585318614.45000005,2.17000000,-2.60000000,-0.18000000,10.04000000,国货航
2025-06-16,001391,6.68000000,6.70000000,6.72000000,6.66000000,325653,222871738.40000001,0.89000000,-0.59000000,-0.04000000,3.88000000,国货航
2025-06-17,001391,6.70000000,6.67000000,6.72000000,6.66000000,261520,178764792.19999999,0.90000000,-0.45000000,-0.03000000,3.12000000,国货航
2025-06-18,001391,6.66000000,6.69000000,6.70000000,6.55000000,408236,276382356.97000003,2.25000000,0.30000000,0.02000000,4.87000000,国货航
2025-06-19,001391,6.66000000,6.51000000,6.67000000,6.50000000,349391,234687667.02000001,2.54000000,-2.69000000,-0.18000000,4.16000000,国货航
2025-06-20,001391,6.51000000,6.56000000,6.56000000,6.50000000,220430,147202440.33000001,0.92000000,0.77000000,0.05000000,2.63000000,国货航
2025-06-23,001391,6.54000000,6.56000000,6.58000000,6.50000000,191367,128077349.39000000,1.22000000,0.00000000,0.00000000,2.28000000,国货航
2025-06-24,001391,6.57000000,6.62000000,6.63000000,6.56000000,251677,170085165.37000000,1.07000000,0.91000000,0.06000000,3.00000000,国货航
2025-06-25,001391,6.62000000,6.63000000,6.63000000,6.57000000,284505,192056971.50999999,0.91000000,0.15000000,0.01000000,3.39000000,国货航
2025-06-26,001391,6.63000000,6.58000000,6.63000000,6.57000000,284743,192174387.88999999,0.90000000,-0.75000000,-0.05000000,3.39000000,国货航
2025-06-27,001391,6.55000000,6.58000000,6.63000000,6.55000000,208218,140460164.78000000,1.22000000,0.00000000,0.00000000,2.48000000,国货航
2025-06-30,001391,6.55000000,6.58000000,6.59000000,6.53000000,332418,222907943.18000001,0.91000000,0.00000000,0.00000000,3.87000000,国货航
2025-07-01,001391,6.58000000,6.61000000,6.62000000,6.55000000,245552,165498449.78999999,1.06000000,0.46000000,0.03000000,2.86000000,国货航
2025-07-02,001391,6.62000000,6.61000000,6.64000000,6.59000000,238179,161051026.78000000,0.76000000,0.00000000,0.00000000,2.77000000,国货航
2025-07-03,001391,6.60000000,6.62000000,6.64000000,6.59000000,190265,128679429.30000000,0.76000000,0.15000000,0.01000000,2.22000000,国货航
2025-07-04,001391,6.60000000,6.61000000,6.68000000,6.60000000,302465,205224637.90000001,1.21000000,-0.15000000,-0.01000000,3.52000000,国货航
2025-07-07,001391,6.73000000,6.87000000,6.89000000,6.69000000,1060926,738778424.78999996,3.03000000,3.93000000,0.26000000,12.35000000,国货航
2025-07-08,001391,6.81000000,6.81000000,6.83000000,6.77000000,580943,403643373.61000001,0.87000000,-0.87000000,-0.06000000,6.76000000,国货航
2025-07-09,001391,6.80000000,6.80000000,6.84000000,6.78000000,394208,274316087.10000002,0.88000000,-0.15000000,-0.01000000,4.59000000,国货航
2025-07-10,001391,6.79000000,6.83000000,6.84000000,6.79000000,361693,251970557.62000000,0.74000000,0.44000000,0.03000000,4.21000000,国货航
2025-07-11,001391,6.85000000,6.81000000,6.86000000,6.78000000,393412,271530702.64999998,1.17000000,-0.29000000,-0.02000000,4.58000000,国货航
2025-07-14,001391,6.79000000,6.80000000,6.84000000,6.78000000,276667,190879531.81000000,0.88000000,-0.15000000,-0.01000000,3.22000000,国货航
2025-07-15,001391,6.80000000,6.74000000,6.81000000,6.69000000,357770,244169703.36000001,1.76000000,-0.88000000,-0.06000000,4.17000000,国货航
2025-07-16,001391,6.72000000,6.76000000,6.79000000,6.72000000,178824,122477381.04000001,1.04000000,0.30000000,0.02000000,2.08000000,国货航
2025-07-17,001391,6.77000000,6.76000000,6.77000000,6.72000000,207940,142114830.09999999,0.74000000,0.00000000,0.00000000,2.42000000,国货航
2025-07-18,001391,6.76000000,6.76000000,6.78000000,6.74000000,244109,167177760.44000000,0.59000000,0.00000000,0.00000000,2.84000000,国货航
2025-07-21,001391,6.77000000,6.80000000,6.81000000,6.75000000,306435,210849147.03999999,0.89000000,0.59000000,0.04000000,3.57000000,国货航
2025-07-22,001391,6.81000000,6.81000000,6.82000000,6.74000000,322525,221598454.40000001,1.18000000,0.15000000,0.01000000,3.76000000,国货航
2025-07-23,001391,6.81000000,6.79000000,6.86000000,6.78000000,565895,390818880.60000002,1.17000000,-0.29000000,-0.02000000,6.59000000,国货航
2025-07-24,001391,6.77000000,6.84000000,6.84000000,6.76000000,419148,289287562.06000000,1.18000000,0.74000000,0.05000000,4.88000000,国货航
2025-07-25,001391,6.84000000,6.82000000,6.86000000,6.80000000,312600,215964819.34000000,0.88000000,-0.29000000,-0.02000000,3.64000000,国货航
2025-07-28,001391,6.81000000,6.78000000,6.82000000,6.76000000,294013,201993723.30000001,0.88000000,-0.59000000,-0.04000000,3.42000000,国货航
2025-07-29,001391,6.78000000,6.75000000,6.78000000,6.71000000,264625,180561574.90000001,1.03000000,-0.44000000,-0.03000000,3.08000000,国货航
2025-07-30,001391,6.74000000,6.74000000,6.79000000,6.72000000,261160,178766441.37000000,1.04000000,-0.15000000,-0.01000000,3.04000000,国货航
2025-07-31,001391,6.73000000,6.62000000,6.73000000,6.61000000,373011,252034372.12000000,1.78000000,-1.78000000,-0.12000000,4.34000000,国货航
2025-08-01,001391,6.61000000,6.65000000,6.69000000,6.61000000,186975,126116615.02000000,1.21000000,0.45000000,0.03000000,2.18000000,国货航
2025-08-04,001391,6.62000000,6.67000000,6.67000000,6.60000000,148768,100172111.38000000,1.05000000,0.30000000,0.02000000,1.73000000,国货航
2025-08-05,001391,6.67000000,6.68000000,6.69000000,6.66000000,152269,102982859.20000000,0.45000000,0.15000000,0.01000000,1.77000000,国货航
2025-08-06,001391,6.67000000,6.67000000,6.68000000,6.64000000,180526,121813078.78000000,0.60000000,-0.15000000,-0.01000000,2.10000000,国货航
2025-08-07,001391,6.67000000,6.70000000,6.70000000,6.66000000,210236,142397347.81000000,0.60000000,0.45000000,0.03000000,2.45000000,国货航
2025-08-08,001391,6.69000000,6.65000000,6.70000000,6.64000000,179397,121004908.33000000,0.90000000,-0.75000000,-0.05000000,2.09000000,国货航
2025-08-11,001391,6.65000000,6.67000000,6.67000000,6.63000000,189432,127706911.27000000,0.60000000,0.30000000,0.02000000,2.21000000,国货航
2025-08-12,001391,6.67000000,6.65000000,6.67000000,6.64000000,166420,112202150.20999999,0.45000000,-0.30000000,-0.02000000,1.94000000,国货航
2025-08-13,001391,6.65000000,6.67000000,6.68000000,6.64000000,246835,166568913.56000000,0.60000000,0.30000000,0.02000000,2.87000000,国货航
2025-08-14,001391,6.69000000,6.66000000,6.75000000,6.65000000,400271,271611678.00999999,1.50000000,-0.15000000,-0.01000000,4.66000000,国货航
2025-08-15,001391,6.67000000,6.69000000,6.70000000,6.63000000,276082,186627806.21000001,1.05000000,0.45000000,0.03000000,3.21000000,国货航
2025-08-18,001391,6.69000000,6.76000000,6.78000000,6.69000000,531595,363785450.37000000,1.35000000,1.05000000,0.07000000,6.19000000,国货航
2025-08-19,001391,6.78000000,6.74000000,6.79000000,6.71000000,304103,207729944.91999999,1.18000000,-0.30000000,-0.02000000,3.54000000,国货航
2025-08-20,001391,6.73000000,6.80000000,6.80000000,6.71000000,451200,309713285.57999998,1.34000000,0.89000000,0.06000000,5.25000000,国货航
2025-08-21,001391,6.80000000,6.78000000,6.85000000,6.76000000,451371,311318046.75000000,1.32000000,-0.29000000,-0.02000000,5.26000000,国货航
2025-08-22,001391,6.78000000,6.79000000,6.79000000,6.74000000,314333,215425113.00000000,0.74000000,0.15000000,0.01000000,3.66000000,国货航
2025-08-25,001391,6.81000000,6.85000000,6.86000000,6.80000000,530284,366983023.11000001,0.88000000,0.88000000,0.06000000,6.17000000,国货航
2025-08-26,001391,6.84000000,6.86000000,6.88000000,6.82000000,393689,273288644.04000002,0.88000000,0.15000000,0.01000000,4.58000000,国货航
2025-08-27,001391,6.87000000,6.75000000,6.90000000,6.74000000,561180,388309788.44999999,2.33000000,-1.60000000,-0.11000000,6.53000000,国货航
2025-08-28,001391,6.75000000,6.82000000,6.82000000,6.61000000,542091,369928591.56999999,3.11000000,1.04000000,0.07000000,6.31000000,国货航
2025-08-29,001391,6.81000000,6.75000000,6.85000000,6.74000000,365602,251481514.97000000,1.61000000,-1.03000000,-0.07000000,4.26000000,国货航
2025-09-01,001391,6.76000000,6.75000000,6.78000000,6.73000000,268548,183781825.52000001,0.74000000,0.00000000,0.00000000,3.13000000,国货航
2025-09-02,001391,6.75000000,6.68000000,6.77000000,6.65000000,326549,221700774.18000001,1.78000000,-1.04000000,-0.07000000,3.80000000,国货航
2025-09-03,001391,6.69000000,6.58000000,6.71000000,6.56000000,366985,246150586.72000000,2.25000000,-1.50000000,-0.10000000,4.27000000,国货航
2025-09-04,001391,6.58000000,6.58000000,6.60000000,6.54000000,317731,211712284.30000001,0.91000000,0.00000000,0.00000000,3.70000000,国货航
2025-09-05,001391,6.59000000,6.64000000,6.64000000,6.54000000,242975,162536315.96000001,1.52000000,0.91000000,0.06000000,2.83000000,国货航
2025-09-08,001391,6.62000000,6.69000000,6.69000000,6.62000000,227403,153731537.40000001,1.05000000,0.75000000,0.05000000,2.65000000,国货航
2025-09-09,001391,6.68000000,6.66000000,6.68000000,6.61000000,189157,127367931.00000000,1.05000000,-0.45000000,-0.03000000,2.20000000,国货航
2025-09-10,001391,6.65000000,6.63000000,6.66000000,6.61000000,155559,104523268.40000001,0.75000000,-0.45000000,-0.03000000,1.81000000,国货航
2025-09-11,001391,6.62000000,6.66000000,6.66000000,6.59000000,198165,133144522.14000000,1.06000000,0.45000000,0.03000000,2.31000000,国货航
2025-09-12,001391,6.66000000,6.64000000,6.67000000,6.63000000,197632,133192639.92000000,0.60000000,-0.30000000,-0.02000000,2.30000000,国货航
2025-09-15,001391,6.64000000,6.64000000,6.65000000,6.61000000,161240,108321925.81000000,0.60000000,0.00000000,0.00000000,1.88000000,国货航
2025-09-16,001391,6.65000000,6.72000000,6.74000000,6.64000000,412010,279581136.50000000,1.51000000,1.20000000,0.08000000,4.80000000,国货航
2025-09-17,001391,6.69000000,6.69000000,6.72000000,6.66000000,246484,167023220.93000001,0.89000000,-0.45000000,-0.03000000,2.87000000,国货航
2025-09-18,001391,6.68000000,6.60000000,6.70000000,6.57000000,353108,237570706.16000000,1.94000000,-1.35000000,-0.09000000,4.11000000,国货航
2025-09-19,001391,6.60000000,6.61000000,6.64000000,6.59000000,187894,125821014.98000000,0.76000000,0.15000000,0.01000000,2.19000000,国货航
2025-09-22,001391,6.62000000,6.58000000,6.63000000,6.55000000,196215,130718304.81000000,1.21000000,-0.45000000,-0.03000000,2.28000000,国货航
2025-09-23,001391,6.58000000,6.51000000,6.58000000,6.46000000,267030,175986356.69000000,1.82000000,-1.06000000,-0.07000000,3.11000000,国货航
2025-09-24,001391,6.49000000,6.54000000,6.54000000,6.47000000,168012,111008637.55000000,1.08000000,0.46000000,0.03000000,1.96000000,国货航
2025-09-25,001391,6.53000000,6.49000000,6.53000000,6.48000000,179580,118300968.80000000,0.76000000,-0.76000000,-0.05000000,2.09000000,国货航
2025-09-26,001391,6.49000000,6.48000000,6.50000000,6.46000000,135488,88997455.37000000,0.62000000,-0.15000000,-0.01000000,1.58000000,国货航
2025-09-29,001391,6.47000000,6.45000000,6.48000000,6.41000000,199374,130078951.40000001,1.08000000,-0.46000000,-0.03000000,2.32000000,国货航
2025-09-30,001391,6.45000000,6.46000000,6.46000000,6.43000000,119672,78269957.67000000,0.47000000,0.16000000,0.01000000,1.39000000,国货航
2025-10-09,001391,6.46000000,6.51000000,6.51000000,6.45000000,161291,105994967.27000000,0.93000000,0.77000000,0.05000000,1.88000000,国货航
2025-10-10,001391,6.51000000,6.51000000,6.53000000,6.48000000,149709,98800292.98000000,0.77000000,0.00000000,0.00000000,1.74000000,国货航
2025-10-13,001391,6.42000000,6.46000000,6.46000000,6.38000000,164302,107125292.45999999,1.23000000,-0.77000000,-0.05000000,1.91000000,国货航
2025-10-14,001391,6.48000000,6.46000000,6.50000000,6.44000000,166494,109175124.15000001,0.93000000,0.00000000,0.00000000,1.94000000,国货航
2025-10-15,001391,6.46000000,6.53000000,6.53000000,6.43000000,221396,145616766.16000000,1.55000000,1.08000000,0.07000000,2.58000000,国货航
2025-10-16,001391,6.51000000,6.46000000,6.51000000,6.46000000,149313,98150828.62000000,0.77000000,-1.07000000,-0.07000000,1.74000000,国货航
2025-10-17,001391,6.46000000,6.39000000,6.48000000,6.38000000,196922,128365970.09999999,1.55000000,-1.08000000,-0.07000000,2.29000000,国货航
2025-10-20,001391,6.40000000,6.42000000,6.43000000,6.40000000,106554,69258112.79000001,0.47000000,0.47000000,0.03000000,1.24000000,国货航
2025-10-21,001391,6.41000000,6.45000000,6.46000000,6.41000000,116417,76007640.27000000,0.78000000,0.47000000,0.03000000,1.36000000,国货航
2025-10-22,001391,6.43000000,6.46000000,6.47000000,6.43000000,94707,61966731.86000000,0.62000000,0.16000000,0.01000000,1.10000000,国货航
2025-10-23,001391,6.45000000,6.52000000,6.54000000,6.42000000,272223,178995567.25999999,1.86000000,0.93000000,0.06000000,3.17000000,国货航
2025-10-24,001391,6.52000000,6.48000000,6.52000000,6.47000000,136779,89986136.00000000,0.77000000,-0.61000000,-0.04000000,1.59000000,国货航
2025-10-27,001391,6.50000000,6.50000000,6.51000000,6.48000000,140115,92312737.68000001,0.46000000,0.31000000,0.02000000,1.63000000,国货航
2025-10-28,001391,6.51000000,6.50000000,6.53000000,6.49000000,148793,98158046.34000000,0.62000000,0.00000000,0.00000000,1.73000000,国货航
2025-10-29,001391,6.50000000,6.49000000,6.50000000,6.45000000,137912,90470115.45999999,0.77000000,-0.15000000,-0.01000000,1.61000000,国货航
2025-10-30,001391,6.48000000,6.45000000,6.51000000,6.45000000,161077,105756594.44000000,0.92000000,-0.62000000,-0.04000000,1.88000000,国货航
2025-10-31,001391,6.45000000,6.47000000,6.48000000,6.44000000,134705,88269417.40000001,0.62000000,0.31000000,0.02000000,1.57000000,国货航
2025-11-03,001391,6.47000000,6.48000000,6.48000000,6.45000000,130411,85476441.51000001,0.46000000,0.15000000,0.01000000,1.52000000,国货航
2025-11-04,001391,6.47000000,6.45000000,6.48000000,6.42000000,148740,97310799.00000000,0.93000000,-0.46000000,-0.03000000,1.73000000,国货航
2025-11-05,001391,6.42000000,6.45000000,6.45000000,6.41000000,138675,90527733.92000000,0.62000000,0.00000000,0.00000000,1.61000000,国货航
2025-11-06,001391,6.44000000,6.45000000,6.45000000,6.43000000,121155,79137763.05000000,0.31000000,0.00000000,0.00000000,1.41000000,国货航
2025-11-07,001391,6.44000000,6.44000000,6.46000000,6.44000000,133640,87358079.67000000,0.31000000,-0.16000000,-0.01000000,1.56000000,国货航
2025-11-10,001391,6.43000000,6.48000000,6.49000000,6.42000000,203656,133526583.48000000,1.09000000,0.62000000,0.04000000,2.37000000,国货航
2025-11-11,001391,6.48000000,6.50000000,6.50000000,6.47000000,179117,117815187.88000000,0.46000000,0.31000000,0.02000000,2.09000000,国货航
2025-11-12,001391,6.49000000,6.47000000,6.51000000,6.46000000,140952,92663488.02000000,0.77000000,-0.46000000,-0.03000000,1.64000000,国货航
2025-11-13,001391,6.47000000,6.49000000,6.49000000,6.44000000,153833,100851903.47000000,0.77000000,0.31000000,0.02000000,1.79000000,国货航
2025-11-14,001391,6.48000000,6.49000000,6.52000000,6.47000000,191751,126366929.42000000,0.77000000,0.00000000,0.00000000,2.23000000,国货航
2025-11-17,001391,6.49000000,6.49000000,6.50000000,6.45000000,132534,86977101.18000001,0.77000000,0.00000000,0.00000000,1.54000000,国货航
2025-11-18,001391,6.48000000,6.44000000,6.49000000,6.42000000,158971,103944061.16000000,1.08000000,-0.77000000,-0.05000000,1.85000000,国货航
2025-11-19,001391,6.43000000,6.40000000,6.45000000,6.38000000,157290,102157034.72000000,1.09000000,-0.62000000,-0.04000000,1.83000000,国货航
2025-11-20,001391,6.40000000,6.39000000,6.41000000,6.38000000,99069,64236152.70000000,0.47000000,-0.16000000,-0.01000000,1.15000000,国货航
2025-11-21,001391,6.36000000,6.22000000,6.37000000,6.19000000,303145,192510040.22000000,2.82000000,-2.66000000,-0.17000000,3.53000000,国货航
2025-11-24,001391,6.21000000,6.23000000,6.24000000,6.18000000,156300,98409200.34999999,0.96000000,0.16000000,0.01000000,1.82000000,国货航
2025-11-25,001391,6.24000000,6.23000000,6.26000000,6.21000000,98240,62165470.13000000,0.80000000,0.00000000,0.00000000,1.14000000,国货航
2025-11-26,001391,6.24000000,6.19000000,6.25000000,6.19000000,120499,75956787.23999999,0.96000000,-0.64000000,-0.04000000,1.40000000,国货航
2025-11-27,001391,6.20000000,6.19000000,6.21000000,6.17000000,94662,59466069.37000000,0.65000000,0.00000000,0.00000000,1.10000000,国货航
2025-11-28,001391,6.19000000,6.20000000,6.21000000,6.16000000,102473,64272783.25000000,0.81000000,0.16000000,0.01000000,1.19000000,国货航
2025-12-01,001391,6.23000000,6.25000000,6.26000000,6.21000000,129587,82069888.29000001,0.81000000,0.81000000,0.05000000,1.51000000,国货航
2025-12-02,001391,6.25000000,6.22000000,6.26000000,6.21000000,66263,41854220.50000000,0.80000000,-0.48000000,-0.03000000,0.77000000,国货航
2025-12-03,001391,6.24000000,6.23000000,6.24000000,6.20000000,92490,58338870.34000000,0.64000000,0.16000000,0.01000000,1.08000000,国货航
2025-12-04,001391,6.21000000,6.18000000,6.23000000,6.17000000,124675,78201987.73999999,0.96000000,-0.80000000,-0.05000000,1.45000000,国货航
2025-12-05,001391,6.18000000,6.19000000,6.19000000,6.12000000,161234,100637147.94000000,1.13000000,0.16000000,0.01000000,1.88000000,国货航
2025-12-08,001391,6.19000000,6.20000000,6.20000000,6.18000000,98798,62055570.58000000,0.32000000,0.16000000,0.01000000,1.15000000,国货航
2025-12-09,001391,6.19000000,6.14000000,6.19000000,6.13000000,107792,67283708.00000000,0.97000000,-0.97000000,-0.06000000,1.26000000,国货航
2025-12-10,001391,6.13000000,6.13000000,6.14000000,6.09000000,129623,80358719.68000001,0.81000000,-0.16000000,-0.01000000,1.51000000,国货航
2025-12-11,001391,6.13000000,6.07000000,6.13000000,6.07000000,119022,73526892.93000001,0.98000000,-0.98000000,-0.06000000,1.39000000,国货航
2025-12-12,001391,6.08000000,6.07000000,6.10000000,6.07000000,115948,71589247.18000001,0.49000000,0.00000000,0.00000000,1.35000000,国货航
2025-12-15,001391,6.08000000,6.16000000,6.23000000,6.07000000,191804,119893028.23999999,2.64000000,1.48000000,0.09000000,2.23000000,国货航
2025-12-16,001391,6.17000000,6.10000000,6.18000000,6.08000000,118316,73292120.48000000,1.62000000,-0.97000000,-0.06000000,1.38000000,国货航
2025-12-17,001391,6.10000000,6.10000000,6.10000000,6.03000000,137094,84417688.75000000,1.15000000,0.00000000,0.00000000,1.60000000,国货航
2025-12-18,001391,6.08000000,6.14000000,6.16000000,6.06000000,152640,94995153.52000000,1.64000000,0.66000000,0.04000000,1.78000000,国货航
2025-12-19,001391,6.14000000,6.19000000,6.19000000,6.12000000,137154,85726131.47000000,1.14000000,0.81000000,0.05000000,1.60000000,国货航
2025-12-22,001391,6.18000000,6.15000000,6.18000000,6.14000000,91994,57486174.44000000,0.65000000,-0.65000000,-0.04000000,1.07000000,国货航
2025-12-23,001391,6.15000000,6.11000000,6.16000000,6.10000000,81282,50463027.20000000,0.98000000,-0.65000000,-0.04000000,0.95000000,国货航
2025-12-24,001391,6.11000000,6.11000000,6.12000000,6.09000000,64626,40047831.80000000,0.49000000,0.00000000,0.00000000,0.75000000,国货航
2025-12-25,001391,6.11000000,6.12000000,6.14000000,6.10000000,93601,58159135.95000000,0.65000000,0.16000000,0.01000000,1.09000000,国货航
2025-12-26,001391,6.11000000,6.09000000,6.13000000,6.08000000,104956,64964454.68000000,0.82000000,-0.49000000,-0.03000000,1.22000000,国货航
2025-12-29,001391,6.09000000,6.06000000,6.09000000,6.05000000,128374,79002896.16000000,0.66000000,-0.49000000,-0.03000000,1.49000000,国货航
2025-12-30,001391,6.04000000,5.93000000,6.06000000,5.91000000,413017,250688754.75999999,2.48000000,-2.15000000,-0.13000000,2.72000000,国货航
2025-12-31,001391,5.94000000,5.83000000,5.95000000,5.81000000,282111,167576141.03999999,2.36000000,-1.69000000,-0.10000000,1.86000000,国货航
2026-01-05,001391,5.83000000,5.87000000,5.88000000,5.81000000,249981,148466443.84000000,1.20000000,0.69000000,0.04000000,1.65000000,国货航
2026-01-06,001391,5.87000000,5.90000000,5.90000000,5.86000000,281096,167962273.88999999,0.68000000,0.51000000,0.03000000,1.85000000,国货航
2026-01-07,001391,5.90000000,5.86000000,5.90000000,5.84000000,232726,138483986.87000000,1.02000000,-0.68000000,-0.04000000,1.53000000,国货航
2026-01-08,001391,5.85000000,5.88000000,5.89000000,5.83000000,236269,140624121.84999999,1.02000000,0.34000000,0.02000000,1.56000000,国货航
2026-01-09,001391,5.87000000,5.88000000,5.89000000,5.86000000,237483,141644861.02000001,0.51000000,0.00000000,0.00000000,1.56000000,国货航
2026-01-12,001391,5.88000000,5.98000000,5.99000000,5.87000000,450778,272476945.06999999,2.04000000,1.70000000,0.10000000,2.97000000,国货航
2026-01-13,001391,5.98000000,5.93000000,5.98000000,5.92000000,360899,217799446.38999999,1.00000000,-0.84000000,-0.05000000,2.38000000,国货航
2026-01-14,001391,5.94000000,5.90000000,5.96000000,5.89000000,398147,239582452.09000000,1.18000000,-0.51000000,-0.03000000,2.62000000,国货航
2026-01-15,001391,5.88000000,5.86000000,5.91000000,5.86000000,230478,137523534.58000001,0.85000000,-0.68000000,-0.04000000,1.52000000,国货航
2026-01-16,001391,5.87000000,5.85000000,5.88000000,5.83000000,205857,122311635.58000000,0.85000000,-0.17000000,-0.01000000,1.35000000,国货航
2026-01-19,001391,5.84000000,5.87000000,5.88000000,5.82000000,179469,106699778.56999999,1.03000000,0.34000000,0.02000000,1.18000000,国货航
2026-01-20,001391,5.88000000,5.95000000,5.99000000,5.86000000,403943,243861310.43000001,2.21000000,1.36000000,0.08000000,2.66000000,国货航
2026-01-21,001391,5.93000000,5.92000000,5.94000000,5.90000000,228369,137195341.00000000,0.67000000,-0.50000000,-0.03000000,1.50000000,国货航
2026-01-22,001391,5.93000000,5.95000000,5.95000000,5.91000000,184516,111180944.76000001,0.68000000,0.51000000,0.03000000,1.21000000,国货航
2026-01-23,001391,5.95000000,5.95000000,5.96000000,5.92000000,239051,144103062.80000001,0.67000000,0.00000000,0.00000000,1.57000000,国货航
2026-01-26,001391,5.91000000,5.87000000,5.92000000,5.86000000,311853,186139735.40000001,1.01000000,-1.34000000,-0.08000000,2.05000000,国货航
2026-01-27,001391,5.85000000,5.84000000,5.87000000,5.81000000,243551,144268313.75000000,1.02000000,-0.51000000,-0.03000000,1.60000000,国货航
2026-01-28,001391,5.85000000,5.84000000,5.85000000,5.83000000,204353,121092212.75000000,0.34000000,0.00000000,0.00000000,1.34000000,国货航
2026-01-29,001391,5.84000000,5.88000000,5.89000000,5.78000000,315272,186771760.59000000,1.88000000,0.68000000,0.04000000,2.08000000,国货航
2026-01-30,001391,5.89000000,5.84000000,5.90000000,5.82000000,196266,116628776.28000000,1.36000000,-0.68000000,-0.04000000,1.29000000,国货航
2026-02-02,001391,5.82000000,5.79000000,5.85000000,5.78000000,183511,108354545.68000001,1.20000000,-0.86000000,-0.05000000,1.21000000,国货航
2026-02-03,001391,5.80000000,5.82000000,5.83000000,5.78000000,133961,78976499.84000000,0.86000000,0.52000000,0.03000000,0.88000000,国货航
2026-02-04,001391,5.82000000,5.87000000,5.89000000,5.80000000,235155,139697850.03999999,1.55000000,0.86000000,0.05000000,1.55000000,国货航
2026-02-05,001391,5.87000000,5.89000000,5.91000000,5.86000000,232370,139012673.56000000,0.85000000,0.34000000,0.02000000,1.53000000,国货航
2026-02-06,001391,5.86000000,5.92000000,6.04000000,5.84000000,331888,199719579.41999999,3.40000000,0.51000000,0.03000000,2.18000000,国货航
2026-02-09,001391,5.96000000,5.93000000,5.97000000,5.92000000,209510,126267475.34000000,0.84000000,0.17000000,0.01000000,1.38000000,国货航
2026-02-10,001391,5.93000000,5.91000000,5.94000000,5.90000000,127889,76783721.44000000,0.67000000,-0.34000000,-0.02000000,0.84000000,国货航
2026-02-11,001391,5.92000000,5.92000000,5.94000000,5.91000000,117657,70750112.23999999,0.51000000,0.17000000,0.01000000,0.77000000,国货航
2026-02-12,001391,5.93000000,5.89000000,5.93000000,5.88000000,129088,77325623.30000000,0.84000000,-0.51000000,-0.03000000,0.85000000,国货航
2026-02-13,001391,5.90000000,5.84000000,5.90000000,5.84000000,109183,65077369.00000000,1.02000000,-0.85000000,-0.05000000,0.72000000,国货航
2026-02-24,001391,5.87000000,5.87000000,5.89000000,5.85000000,95497,56911856.40000000,0.68000000,0.51000000,0.03000000,0.63000000,国货航
2026-02-25,001391,5.87000000,5.89000000,5.91000000,5.86000000,179513,107382555.31000000,0.85000000,0.34000000,0.02000000,1.18000000,国货航
2026-02-26,001391,5.89000000,5.86000000,5.89000000,5.85000000,124508,74164151.00000000,0.68000000,-0.51000000,-0.03000000,0.82000000,国货航
2026-02-27,001391,5.86000000,5.90000000,5.91000000,5.84000000,162954,97347575.15000001,1.19000000,0.68000000,0.04000000,1.07000000,国货航
2026-03-02,001391,5.87000000,5.74000000,5.87000000,5.71000000,505238,296122132.00000000,2.71000000,-2.71000000,-0.16000000,3.33000000,国货航
2026-03-03,001391,5.73000000,5.73000000,5.77000000,5.71000000,252274,147145654.19000000,1.05000000,-0.17000000,-0.01000000,1.66000000,国货航
2026-03-04,001391,5.71000000,5.62000000,5.71000000,5.59000000,270034,154330904.40000001,2.09000000,-1.92000000,-0.11000000,1.78000000,国货航
2026-03-05,001391,5.65000000,5.65000000,5.67000000,5.63000000,135529,77828020.50000000,0.71000000,0.53000000,0.03000000,0.89000000,国货航
2026-03-06,001391,5.62000000,5.69000000,5.70000000,5.62000000,134704,77620829.58000000,1.42000000,0.71000000,0.04000000,0.89000000,国货航
2026-03-09,001391,5.64000000,5.60000000,5.68000000,5.55000000,263449,150010913.44999999,2.28000000,-1.58000000,-0.09000000,1.73000000,国货航
2026-03-10,001391,5.62000000,5.63000000,5.64000000,5.61000000,112834,64548923.40000000,0.54000000,0.54000000,0.03000000,0.74000000,国货航
2026-03-11,001391,5.64000000,5.62000000,5.65000000,5.61000000,124820,71299675.13000000,0.71000000,-0.18000000,-0.01000000,0.82000000,国货航
2026-03-12,001391,5.61000000,5.61000000,5.63000000,5.59000000,163572,93196856.09999999,0.71000000,-0.18000000,-0.01000000,1.08000000,国货航
2026-03-13,001391,5.59000000,5.61000000,5.64000000,5.57000000,156526,89278713.65000001,1.25000000,0.00000000,0.00000000,1.03000000,国货航
2026-03-16,001391,5.62000000,5.61000000,5.63000000,5.59000000,151095,86105456.45000000,0.71000000,0.00000000,0.00000000,0.99000000,国货航
2026-03-17,001391,5.62000000,5.64000000,5.67000000,5.61000000,249383,142846102.59999999,1.07000000,0.53000000,0.03000000,1.64000000,国货航
2026-03-18,001391,5.64000000,5.59000000,5.65000000,5.56000000,224051,127151409.03000000,1.60000000,-0.89000000,-0.05000000,1.47000000,国货航
2026-03-19,001391,5.56000000,5.47000000,5.57000000,5.46000000,258870,144884790.58000001,1.97000000,-2.15000000,-0.12000000,1.70000000,国货航
2026-03-20,001391,5.47000000,5.41000000,5.49000000,5.39000000,213975,118145026.97000000,1.83000000,-1.10000000,-0.06000000,1.41000000,国货航
2026-03-23,001391,5.34000000,5.15000000,5.34000000,5.12000000,299586,158667170.00000000,4.07000000,-4.81000000,-0.26000000,1.97000000,国货航
2026-03-24,001391,5.19000000,5.26000000,5.27000000,5.15000000,210926,112083492.41000000,2.33000000,2.14000000,0.11000000,1.39000000,国货航
2026-03-25,001391,5.27000000,5.26000000,5.29000000,5.25000000,186743,100050517.65000001,0.76000000,0.00000000,0.00000000,1.23000000,国货航
2026-03-26,001391,5.26000000,5.21000000,5.31000000,5.19000000,187372,99813212.72000000,2.28000000,-0.95000000,-0.05000000,1.23000000,国货航
2026-03-27,001391,5.17000000,5.23000000,5.24000000,5.16000000,162582,86212277.23000000,1.54000000,0.38000000,0.02000000,1.07000000,国货航
2026-03-30,001391,5.17000000,5.19000000,5.20000000,5.13000000,162249,85314700.56000000,1.34000000,-0.76000000,-0.04000000,1.07000000,国货航
2026-03-31,001391,5.19000000,5.15000000,5.26000000,5.14000000,161277,85311744.40000001,2.31000000,-0.77000000,-0.04000000,1.06000000,国货航
2026-04-01,001391,5.21000000,5.23000000,5.26000000,5.17000000,191506,101594245.00000000,1.75000000,1.55000000,0.08000000,1.26000000,国货航
2026-04-02,001391,5.20000000,5.19000000,5.32000000,5.17000000,220954,117270991.00000000,2.87000000,-0.76000000,-0.04000000,1.45000000,国货航
2026-04-03,001391,5.17000000,5.11000000,5.19000000,5.11000000,147231,76997904.00000000,1.54000000,-1.54000000,-0.08000000,0.97000000,国货航
2026-04-07,001391,5.12000000,5.13000000,5.18000000,5.11000000,87829,45883557.71000000,1.37000000,0.39000000,0.02000000,0.58000000,国货航
2026-04-08,001391,5.21000000,5.26000000,5.26000000,5.20000000,263805,140463455.38000000,1.17000000,2.53000000,0.13000000,1.74000000,国货航
2026-04-09,001391,5.23000000,5.18000000,5.24000000,5.17000000,179983,95134168.00000000,1.33000000,-1.52000000,-0.08000000,1.18000000,国货航
2026-04-10,001391,5.23000000,5.23000000,5.27000000,5.21000000,190031,101362266.95999999,1.16000000,0.97000000,0.05000000,1.25000000,国货航
2026-04-13,001391,5.22000000,5.20000000,5.22000000,5.19000000,126171,66776370.37000000,0.57000000,-0.57000000,-0.03000000,0.83000000,国货航
2026-04-14,001391,5.23000000,5.22000000,5.24000000,5.19000000,127975,67775663.59000000,0.96000000,0.38000000,0.02000000,0.84000000,国货航
2026-04-15,001391,5.24000000,5.24000000,5.29000000,5.21000000,228178,121812766.70000000,1.53000000,0.38000000,0.02000000,1.50000000,国货航
2026-04-16,001391,5.22000000,5.23000000,5.24000000,5.21000000,146643,77913996.00000000,0.57000000,-0.19000000,-0.01000000,0.97000000,国货航
2026-04-17,001391,5.23000000,5.20000000,5.24000000,5.19000000,98456,52097365.09000000,0.96000000,-0.57000000,-0.03000000,0.65000000,国货航
2026-04-20,001391,5.20000000,5.23000000,5.23000000,5.19000000,110193,58424026.95000000,0.77000000,0.58000000,0.03000000,0.73000000,国货航
2026-04-21,001391,5.22000000,5.23000000,5.24000000,5.20000000,81313,43137746.04000000,0.76000000,0.00000000,0.00000000,0.54000000,国货航
2026-04-22,001391,5.23000000,5.24000000,5.24000000,5.21000000,101710,54043083.88000000,0.57000000,0.19000000,0.01000000,0.67000000,国货航
2026-04-23,001391,5.23000000,5.23000000,5.24000000,5.20000000,121909,64655277.00000000,0.76000000,-0.19000000,-0.01000000,0.80000000,国货航
2026-04-24,001391,5.21000000,5.16000000,5.22000000,5.14000000,177990,93595863.00000000,1.53000000,-1.34000000,-0.07000000,1.17000000,国货航
2026-04-27,001391,5.16000000,5.18000000,5.18000000,5.12000000,113963,59739707.72000000,1.16000000,0.39000000,0.02000000,0.75000000,国货航
2026-04-28,001391,5.17000000,5.10000000,5.19000000,5.07000000,213910,111413215.30000000,2.32000000,-1.54000000,-0.08000000,1.41000000,国货航
2026-04-29,001391,5.08000000,5.10000000,5.12000000,5.06000000,144114,74778552.97000000,1.18000000,0.00000000,0.00000000,0.95000000,国货航
2026-04-30,001391,5.09000000,5.11000000,5.13000000,5.09000000,112682,58598001.23000000,0.78000000,0.20000000,0.01000000,0.74000000,国货航
2026-05-06,001391,5.13000000,5.12000000,5.13000000,5.11000000,137162,71449804.80000000,0.39000000,0.20000000,0.01000000,0.90000000,国货航
2026-05-07,001391,5.13000000,5.13000000,5.15000000,5.11000000,141063,73554932.00000000,0.78000000,0.20000000,0.01000000,0.93000000,国货航
2026-05-08,001391,5.13000000,5.25000000,5.28000000,5.11000000,449361,238277067.63999999,3.31000000,2.34000000,0.12000000,2.96000000,国货航
2026-05-11,001391,5.26000000,5.24000000,5.26000000,5.20000000,210965,112083292.69000000,1.14000000,-0.19000000,-0.01000000,1.39000000,国货航
2026-05-12,001391,5.23000000,5.19000000,5.24000000,5.18000000,161136,85293429.00000000,1.15000000,-0.95000000,-0.05000000,1.06000000,国货航
2026-05-13,001391,5.18000000,5.23000000,5.23000000,5.16000000,145010,76647514.08000000,1.35000000,0.77000000,0.04000000,0.95000000,国货航
2026-05-14,001391,5.23000000,5.41000000,5.54000000,5.18000000,882049,482879411.98000002,6.88000000,3.44000000,0.18000000,5.81000000,国货航
2026-05-15,001391,5.38000000,5.31000000,5.38000000,5.28000000,370129,200175108.84999999,1.85000000,-1.85000000,-0.10000000,2.44000000,国货航
2026-05-18,001391,5.31000000,5.28000000,5.34000000,5.24000000,202430,108600866.31999999,1.88000000,-0.56000000,-0.03000000,1.33000000,国货航
2026-05-19,001391,5.25000000,5.28000000,5.30000000,5.21000000,222360,118579958.28000000,1.70000000,0.00000000,0.00000000,1.46000000,国货航
2026-05-20,001391,5.26000000,5.17000000,5.26000000,5.16000000,171279,90388299.98000000,1.89000000,-2.08000000,-0.11000000,1.13000000,国货航
2026-05-21,001391,5.18000000,5.17000000,5.22000000,5.16000000,185936,98222844.47000000,1.16000000,0.00000000,0.00000000,1.22000000,国货航
2026-05-22,001391,5.17000000,5.14000000,5.17000000,5.11000000,135165,70663551.68000001,1.16000000,-0.58000000,-0.03000000,0.89000000,国货航
2026-05-25,001391,5.16000000,5.17000000,5.18000000,5.12000000,122153,63999543.49000000,1.17000000,0.58000000,0.03000000,0.80000000,国货航
2026-05-26,001391,5.16000000,5.14000000,5.18000000,5.11000000,120012,62781875.90000000,1.35000000,-0.58000000,-0.03000000,0.79000000,国货航
2026-05-27,001391,5.12000000,5.10000000,5.15000000,5.08000000,139637,72498034.06000000,1.36000000,-0.78000000,-0.04000000,0.92000000,国货航
2026-05-28,001391,5.10000000,5.06000000,5.12000000,5.05000000,132262,68252883.34999999,1.37000000,-0.78000000,-0.04000000,0.87000000,国货航
2026-05-29,001391,5.07000000,5.07000000,5.11000000,5.06000000,106038,54893249.83000000,0.99000000,0.20000000,0.01000000,0.70000000,国货航
2026-06-01,001391,5.08000000,5.15000000,5.15000000,5.05000000,137471,71526050.90000001,1.97000000,1.58000000,0.08000000,0.90000000,国货航
2026-06-02,001391,5.15000000,5.11000000,5.16000000,5.10000000,84193,43807716.00000000,1.17000000,-0.78000000,-0.04000000,0.55000000,国货航
2026-06-03,001391,5.10000000,5.07000000,5.11000000,5.05000000,129283,66641902.40000000,1.17000000,-0.78000000,-0.04000000,0.85000000,国货航
2026-06-04,001391,5.06000000,4.96000000,5.07000000,4.96000000,151260,76902620.45000000,2.17000000,-2.17000000,-0.11000000,1.00000000,国货航
2026-06-05,001391,4.98000000,4.97000000,5.00000000,4.97000000,80559,40875996.29000000,0.60000000,0.20000000,0.01000000,0.53000000,国货航
2026-06-08,001391,4.94000000,4.83000000,4.94000000,4.82000000,152810,75908064.00000000,2.41000000,-2.82000000,-0.14000000,1.01000000,国货航
2026-06-09,001391,4.83000000,4.83000000,4.86000000,4.82000000,74212,36521842.12000000,0.83000000,0.00000000,0.00000000,0.49000000,国货航
2026-06-10,001391,4.83000000,4.69000000,4.83000000,4.66000000,172121,82650424.86000000,3.52000000,-2.90000000,-0.14000000,1.13000000,国货航
2026-06-11,001391,4.67000000,4.55000000,4.67000000,4.52000000,173691,80967932.95000000,3.20000000,-2.99000000,-0.14000000,1.14000000,国货航
2026-06-12,001391,4.60000000,4.65000000,4.67000000,4.57000000,241520,114161186.79000001,2.20000000,2.20000000,0.10000000,1.59000000,国货航
2026-06-15,001391,4.70000000,4.65000000,4.78000000,4.62000000,212942,101919631.56000000,3.44000000,0.00000000,0.00000000,1.40000000,国货航
2026-06-16,001391,4.64000000,4.57000000,4.64000000,4.54000000,147482,68662476.15000001,2.15000000,-1.72000000,-0.08000000,0.97000000,国货航
2026-06-17,001391,4.57000000,4.44000000,4.58000000,4.43000000,229760,104871579.00000000,3.28000000,-2.84000000,-0.13000000,1.51000000,国货航
2026-06-18,001391,4.41000000,4.30000000,4.42000000,4.27000000,262856,116118782.66000000,3.38000000,-3.15000000,-0.14000000,1.73000000,国货航
2026-06-22,001391,4.29000000,4.32000000,4.33000000,4.18000000,266600,115541602.59000000,3.49000000,0.47000000,0.02000000,1.75000000,国货航
2026-06-23,001391,4.30000000,4.28000000,4.36000000,4.25000000,263668,115766871.56999999,2.55000000,-0.93000000,-0.04000000,1.74000000,国货航
2026-06-24,001391,4.26000000,4.16000000,4.28000000,4.15000000,217806,93260537.55000000,3.04000000,-2.80000000,-0.12000000,1.43000000,国货航
2026-06-25,001391,4.17000000,4.17000000,4.21000000,4.12000000,231627,98450699.45000000,2.16000000,0.24000000,0.01000000,1.52000000,国货航
2026-06-26,001391,4.13000000,4.06000000,4.14000000,4.04000000,256833,107081382.01000001,2.40000000,-2.64000000,-0.11000000,1.69000000,国货航
2026-06-29,001391,4.04000000,4.03000000,4.06000000,3.92000000,259014,105892010.59999999,3.45000000,-0.74000000,-0.03000000,1.70000000,国货航
2026-06-30,001391,4.01000000,3.98000000,4.03000000,3.96000000,234458,95549316.00000000,1.74000000,-1.24000000,-0.05000000,1.54000000,国货航
2026-07-01,001391,4.02000000,4.10000000,4.15000000,4.00000000,314423,131340840.81000000,3.77000000,3.02000000,0.12000000,2.07000000,国货航
2026-07-02,001391,4.12000000,4.16000000,4.24000000,4.10000000,284804,118735441.00000000,3.41000000,1.46000000,0.06000000,1.87000000,国货航
2026-07-03,001391,4.16000000,4.23000000,4.28000000,4.16000000,268681,113557785.30000000,2.88000000,1.68000000,0.07000000,1.77000000,国货航
