ts_code,trade_date,date,adj_factor,vol,amount,qfq_open,qfq_high,qfq_low,qfq_close,qfq_pre_close,qfq_change,qfq_pct_chg
688256.SH,2025-07-04,2025-07-04,1.0,56859.33,3111587.176,365.47746781115876,374.175160944206,361.23256437768237,367.13385193133047,,,
688256.SH,2025-07-07,2025-07-07,1.0,33310.55,1810291.915,364.8068669527897,371.418991416309,362.80177038626607,363.0498927038626,367.13385193133047,-4.083959227467858,-1.1123897199846695
688256.SH,2025-07-08,2025-07-08,1.0,39527.81,2143484.029,362.1244635193133,365.6786480686695,360.850321888412,363.9820278969957,363.0498927038626,0.9321351931330923,0.25675126528502484
688256.SH,2025-07-09,2025-07-09,1.0,49069.59,2643083.782,364.8068669527897,365.3299356223176,357.7655579399141,358.7714592274678,363.9820278969957,-5.210568669527902,-1.431545590213167
688256.SH,2025-07-10,2025-07-10,1.0,85815.16,4522151.657,358.10756437768237,360.6960836909871,349.16174892703856,351.05954935622316,358.7714592274678,-7.711909871244643,-2.149532710280376
688256.SH,2025-07-11,2025-07-11,1.0,116436.72,6359225.561,350.7242489270386,375.5096566523605,350.7242489270386,371.4994635193133,351.05954935622316,20.439914163090123,5.822349570200572
688256.SH,2025-07-14,2025-07-14,1.0,65114.93,3678055.659,372.1834763948498,382.2424892703863,371.5128755364807,378.92972103004286,371.4994635193133,7.430257510729575,2.0000722047727253
688256.SH,2025-07-15,2025-07-15,1.0,59685.89,3309396.823,378.21888412017165,378.21888412017165,366.6577253218884,370.9093347639485,378.92972103004286,-8.020386266094363,-2.1165893887374643
688256.SH,2025-07-16,2025-07-16,1.0,97122.72,5629778.216,367.5496244635193,397.73336909871244,367.5496244635193,389.0759120171674,370.9093347639485,18.166577253218918,4.897848490327256
688256.SH,2025-07-17,2025-07-17,1.0,79737.17,4557378.595,385.59549356223175,392.29479613733906,375.02011802575106,390.55793991416306,389.0759120171674,1.4820278969956462,0.38090970199415836
688256.SH,2025-07-18,2025-07-18,1.0,51156.45,2984533.701,389.3173283261802,395.64109442060084,387.62741416309007,390.7054721030043,390.55793991416306,0.14753218884123953,0.03777472527473496
688256.SH,2025-07-21,2025-07-21,1.0,59576.41,3509550.816,393.64270386266094,402.07215665236055,389.00214592274676,390.28969957081546,390.7054721030043,-0.41577253218883925,-0.1064158456626956
688256.SH,2025-07-22,2025-07-22,1.0,65632.2,3894927.712,390.2226394849785,403.09146995708153,389.0155579399142,398.28996781115876,390.28969957081546,8.000268240343303,2.049828178694147
688256.SH,2025-07-23,2025-07-23,1.0,54486.53,3236985.175,397.8004291845494,404.3723175965665,393.32752145922746,399.3830472103004,398.28996781115876,1.0930793991416294,0.2744431161921435
688256.SH,2025-07-24,2025-07-24,1.0,49166.21,2941834.944,396.6604077253219,405.6799892703863,396.6604077253219,402.5147532188841,399.3830472103004,3.1317060085837056,0.7841359392840389
688256.SH,2025-07-25,2025-07-25,1.0,127392.73,8133258.858,402.0453326180257,468.08610515021456,402.0453326180257,451.5155579399141,402.5147532188841,49.00080472103002,12.173666761074916
688256.SH,2025-07-28,2025-07-28,1.0,95079.83,6379660.931,451.3143776824034,461.84281115879827,438.5863733905579,455.337982832618,451.5155579399141,3.822424892703907,0.8465765631962078
688256.SH,2025-07-29,2025-07-29,1.0,114103.81,7988279.23,453.3261802575107,481.49141630901283,451.3143776824034,476.64967811158795,455.337982832618,21.31169527896992,4.680412371134013
688256.SH,2025-07-30,2025-07-30,1.0,76531.96,5304272.237,469.4206008583691,474.7854077253219,456.0085836909871,459.1604077253219,476.64967811158795,-17.48927038626607,-3.669208475196259
688256.SH,2025-07-31,2025-07-31,1.0,117690.78,8333907.585,459.3615879828326,492.8916309012875,456.01528969957076,475.7913090128755,459.1604077253219,16.630901287553627,3.6220242441945336
688256.SH,2025-08-01,2025-08-01,1.0,71835.98,4998268.095,469.4206008583691,480.15021459227466,456.0085836909871,462.1110515021459,475.7913090128755,-13.680257510729575,-2.8752642706131
688256.SH,2025-08-04,2025-08-04,1.0,57761.09,3987683.051,461.0917381974249,469.38707081545067,452.76958154506434,462.0842274678111,462.1110515021459,-0.0268240343348225,-0.005804672761585737
688256.SH,2025-08-05,2025-08-05,1.0,48788.23,3379825.557,460.0321888412017,469.35354077253214,457.7387339055794,466.0675965665236,462.0842274678111,3.983369098712501,0.8620439439236179
688256.SH,2025-08-06,2025-08-06,1.0,43399.78,2997970.928,463.96190987124464,466.99973175965664,459.3615879828326,465.625,466.0675965665236,-0.4425965665236049,-0.09496402877697836
688256.SH,2025-08-07,2025-08-07,1.0,108244.28,7687346.63,469.76260729613733,490.2092274678111,460.0388948497854,471.4324034334764,465.625,5.807403433476395,1.2472275830284876
688256.SH,2025-08-08,2025-08-08,1.0,65253.31,4496880.601,463.3851931330472,471.3854613733905,449.3025751072961,464.59227467811155,471.4324034334764,-6.840128755364844,-1.4509246088193535
688256.SH,2025-08-11,2025-08-11,1.0,55594.27,3916076.012,464.39109442060084,477.3336909871244,463.12365879828326,474.3830472103004,464.59227467811155,9.79077253218884,2.107390300230947
688256.SH,2025-08-12,2025-08-12,1.0,191621.93,15126074.903,471.0971030042918,569.2596566523605,466.7784334763948,569.2596566523605,474.3830472103004,94.8766094420601,20.000000000000004
688256.SH,2025-08-13,2025-08-13,1.0,134683.86,11355310.256,556.5987124463519,582.0815450643777,549.8927038626609,576.7167381974249,569.2596566523605,7.457081545064398,1.3099613608519496
688256.SH,2025-08-14,2025-08-14,1.0,150710.68,14035314.03,580.0697424892703,660.5418454935622,580.0697424892703,636.4002145922747,576.7167381974249,59.68347639484978,10.348837209302324
688256.SH,2025-08-15,2025-08-15,1.0,110398.69,10171678.36,618.9645922746781,627.0118025751073,606.7663626609441,619.4340128755365,636.4002145922747,-16.96620171673817,-2.6659641728134833
688256.SH,2025-08-18,2025-08-18,1.0,115423.02,11085893.402,637.258583690987,662.5469420600858,620.6142703862661,637.0708154506437,619.4340128755365,17.636802575107254,2.8472447764425612
688256.SH,2025-08-19,2025-08-19,1.0,105469.57,10074664.704,629.6942060085837,671.3385193133047,622.263948497854,626.3277896995708,637.0708154506437,-10.743025751072992,-1.6863157894736889
688256.SH,2025-08-20,2025-08-20,1.0,127059.5,12383503.093,617.0265557939914,688.7070815450643,603.5407725321888,679.318669527897,626.3277896995708,52.99087982832623,8.460566607422008
688256.SH,2025-08-21,2025-08-21,1.0,114027.97,11930000.15,684.0128755364807,724.369635193133,674.3361051502146,694.7424892703863,679.318669527897,15.423819742489286,2.270483711747288
688256.SH,2025-08-22,2025-08-22,1.0,141160.82,16488719.338,720.895922746781,833.6909871244635,720.895922746781,833.6909871244635,694.7424892703863,138.94849785407723,19.999999999999996
688256.SH,2025-08-25,2025-08-25,1.0,187639.05,24989985.4,885.8637339055794,932.8057939914163,848.9806866952789,928.7352467811158,833.6909871244635,95.04425965665234,11.400418275418273
688256.SH,2025-08-26,2025-08-26,1.0,118132.28,15643165.298,878.4871244635193,903.969957081545,864.4112124463519,891.2285407725321,928.7352467811158,-37.506706008583706,-4.038471258475159
688256.SH,2025-08-27,2025-08-27,1.0,178950.9,25003097.032,924.6781115879828,982.4168454935622,899.2891630901287,920.1314377682403,891.2285407725321,28.902896995708147,3.2430398796087276
688256.SH,2025-08-28,2025-08-28,1.0,178270.45,26023907.975,952.2532188841201,1070.1984978540772,932.8057939914163,1064.8538090128754,920.1314377682403,144.72237124463516,15.728445448582463
688256.SH,2025-08-29,2025-08-29,1.0,178637.73,26507283.491,992.4892703862661,1029.3521995708154,952.2532188841201,1000.8650751072961,1064.8538090128754,-63.98873390557935,-6.009156690240626
688256.SH,2025-09-01,2025-09-01,1.0,175381.16,25070934.112,979.077253218884,1011.6684549356222,911.1789163090128,971.2915772532189,1000.8650751072961,-29.57349785407723,-2.9547936669592407
688256.SH,2025-09-02,2025-09-02,1.0,173376.45,25731181.437,973.0418454935622,1032.725321888412,959.6298283261802,992.4892703862661,971.2915772532189,21.19769313304721,2.182423242358757
688256.SH,2025-09-03,2025-09-03,1.0,141492.06,19901150.24,951.582618025751,964.994635193133,919.3937768240343,942.1942060085836,992.4892703862661,-50.29506437768248,-5.0675675675675755
688256.SH,2025-09-04,2025-09-04,1.0,221653.87,28013149.023,922.0761802575107,931.464592274678,792.6502145922747,806.0622317596566,942.1942060085836,-136.131974248927,-14.448398576512453
688256.SH,2025-09-05,2025-09-05,1.0,200038.78,24705957.244,818.1330472103003,878.5877145922747,785.9442060085836,859.3481759656652,806.0622317596566,53.285944206008594,6.61064891846922
688256.SH,2025-09-08,2025-09-08,1.0,140728.03,17136817.058,834.8980686695279,843.6091738197424,793.3208154506437,813.2913090128754,859.3481759656652,-46.05686695278973,-5.359511806845322
688256.SH,2025-09-09,2025-09-09,1.0,103581.54,12767436.237,791.3157188841201,849.651287553648,791.3157188841201,823.544796137339,813.2913090128754,10.253487124463504,1.2607397879252609
688256.SH,2025-09-10,2025-09-10,1.0,138585.37,17662160.171,850.3218884120171,888.5461373390557,829.3857296137338,853.6748927038626,823.544796137339,30.13009656652366,3.6585862369408986
688256.SH,2025-09-11,2025-09-11,1.0,190932.43,25996861.983,868.4281115879828,963.2980150214592,855.6866952789699,930.1233905579398,853.6748927038626,76.44849785407723,8.955223880597012
688256.SH,2025-09-12,2025-09-12,1.0,197411.49,28695031.003,930.1233905579398,1020.8020386266094,920.0643776824033,997.8540772532189,930.1233905579398,67.73068669527902,7.281903388608512
688256.SH,2025-09-15,2025-09-15,1.0,114491.32,16564077.105,1009.2542918454935,1025.6169527896996,946.284871244635,965.6652360515021,997.8540772532189,-32.18884120171674,-3.225806451612904
688256.SH,2025-09-16,2025-09-16,1.0,136802.74,20074698.247,984.4420600858368,1024.6781115879828,957.9734442060085,965.732296137339,965.6652360515021,0.06706008583682888,0.006944444444436057
688256.SH,2025-09-17,2025-09-17,1.0,98617.47,14146955.67,947.7601931330471,985.7966738197424,920.2320278969956,967.0064377682403,965.732296137339,1.2741416309013402,0.1319352822720699
688256.SH,2025-09-18,2025-09-18,1.0,171994.85,25149758.553,1011.2660944206008,1017.9721030042917,926.1735515021458,952.9171137339056,967.0064377682403,-14.089324034334709,-1.4570041608876503
688256.SH,2025-09-19,2025-09-19,1.0,126552.24,17405922.549,933.4763948497854,952.2532188841201,899.9463519313305,904.8015021459227,952.9171137339056,-48.115611587982926,-5.04929661714721
688256.SH,2025-09-22,2025-09-22,1.0,134359.68,18462164.26,890.5512339055794,958.8921673819742,872.4517167381974,937.5,904.8015021459227,32.698497854077345,3.6138863360113946
688256.SH,2025-09-23,2025-09-23,1.0,128180.62,17429935.879,938.8412017167382,955.6062231759656,880.7202253218883,905.5659871244635,937.5,-31.934012875536496,-3.4062947067238927
688256.SH,2025-09-24,2025-09-24,1.0,100897.18,13721388.643,891.8991416309012,938.8412017167382,891.8991416309012,921.4055793991416,905.5659871244635,15.839592274678125,1.7491372798767768
688256.SH,2025-09-25,2025-09-25,1.0,90301.12,12516091.788,918.3141094420602,948.893508583691,905.3111587982833,929.9155042918454,921.4055793991416,8.509924892703793,0.9235807860261933
688256.SH,2025-09-26,2025-09-26,1.0,75520.99,10227301.335,915.3701716738196,932.1351931330472,894.5815450643777,897.9345493562231,929.9155042918454,-31.98095493562232,-3.4391248224188544
688256.SH,2025-09-29,2025-09-29,1.0,90298.05,11815948.745,885.1931330472103,897.9211373390558,852.3336909871244,887.5402360515021,897.9345493562231,-10.394313304720981,-1.1575802837938707
688256.SH,2025-09-30,2025-09-30,1.0,86539.81,11699849.21,930.7939914163089,938.1706008583691,884.006169527897,888.5461373390557,887.5402360515021,1.00590128755357,0.11333585190781137
688256.SH,2025-10-09,2025-10-09,1.0,118338.23,16137619.926,912.3524678111587,942.817864806867,893.2403433476394,893.770118025751,888.5461373390557,5.223980686695313,0.5879245283018907
688256.SH,2025-10-10,2025-10-10,1.0,108213.0,13767648.794,873.1223175965665,874.6714055793991,832.2089592274677,836.2929184549355,893.770118025751,-57.477199570815515,-6.430870579761261
688256.SH,2025-10-13,2025-10-13,1.0,87752.78,11019557.222,811.4270386266094,857.0278969957081,811.4270386266094,846.3720493562231,836.2929184549355,10.079130901287613,1.2052153831350105
688256.SH,2025-10-14,2025-10-14,1.0,105876.0,12861254.895,852.9975858369098,852.9975858369098,798.0150214592275,802.038626609442,846.3720493562231,-44.33342274678114,-5.238053735411338
688256.SH,2025-10-15,2025-10-15,1.0,70806.98,8637499.885,810.0858369098712,836.2258583690987,798.0150214592275,832.8862660944205,802.038626609442,30.847639484978572,3.8461538461538507
688256.SH,2025-10-16,2025-10-16,1.0,96667.9,12409422.159,844.9570815450643,877.1190987124463,844.9570815450643,854.3454935622317,832.8862660944205,21.45922746781116,2.5764895330112725
688256.SH,2025-10-17,2025-10-17,1.0,84813.74,10607162.139,841.5705472103004,864.5922746781115,816.946083690987,836.695278969957,854.3454935622317,-17.650214592274665,-2.065934065934065
688256.SH,2025-10-20,2025-10-20,1.0,128071.07,16518765.341,853.7486587982831,894.5547210300429,832.550965665236,859.1201716738196,836.695278969957,22.42489270386261,2.6801744036932487
688256.SH,2025-10-21,2025-10-21,1.0,146125.63,19240518.795,859.1201716738196,924.087982832618,834.8980686695279,918.0257510729614,859.1201716738196,58.90557939914174,6.856500562008256
688256.SH,2025-10-22,2025-10-22,1.0,141335.62,19814513.226,899.2757510729613,984.4420600858368,897.9345493562231,958.6239270386266,918.0257510729614,40.59817596566518,4.422335203366052
688256.SH,2025-10-23,2025-10-23,1.0,79242.08,11008098.775,944.87660944206,950.2414163090128,915.3701716738196,938.1035407725323,958.6239270386266,-20.520386266094306,-2.1406086044071233
688256.SH,2025-10-24,2025-10-24,1.0,159565.6,23402505.412,955.6062231759656,1038.0901287553647,941.5236051502145,1022.6663090128754,938.1035407725323,84.56276824034319,9.01422546286366
688256.SH,2025-10-27,2025-10-27,1.0,122356.06,18757215.645,1046.137339055794,1046.1440450643777,1001.2070815450643,1026.475321888412,1022.6663090128754,3.8090128755366095,0.37245901639345524
688256.SH,2025-10-28,2025-10-28,1.0,104310.9,15591302.965,1009.2542918454935,1028.5608905579397,977.0654506437768,991.5370171673819,1026.475321888412,-34.938304721030136,-3.4037159955052743
688256.SH,2025-10-29,2025-10-29,1.0,101228.54,14915634.309,979.077253218884,1026.609442060086,960.9710300429184,979.7478540772531,991.5370171673819,-11.789163090128795,-1.188978614616731
688256.SH,2025-10-30,2025-10-30,1.0,117364.77,16889724.409,965.6652360515021,1005.8744635193133,938.8479077253219,953.5944206008584,979.7478540772531,-26.153433476394753,-2.6694045174537893
688256.SH,2025-10-31,2025-10-31,1.0,85167.38,11831070.79,944.1791845493563,948.2296137339056,922.0761802575107,922.0761802575107,953.5944206008584,-31.518240343347657,-3.305203938115332
688256.SH,2025-11-03,2025-11-03,1.0,63788.88,8590648.848,895.2521459227468,912.4597639484979,895.2521459227468,903.0311158798282,922.0761802575107,-19.04506437768248,-2.0654545454545534
688256.SH,2025-11-04,2025-11-04,1.0,71501.62,9736393.898,918.7231759656652,932.7052038626608,889.2167381974249,898.3369098712445,903.0311158798282,-4.694206008583706,-0.5198277142432811
688256.SH,2025-11-05,2025-11-05,1.0,67698.87,9005687.036,868.4281115879828,915.3701716738196,865.8194742489269,903.969957081545,898.3369098712445,5.633047210300447,0.6270528515974938
688256.SH,2025-11-06,2025-11-06,1.0,134785.95,19250016.672,929.4527896995708,993.0793991416309,919.5480150214592,992.4892703862661,903.969957081545,88.5193133047211,9.79228486646885
688256.SH,2025-11-07,2025-11-07,1.0,66444.28,9618929.569,976.0930793991415,985.0321888412018,959.0128755364806,960.6357296137338,992.4892703862661,-31.853540772532256,-3.2094594594594663
688256.SH,2025-11-10,2025-11-10,1.0,89348.59,12282433.932,958.9793454935622,972.3712446351931,896.6000536480686,933.1410944206008,960.6357296137338,-27.494635193133036,-2.8621291448516573
688256.SH,2025-11-11,2025-11-11,1.0,90176.81,12109374.239,937.5,940.8530042918454,871.1842811158797,891.8991416309012,933.1410944206008,-41.24195278969955,-4.419690980955802
688256.SH,2025-11-12,2025-11-12,1.0,67212.32,9031583.735,879.8283261802575,922.0761802575107,877.145922746781,915.8932403433475,891.8991416309012,23.994098712446316,2.6902255639097703
688256.SH,2025-11-13,2025-11-13,1.0,61507.83,8363426.246,906.6523605150214,930.1233905579398,891.2285407725321,928.7151287553648,915.8932403433475,12.821888412017302,1.3999326392244873
688256.SH,2025-11-14,2025-11-14,1.0,62737.92,8403397.057,905.3111587982833,915.4573497854077,888.0767167381973,888.5528433476394,928.7151287553648,-40.16228540772545,-4.324499963896324
688256.SH,2025-11-17,2025-11-17,1.0,67492.79,8840817.365,883.1478004291845,899.9530579399141,860.6357296137339,873.8599785407724,888.5528433476394,-14.692864806866964,-1.6535724258684856
688256.SH,2025-11-18,2025-11-18,1.0,60034.36,7979099.417,875.7711909871244,901.5826180257511,865.7390021459227,889.6861587982833,873.8599785407724,15.826180257510828,1.8110659197298862
688256.SH,2025-11-19,2025-11-19,1.0,42413.04,5664290.197,885.1931330472103,905.3111587982833,885.1931330472103,893.2403433476394,889.6861587982833,3.554184549356137,0.39948745006405906
688256.SH,2025-11-20,2025-11-20,1.0,38874.85,5185546.03,912.694474248927,915.7591201716738,885.1931330472103,886.7355150214592,893.2403433476394,-6.504828326180245,-0.728228228228227
688256.SH,2025-11-21,2025-11-21,1.0,72573.06,9176505.152,865.276287553648,870.4399141630901,831.5517703862661,837.5804721030042,886.7355150214592,-49.15504291845491,-5.543371398321105
688256.SH,2025-11-24,2025-11-24,1.0,59214.22,7394380.933,840.1824034334765,855.4050429184548,816.7918454935622,846.2848712446352,837.5804721030042,8.704399141630915,1.039231385108088
688256.SH,2025-11-25,2025-11-25,1.0,58771.03,7414400.485,850.3218884120171,861.9568133047209,834.2274678111587,844.9570815450643,846.2848712446352,-1.3277896995708716,-0.15689630580516994
688256.SH,2025-11-26,2025-11-26,1.0,91472.9,11889049.61,834.8980686695279,898.7124463519314,827.5281652360514,881.6121244635193,844.9570815450643,36.655042918455024,4.338095238095249
688256.SH,2025-11-27,2025-11-27,1.0,89364.17,12117075.987,912.0171673819742,930.9281115879828,880.4989270386266,883.4227467811157,881.6121244635193,1.810622317596426,0.20537629501162208
688256.SH,2025-11-28,2025-11-28,1.0,58546.39,7708418.732,878.4871244635193,903.2993562231759,865.7457081545064,892.5697424892703,883.4227467811157,9.146995708154577,1.0354041416165747
688256.SH,2025-12-01,2025-12-01,1.0,73684.03,9888480.775,890.5177038626609,926.7703862660944,866.5504291845493,913.6534334763949,892.5697424892703,21.083690987124555,2.362133734034571
688256.SH,2025-12-02,2025-12-02,1.0,46406.31,6242939.888,918.7231759656652,923.4173819742489,886.8293991416309,891.0474785407725,913.6534334763949,-22.60595493562232,-2.4742373976101706
688256.SH,2025-12-03,2025-12-03,1.0,44919.65,6005556.71,893.9109442060085,912.0171673819742,885.2601931330471,893.4415236051501,891.0474785407725,2.394045064377565,0.26867760944660124
688256.SH,2025-12-04,2025-12-04,1.0,70527.31,9414092.024,886.0045600858369,918.2537553648068,866.75160944206,918.0525751072961,893.4415236051501,24.611051502145983,2.754634842002559
688256.SH,2025-12-05,2025-12-05,1.0,88022.66,11982010.116,898.2698497854077,936.3733905579398,886.5343347639484,908.6641630901287,918.0525751072961,-9.388412017167411,-1.0226442658875123
688256.SH,2025-12-08,2025-12-08,1.0,98744.31,13837959.654,895.2521459227468,966.8723175965664,893.9243562231759,950.777896995708,908.6641630901287,42.11373390557935,4.634686346863464
688256.SH,2025-12-09,2025-12-09,1.0,90594.17,12892588.911,922.0761802575107,977.4476931330471,917.381974248927,962.9828326180257,950.777896995708,12.204935622317635,1.2836789392015842
688256.SH,2025-12-10,2025-12-10,1.0,62966.51,8864636.275,962.9828326180257,973.5045600858369,919.3937768240343,952.843347639485,962.9828326180257,-10.139484978540622,-1.0529247910863353
688256.SH,2025-12-11,2025-12-11,1.0,62072.59,8619204.1,945.5472103004291,950.2414163090128,922.7467811158798,926.7837982832617,952.843347639485,-26.05954935622333,-2.734924835313343
688256.SH,2025-12-12,2025-12-12,1.0,91731.13,12503100.255,926.7837982832617,944.206008583691,891.7650214592273,901.2875536480686,926.7837982832617,-25.49624463519308,-2.7510455709758124
688256.SH,2025-12-15,2025-12-15,1.0,64108.76,8667825.206,882.5174356223175,923.9471566523605,882.5174356223175,893.1732832618026,901.2875536480686,-8.114270386266071,-0.9002976190476165
688256.SH,2025-12-16,2025-12-16,1.0,73946.27,9503366.29,884.589592274678,893.2403433476394,846.7609978540772,854.2918454935623,893.1732832618026,-38.88143776824029,-4.353179668143248
688256.SH,2025-12-17,2025-12-17,1.0,63136.57,8165521.986,851.7368562231759,885.1931330472103,847.3041845493561,882.2424892703862,854.2918454935623,27.95064377682388,3.2717910072845835
688256.SH,2025-12-18,2025-12-18,1.0,38865.62,5022391.299,871.7811158798282,878.3328862660943,858.3825107296137,863.06330472103,882.2424892703862,-19.179184549356137,-2.1739130434782514
688256.SH,2025-12-19,2025-12-19,1.0,43265.54,5527000.531,871.7811158798282,872.4517167381974,847.6394849785407,850.3218884120171,863.06330472103,-12.741416309012948,-1.4763014763014848
688256.SH,2025-12-22,2025-12-22,1.0,64766.94,8285582.166,855.0228004291845,870.2052038626609,843.6158798283261,861.5678648068669,850.3218884120171,11.245976394849777,1.3225552050473177
688256.SH,2025-12-23,2025-12-23,1.0,91435.03,12143932.52,857.1620171673819,905.3111587982833,855.0831545064376,895.9361587982831,861.5678648068669,34.368293991416294,3.9890408399947055
688256.SH,2025-12-24,2025-12-24,1.0,59286.62,7830827.375,895.2521459227468,901.9581545064377,872.4450107296137,889.3508583690987,895.9361587982831,-6.585300429184485,-0.7350189368422558
688256.SH,2025-12-25,2025-12-25,1.0,40510.27,5343991.086,881.8401287553647,894.574839055794,878.4871244635193,884.7974785407725,889.3508583690987,-4.553379828326115,-0.511989141909207
688256.SH,2025-12-26,2025-12-26,1.0,47847.97,6276085.535,873.1223175965665,894.682135193133,865.1421673819741,874.3897532188842,884.7974785407725,-10.407725321888393,-1.1762833387650518
688256.SH,2025-12-29,2025-12-29,1.0,98352.62,13413872.87,878.4670064377682,937.5,877.145922746781,911.0112660944205,874.3897532188842,36.62151287553638,4.18823673776161
688256.SH,2025-12-30,2025-12-30,1.0,91353.67,12869406.686,911.2660944206009,964.994635193133,911.2660944206009,949.4366952789699,911.0112660944205,38.42542918454933,4.2178873757821105
688256.SH,2025-12-31,2025-12-31,1.0,70267.42,9747441.408,956.2768240343347,960.3004291845493,904.0772532188842,909.0329935622317,949.4366952789699,-40.40370171673817,-4.255544568441868
688256.SH,2026-01-05,2026-01-05,1.0,65515.02,9038942.469,922.0761802575107,941.1748927038626,903.1518240343347,932.1351931330472,909.0329935622317,23.102199570815515,2.541403858212541
688256.SH,2026-01-06,2026-01-06,1.0,69600.13,9668802.273,925.4291845493561,958.9592274678112,914.0692060085836,927.5080472103003,932.1351931330472,-4.627145922746877,-0.496402877697852
688256.SH,2026-01-07,2026-01-07,1.0,68366.43,9416481.263,918.7231759656652,938.7942596566523,909.9248927038627,935.4077253218884,927.5080472103003,7.899678111588059,0.8517099269756427
688256.SH,2026-01-08,2026-01-08,1.0,149220.62,21582860.951,944.87660944206,996.5128755364806,939.5118025751073,968.3476394849785,935.4077253218884,32.939914163090066,3.521449873824265
688256.SH,2026-01-09,2026-01-09,1.0,102204.98,14899518.827,952.2465128755364,1013.9484978540772,932.8057939914163,999.8658798283261,968.3476394849785,31.518240343347657,3.254847645429365
688256.SH,2026-01-12,2026-01-12,1.0,94844.44,14379497.916,1028.99678111588,1039.431330472103,981.0890557939914,1012.6005901287554,999.8658798283261,12.734710300429242,1.2736418511066459
688256.SH,2026-01-13,2026-01-13,1.0,100029.88,14468557.793,995.8422746781115,1019.31330472103,938.8344957081545,944.2663626609441,1012.6005901287554,-68.33422746781127,-6.748389062179232
688256.SH,2026-01-14,2026-01-14,1.0,89478.25,12769174.184,952.2532188841201,972.3578326180257,930.8543454935622,965.0751072961372,944.2663626609441,20.80874463519308,2.2036943661271597
688256.SH,2026-01-15,2026-01-15,1.0,57838.7,8160415.979,952.9238197424892,968.3476394849785,933.7781652360514,948.9002145922747,965.0751072961372,-16.174892703862497,-1.6760242370337262
688256.SH,2026-01-16,2026-01-16,1.0,72255.59,10308466.086,952.2532188841201,969.0182403433475,944.226126609442,954.969152360515,948.9002145922747,6.068937768240289,0.6395759717314431
688256.SH,2026-01-19,2026-01-19,1.0,69119.05,9918274.016,953.5944206008584,978.1249999999999,944.206008583691,952.0252145922747,954.969152360515,-2.943937768240289,-0.30827569256696885
688256.SH,2026-01-20,2026-01-20,1.0,87374.01,11952219.696,950.2414163090128,955.6062231759656,892.5831545064377,900.6437768240343,952.0252145922747,-51.3814377682404,-5.3970669033430605
688256.SH,2026-01-21,2026-01-21,1.0,75750.12,10345072.403,895.4868562231759,930.7939914163089,895.1984978540772,907.9063841201715,900.6437768240343,7.262607296137276,0.8063795568262975
688256.SH,2026-01-22,2026-01-22,1.0,59350.32,8030782.537,901.2875536480686,917.381974248927,893.9109442060085,907.3229613733905,907.9063841201715,-0.5834227467810251,-0.06426023177999844
688256.SH,2026-01-23,2026-01-23,1.0,63511.27,8480917.29,896.5933476394849,907.3229613733905,885.1931330472103,895.2454399141631,907.3229613733905,-12.077521459227455,-1.3311160384331102
688256.SH,2026-01-26,2026-01-26,1.0,67870.46,8871288.504,888.5461373390557,891.8454935622318,869.0987124463519,871.7811158798282,895.2454399141631,-23.464324034334822,-2.620993415681023
688256.SH,2026-01-27,2026-01-27,1.0,63383.8,8235075.32,871.7811158798282,883.7714592274679,856.0555257510729,872.3779506437769,871.7811158798282,0.5968347639486637,0.0684615384615575
688256.SH,2026-01-28,2026-01-28,1.0,69812.86,9013149.13,878.4066523605151,878.4871244635193,857.6984978540772,860.2333690987124,872.3779506437769,-12.144581545064511,-1.392123853669426
688256.SH,2026-01-29,2026-01-29,1.0,71581.57,9051850.983,859.7907725321887,866.4967811158797,838.257778969957,839.5989806866952,860.2333690987124,-20.634388412017188,-2.3986965808634397
688256.SH,2026-01-30,2026-01-30,1.0,63495.43,8018391.889,839.5922746781115,856.9407188841201,831.6121244635192,844.2127145922747,839.5989806866952,4.6137339055794655,0.549516377664723
688256.SH,2026-02-02,2026-02-02,1.0,66690.29,8357731.143,837.5804721030042,854.077253218884,826.8508583690987,832.8862660944205,844.2127145922747,-11.32644849785413,-1.3416581273979522
688256.SH,2026-02-03,2026-02-03,1.0,226144.55,25622515.727,841.6040772532189,843.4683476394849,712.8487124463519,756.4377682403433,832.8862660944205,-76.44849785407723,-9.178743961352655
688256.SH,2026-02-04,2026-02-04,1.0,117351.29,12657885.6,737.6609442060086,743.4281115879827,713.49919527897,716.2017167381974,756.4377682403433,-40.23605150214587,-5.319148936170206
688256.SH,2026-02-05,2026-02-05,1.0,79421.15,8357564.076,704.1376072961373,719.5413090128756,695.4399141630901,709.7170064377682,716.2017167381974,-6.484710300429242,-0.9054307116104949
688256.SH,2026-02-06,2026-02-06,1.0,79813.48,8272185.155,699.1349248927038,712.6341201716738,681.0354077253218,695.4063841201717,709.7170064377682,-14.31062231759654,-2.016384303572606
688256.SH,2026-02-09,2026-02-09,1.0,96536.39,10462460.032,710.8369098712446,741.644313304721,708.1545064377682,728.8090128755364,695.4063841201717,33.40262875536473,4.803325007955707
688256.SH,2026-02-10,2026-02-10,1.0,96601.2,10796371.349,741.013948497854,769.8497854077253,732.0144849785407,738.2644849785408,728.8090128755364,9.455472103004467,1.2973868237026374
688256.SH,2026-02-11,2026-02-11,1.0,55273.11,5983828.108,730.2038626609442,739.6727467811158,719.5547210300429,723.5112660944206,738.2644849785408,-14.753218884120201,-1.998364974112094
688256.SH,2026-02-12,2026-02-12,1.0,86857.14,9502364.159,724.2355150214592,751.0729613733905,711.7288090128754,746.0434549356223,723.5112660944206,22.532188841201673,3.114283066085822
688256.SH,2026-02-13,2026-02-13,1.0,70569.45,7918250.312,737.6609442060086,766.4967811158798,733.0405042918454,751.5289699570816,746.0434549356223,5.485515021459264,0.7352808988764094
688256.SH,2026-02-24,2026-02-24,1.0,81877.09,8894584.851,761.9769313304721,765.8261802575107,717.6770386266095,718.5823497854077,751.5289699570816,-32.946620171673885,-4.383945461683987
688256.SH,2026-02-25,2026-02-25,1.0,57606.23,6266293.048,724.2422210300429,743.6963519313305,720.2253218884119,726.0260193133047,718.5823497854077,7.443669527896986,1.0358825999720018
688256.SH,2026-02-26,2026-02-26,1.0,140838.47,16034677.283,734.4085300429185,797.2639484978541,716.6979613733905,783.7982832618025,726.0260193133047,57.772263948497766,7.957326929293851
688256.SH,2026-02-27,2026-02-27,1.0,121511.65,14322223.946,767.8513948497854,812.8487124463518,765.3768776824033,789.9678111587982,783.7982832618025,6.16952789699576,0.7871321013004858
688256.SH,2026-03-02,2026-03-02,1.0,88219.75,10389211.104,771.1909871244635,810.4546673819742,766.5370171673819,799.2891630901288,789.9678111587982,9.321351931330582,1.1799660441426285
688256.SH,2026-03-03,2026-03-03,1.0,75371.16,8732618.337,802.7092274678112,803.9699570815451,757.7722639484978,759.8243025751073,799.2891630901288,-39.46486051502154,-4.9374947562715095
688256.SH,2026-03-04,2026-03-04,1.0,58986.95,6656512.148,752.4141630901287,776.5625,744.3669527896996,749.1148068669527,759.8243025751073,-10.709495708154577,-1.4094700145624737
688256.SH,2026-03-05,2026-03-05,1.0,85399.45,9922297.387,770.3057939914163,802.0520386266094,752.4275751072961,783.2618025751073,749.1148068669527,34.14699570815458,4.558312743939567
688256.SH,2026-03-06,2026-03-06,1.0,45234.67,5238659.046,777.8969957081545,786.8428111587982,769.8900214592273,774.4635193133048,783.2618025751073,-8.798283261802453,-1.1232876712328612
688256.SH,2026-03-09,2026-03-09,1.0,60258.4,6690959.588,751.0729613733905,760.2937231759656,732.9600321888412,755.0898605150214,774.4635193133048,-19.373658798283373,-2.501558603491286
688256.SH,2026-03-10,2026-03-10,1.0,50202.93,5750878.845,770.506974248927,777.8969957081545,761.1386802575107,769.2462446351931,755.0898605150214,14.156384120171651,1.8747946251742882
688256.SH,2026-03-11,2026-03-11,1.0,76210.59,8594431.103,774.5439914163089,777.2263948497854,733.201448497854,736.9903433476394,769.2462446351931,-32.255901287553684,-4.193182808822252
688256.SH,2026-03-12,2026-03-12,1.0,62625.27,6863561.917,736.9903433476394,751.8776824034335,722.8138412017166,736.9903433476394,736.9903433476394,0.0,0.0
688256.SH,2026-03-13,2026-03-13,1.0,92906.21,10301354.225,745.1113197424892,755.8006974248926,727.581813304721,735.045600858369,736.9903433476394,-1.9447424892704248,-0.2638762511374029
688256.SH,2026-03-16,2026-03-16,1.0,66956.72,7211654.65,729.6539699570815,733.0405042918454,702.0922746781116,730.9348175965665,735.045600858369,-4.110783261802453,-0.5592555423775039
688256.SH,2026-03-17,2026-03-17,1.0,55320.89,6045178.216,730.8677575107295,751.0662553648068,718.2202253218884,724.2422210300429,730.9348175965665,-6.692596566523662,-0.9156215308678298
688256.SH,2026-03-18,2026-03-18,1.0,68393.17,7258997.345,726.4216738197424,729.6137339055794,702.8969957081546,714.8605150214592,724.2422210300429,-9.381706008583706,-1.2953823646515266
688256.SH,2026-03-19,2026-03-19,1.0,48852.75,5089266.821,700.7846030042919,705.9951716738196,692.1807939914163,695.4265021459227,714.8605150214592,-19.434012875536496,-2.7185741088180135
688256.SH,2026-03-20,2026-03-20,1.0,101951.62,10508394.228,696.8817060085837,714.62580472103,671.2781652360514,687.3658798283261,695.4265021459227,-8.06062231759654,-1.1590904707720162
688256.SH,2026-03-23,2026-03-23,1.0,81515.2,8094829.806,672.2773605150214,684.3481759656652,649.1416309012875,651.3546137339055,687.3658798283261,-36.01126609442065,-5.23902439024391
688256.SH,2026-03-24,2026-03-24,1.0,90596.06,9111327.946,660.5418454935622,695.9495708154506,650.4962446351931,689.712982832618,651.3546137339055,38.3583690987125,5.889014722536816
688256.SH,2026-03-25,2026-03-25,1.0,89713.88,9359463.115,690.7188841201717,712.111051502146,685.9911480686695,696.7542918454935,689.712982832618,7.041309012875558,1.0209042294603825
688256.SH,2026-03-26,2026-03-26,1.0,49947.24,5183511.265,697.4248927038626,716.6577253218884,682.7923819742489,687.2988197424893,696.7542918454935,-9.45547210300424,-1.3570741097208783
688256.SH,2026-03-27,2026-03-27,1.0,50422.57,5154200.457,673.9538626609442,696.1172210300429,673.9538626609442,686.695278969957,687.2988197424893,-0.6035407725322557,-0.08781344521417696
688256.SH,2026-03-30,2026-03-30,1.0,52269.18,5249779.442,673.6655042918455,680.6598712446352,667.2076180257511,676.9380364806867,686.695278969957,-9.757242489270311,-1.4208984374999891
688256.SH,2026-03-31,2026-03-31,1.0,50753.76,5072933.425,671.3116952789699,683.9994635193133,659.200643776824,659.200643776824,676.9380364806867,-17.737392703862724,-2.6202387438704338
688256.SH,2026-04-01,2026-04-01,1.0,100009.13,10410610.082,675.9656652360514,713.519313304721,675.9656652360514,705.0697424892704,659.200643776824,45.86909871244643,6.95829094608343
688256.SH,2026-04-02,2026-04-02,1.0,70914.66,7184207.986,700.7846030042919,706.4511802575107,668.4951716738198,669.9235515021459,705.0697424892704,-35.146190987124555,-4.98478219516836
688256.SH,2026-04-03,2026-04-03,1.0,62244.72,6355115.333,677.3068669527896,697.4248927038626,669.9302575107296,687.8353004291846,669.9235515021459,17.91174892703873,2.673700437441832
688256.SH,2026-04-07,2026-04-07,1.0,140829.0,15532637.045,686.024678111588,768.508583690987,684.6901824034335,750.4023605150214,687.8353004291846,62.56706008583683,9.096226966949388
688256.SH,2026-04-08,2026-04-08,1.0,104832.54,12135960.241,777.2934549356222,783.9189914163089,763.1437768240343,780.5793991416309,750.4023605150214,30.177038626609487,4.021447721179631
688256.SH,2026-04-09,2026-04-09,1.0,97508.72,11687631.029,777.8969957081545,819.6217811158798,771.8615879828326,803.3798283261802,780.5793991416309,22.80042918454933,2.9209621993127115
688256.SH,2026-04-10,2026-04-10,1.0,90036.52,10839608.534,808.074034334764,819.6217811158798,797.2773605150214,811.8964592274677,803.3798283261802,8.516630901287499,1.0601001669449015
688256.SH,2026-04-13,2026-04-13,1.0,78791.42,9684560.234,806.0689377682403,839.9946351931329,806.0085836909872,817.8782188841201,811.8964592274677,5.981759656652343,0.7367638556207132
688256.SH,2026-04-14,2026-04-14,1.0,77031.7,9413266.659,821.4793454935622,837.4463519313304,808.8049892703862,832.8728540772532,817.8782188841201,14.99463519313315,1.8333579311588983
688256.SH,2026-04-15,2026-04-15,1.0,124298.88,16061962.461,832.8862660944205,890.0281652360514,830.9281115879827,854.3454935622317,832.8728540772532,21.47263948497846,2.578141354933242
688256.SH,2026-04-16,2026-04-16,1.0,77964.84,10107382.521,858.3690987124463,881.8401287553647,853.0177038626609,876.4753218884119,854.3454935622317,22.129828326180245,2.5902668759811607
688256.SH,2026-04-17,2026-04-17,1.0,72105.2,9612455.944,871.6939377682402,904.9557403433477,865.0751072961373,894.5815450643777,876.4753218884119,18.106223175965738,2.065799540933444
688256.SH,2026-04-20,2026-04-20,1.0,75195.83,10224177.313,899.2757510729613,924.2221030042919,889.324034334764,924.2221030042919,894.5815450643777,29.640557939914174,3.3133433283358333
688256.SH,2026-04-21,2026-04-21,1.0,81790.94,10897674.222,912.6877682403433,917.4624463519312,877.145922746781,891.8991416309012,924.2221030042919,-32.322961373390626,-3.49731533884778
688256.SH,2026-04-22,2026-04-22,1.0,68082.09,9042046.567,883.8452253218884,898.5917381974249,877.1995708154506,896.5933476394849,891.8991416309012,4.694206008583706,0.5263157894736858
688256.SH,2026-04-23,2026-04-23,1.0,77187.89,10258176.454,895.8959227467811,911.9635193133047,869.0987124463519,887.2049356223175,896.5933476394849,-9.388412017167411,-1.0471204188481709
688256.SH,2026-04-24,2026-04-24,1.0,124071.44,16760993.798,884.9517167381974,945.2655579399141,859.4286480686694,906.9876609442059,887.2049356223175,19.782725321888393,2.2297808012093707
688256.SH,2026-04-27,2026-04-27,1.0,70932.04,9653255.998,905.3446888412017,929.4527896995708,899.4635193133047,909.8175965665235,906.9876609442059,2.8299356223176346,0.31201478743068817
688256.SH,2026-04-28,2026-04-28,1.0,74535.38,10382787.206,907.8460300429184,951.5021459227468,907.8460300429184,921.7408798283261,909.8175965665235,11.923283261802567,1.3105135916032775
688256.SH,2026-04-29,2026-04-29,1.0,90860.07,12679634.307,916.0407725321888,952.2532188841201,903.2121781115878,949.9932939914163,921.7408798283261,28.25241416309018,3.0651145871225958
688256.SH,2026-04-30,2026-04-30,1.0,178842.65,28465682.091,989.1362660944205,1139.994635193133,989.1362660944205,1139.994635193133,949.9932939914163,190.00134120171674,20.000282360249326
688256.SH,2026-05-06,2026-05-06,1.0,197805.25,36853365.889,1196.875,1318.401287553648,1187.6274141630902,1223.8465665236051,1139.994635193133,83.8519313304721,7.355467187463234
688256.SH,2026-05-07,2026-05-07,1.0,109982.7,20370937.034,1223.806330472103,1264.4380364806866,1202.25321888412,1252.6824034334763,1223.8465665236051,28.835836909871205,2.356164383561641
688256.SH,2026-05-08,2026-05-08,1.4912,191024.42,22579188.932,1217.03,1220.0,1158.01,1182.53,1252.6824034334763,-70.15240343347637,-5.600174732334045
688256.SH,2026-05-11,2026-05-11,1.4912,231721.74,27508753.618,1201.0,1205.99,1158.03,1200.0,1182.53,17.470000000000027,1.4773409554091674
688256.SH,2026-05-12,2026-05-12,1.4912,209580.58,26179370.124,1199.99,1293.33,1189.81,1277.87,1200.0,77.86999999999989,6.489166666666657
688256.SH,2026-05-13,2026-05-13,1.4912,158777.71,20435334.731,1239.0,1316.88,1236.0,1316.88,1277.87,39.01000000000022,3.05273619382255
688256.SH,2026-05-14,2026-05-14,1.4912,181138.64,23168939.11,1320.0,1350.0,1232.32,1260.58,1316.88,-56.30000000000018,-4.275256667274176
688256.SH,2026-05-15,2026-05-15,1.4912,161749.97,19897266.825,1234.88,1276.89,1195.88,1209.0,1260.58,-51.57999999999993,-4.091767281727454
688256.SH,2026-05-18,2026-05-18,1.4912,125056.36,15362333.167,1200.0,1260.0,1183.04,1216.99,1209.0,7.990000000000009,0.660876757650952
688256.SH,2026-05-19,2026-05-19,1.4912,186351.94,23213525.76,1216.89,1326.0,1175.0,1319.2,1216.99,102.21000000000004,8.398589963763058
688256.SH,2026-05-20,2026-05-20,1.4912,183742.65,25016102.648,1300.0,1396.0,1291.99,1362.41,1319.2,43.210000000000036,3.275469981807159
688256.SH,2026-05-21,2026-05-21,1.4912,153395.09,20529652.609,1370.04,1386.0000000000002,1285.0,1290.9,1362.41,-71.50999999999999,-5.248787075843541
688256.SH,2026-05-22,2026-05-22,1.4912,112239.94,14472861.259,1300.5,1319.99,1270.43,1286.0,1290.9,-4.900000000000091,-0.379580137888302
688256.SH,2026-05-25,2026-05-25,1.4912,173383.98,24028347.135,1321.01,1435.0000000000002,1321.01,1406.5,1286.0,120.5,9.370139968895801
688256.SH,2026-05-26,2026-05-26,1.4912,153974.69,21675499.047,1383.01,1448.01,1375.0,1410.96,1406.5,4.460000000000036,0.3170991823675817
688256.SH,2026-05-27,2026-05-27,1.4912,138029.49,18926941.351,1384.9999999999998,1412.99,1334.0,1340.0,1410.96,-70.96000000000004,-5.029199977320408
688256.SH,2026-05-28,2026-05-28,1.4912,126717.12,17472983.177,1361.0,1404.9900000000002,1349.01,1391.5,1340.0,51.5,3.8432835820895526
688256.SH,2026-05-29,2026-05-29,1.4912,145029.89,19414820.75,1400.0000000000002,1414.0000000000002,1295.0,1310.0,1391.5,-81.5,-5.8569888609414305
688256.SH,2026-06-01,2026-06-01,1.4912,134896.09,17200897.814,1326.0,1326.0,1238.0,1238.0,1310.0,-72.0,-5.4961832061068705
688256.SH,2026-06-02,2026-06-02,1.4912,124338.95,16088931.664,1246.0,1319.58,1245.0,1300.0,1238.0,62.0,5.008077544426494
688256.SH,2026-06-03,2026-06-03,1.4912,165598.05,22683725.029,1292.3,1428.01,1291.0,1378.1,1300.0,78.09999999999991,6.007692307692301
688256.SH,2026-06-04,2026-06-04,1.4912,88415.6,12121114.904,1365.0,1400.0000000000002,1347.0,1358.9,1378.1,-19.199999999999818,-1.3932225527900601
688256.SH,2026-06-05,2026-06-05,1.4912,116354.51,15620599.199,1342.0,1407.7699999999998,1287.34,1299.2,1358.9,-59.700000000000045,-4.39325925380823
688256.SH,2026-06-08,2026-06-08,1.4912,114170.55,14376345.578,1239.3,1298.88,1230.08,1250.36,1299.2,-48.840000000000146,-3.7592364532019813
688256.SH,2026-06-09,2026-06-09,1.4912,106731.85,13514130.551,1279.0,1285.8,1239.02,1270.01,1250.36,19.65000000000009,1.5715473943504346
688256.SH,2026-06-10,2026-06-10,1.4912,138327.46,17771830.139,1300.0,1349.9,1224.17,1231.0,1270.01,-39.00999999999999,-3.071629357249155
688256.SH,2026-06-11,2026-06-11,1.4912,111819.93,13632001.124,1221.96,1255.0,1199.0,1219.5,1231.0,-11.5,-0.934199837530463
688256.SH,2026-06-12,2026-06-12,1.4912,149765.97,18376258.023,1258.0,1260.0,1202.0,1240.0,1219.5,20.5,1.6810168101681018
688256.SH,2026-06-15,2026-06-15,1.4912,154373.04,20204543.688,1253.0,1345.99,1238.88,1335.0,1240.0,95.0,7.661290322580645
688256.SH,2026-06-16,2026-06-16,1.4912,99671.79,13096230.889,1335.5,1335.91,1297.79,1306.99,1335.0,-28.00999999999999,-2.0981273408239693
688256.SH,2026-06-17,2026-06-17,1.4912,133225.75,17255115.422,1290.4,1329.87,1271.1,1320.0,1306.99,13.009999999999991,0.9954169503974774
688256.SH,2026-06-18,2026-06-18,1.4912,221694.16,32153278.755,1319.72,1540.0000000000002,1313.2,1507.4599999999998,1320.0,187.4599999999998,14.201515151515137
688256.SH,2026-06-22,2026-06-22,1.4912,150356.73,21882369.235,1480.0,1494.9400000000003,1419.9999999999998,1456.99,1507.4599999999998,-50.4699999999998,-3.3480158677510383
688256.SH,2026-06-23,2026-06-23,1.4912,138375.63,20001635.53,1453.0,1506.0,1394.84,1412.9999999999998,1456.99,-43.99000000000024,-3.0192382926444408
688256.SH,2026-06-24,2026-06-24,1.4912,140656.44,20184662.912,1402.0,1468.88,1377.9999999999998,1453.0,1412.9999999999998,40.00000000000023,2.830856334041064
688256.SH,2026-06-25,2026-06-25,1.4912,159821.84,23799059.014,1460.0,1536.25,1436.0,1505.0000000000002,1453.0,52.00000000000023,3.5788024776325
688256.SH,2026-06-26,2026-06-26,1.4912,124352.36,18243658.225,1482.0,1518.98,1415.0,1458.0,1505.0000000000002,-47.00000000000023,-3.122923588039882
688256.SH,2026-06-29,2026-06-29,1.4912,151177.65,22434932.06,1462.33,1541.94,1419.9999999999998,1482.0,1458.0,24.0,1.646090534979424
688256.SH,2026-06-30,2026-06-30,1.4912,162216.28,25487017.441,1488.41,1620.0,1488.37,1595.55,1482.0,113.54999999999995,7.661943319838054
688256.SH,2026-07-01,2026-07-01,1.4912,125802.4,19179504.251,1559.9999999999998,1588.97,1470.01,1485.3300000000002,1595.55,-110.2199999999998,-6.907962771458105
688256.SH,2026-07-02,2026-07-02,1.4912,140564.28,19615355.231,1410.0,1448.66,1348.0,1372.0,1485.3300000000002,-113.33000000000015,-7.629954286252897
688256.SH,2026-07-03,2026-07-03,1.4912,101921.84,14021878.02,1344.14,1412.0,1340.0,1353.0,1372.0,-19.0,-1.3848396501457727
