ts_code,trade_date,date,open,high,low,close,pre_close,change,pct_chg,vol,amount,adj_factor,qfq_open,qfq_high,qfq_low,qfq_close,qfq_pre_close,qfq_change,qfq_pct_chg
688256.SH,2025-07-04,2025-07-04,545.0,557.97,538.67,547.47,547.3,0.17,0.0311,56859.33,3111587.176,1.0,365.47746781115876,374.175160944206,361.23256437768237,367.13385193133047,,,
688256.SH,2025-07-07,2025-07-07,544.0,553.86,541.01,541.38,547.47,-6.09,-1.1124,33310.55,1810291.915,1.0,364.8068669527897,371.418991416309,362.80177038626607,363.0498927038626,367.13385193133047,-4.083959227467858,-1.1123897199846695
688256.SH,2025-07-08,2025-07-08,540.0,545.3,538.1,542.77,541.38,1.39,0.2568,39527.81,2143484.029,1.0,362.1244635193133,365.6786480686695,360.850321888412,363.9820278969957,363.0498927038626,0.9321351931330923,0.25675126528502484
688256.SH,2025-07-09,2025-07-09,544.0,544.78,533.5,535.0,542.77,-7.77,-1.4315,49069.59,2643083.782,1.0,364.8068669527897,365.3299356223176,357.7655579399141,358.7714592274678,363.9820278969957,-5.210568669527902,-1.431545590213167
688256.SH,2025-07-10,2025-07-10,534.01,537.87,520.67,523.5,535.0,-11.5,-2.1495,85815.16,4522151.657,1.0,358.10756437768237,360.6960836909871,349.16174892703856,351.05954935622316,358.7714592274678,-7.711909871244643,-2.149532710280376
688256.SH,2025-07-11,2025-07-11,523.0,559.96,523.0,553.98,523.5,30.48,5.8223,116436.72,6359225.561,1.0,350.7242489270386,375.5096566523605,350.7242489270386,371.4994635193133,351.05954935622316,20.439914163090123,5.822349570200572
688256.SH,2025-07-14,2025-07-14,555.0,570.0,554.0,565.06,553.98,11.08,2.0001,65114.93,3678055.659,1.0,372.1834763948498,382.2424892703863,371.5128755364807,378.92972103004286,371.4994635193133,7.430257510729575,2.0000722047727253
688256.SH,2025-07-15,2025-07-15,564.0,564.0,546.76,553.1,565.06,-11.96,-2.1166,59685.89,3309396.823,1.0,378.21888412017165,378.21888412017165,366.6577253218884,370.9093347639485,378.92972103004286,-8.020386266094363,-2.1165893887374643
688256.SH,2025-07-16,2025-07-16,548.09,593.1,548.09,580.19,553.1,27.09,4.8978,97122.72,5629778.216,1.0,367.5496244635193,397.73336909871244,367.5496244635193,389.0759120171674,370.9093347639485,18.166577253218918,4.897848490327256
688256.SH,2025-07-17,2025-07-17,575.0,584.99,559.23,582.4,580.19,2.21,0.3809,79737.17,4557378.595,1.0,385.59549356223175,392.29479613733906,375.02011802575106,390.55793991416306,389.0759120171674,1.4820278969956462,0.38090970199415836
688256.SH,2025-07-18,2025-07-18,580.55,589.98,578.03,582.62,582.4,0.22,0.0378,51156.45,2984533.701,1.0,389.3173283261802,395.64109442060084,387.62741416309007,390.7054721030043,390.55793991416306,0.14753218884123953,0.03777472527473496
688256.SH,2025-07-21,2025-07-21,587.0,599.57,580.08,582.0,582.62,-0.62,-0.1064,59576.41,3509550.816,1.0,393.64270386266094,402.07215665236055,389.00214592274676,390.28969957081546,390.7054721030043,-0.41577253218883925,-0.1064158456626956
688256.SH,2025-07-22,2025-07-22,581.9,601.09,580.1,593.93,582.0,11.93,2.0498,65632.2,3894927.712,1.0,390.2226394849785,403.09146995708153,389.0155579399142,398.28996781115876,390.28969957081546,8.000268240343303,2.049828178694147
688256.SH,2025-07-23,2025-07-23,593.2,603.0,586.53,595.56,593.93,1.63,0.2744,54486.53,3236985.175,1.0,397.8004291845494,404.3723175965665,393.32752145922746,399.3830472103004,398.28996781115876,1.0930793991416294,0.2744431161921435
688256.SH,2025-07-24,2025-07-24,591.5,604.95,591.5,600.23,595.56,4.67,0.7841,49166.21,2941834.944,1.0,396.6604077253219,405.6799892703863,396.6604077253219,402.5147532188841,399.3830472103004,3.1317060085837056,0.7841359392840389
688256.SH,2025-07-25,2025-07-25,599.53,698.01,599.53,673.3,600.23,73.07,12.1737,127392.73,8133258.858,1.0,402.0453326180257,468.08610515021456,402.0453326180257,451.5155579399141,402.5147532188841,49.00080472103002,12.173666761074916
688256.SH,2025-07-28,2025-07-28,673.0,688.7,654.02,679.0,673.3,5.7,0.8466,95079.83,6379660.931,1.0,451.3143776824034,461.84281115879827,438.5863733905579,455.337982832618,451.5155579399141,3.822424892703907,0.8465765631962078
688256.SH,2025-07-29,2025-07-29,676.0,718.0,673.0,710.78,679.0,31.78,4.6804,114103.81,7988279.23,1.0,453.3261802575107,481.49141630901283,451.3143776824034,476.64967811158795,455.337982832618,21.31169527896992,4.680412371134013
688256.SH,2025-07-30,2025-07-30,700.0,708.0,680.0,684.7,710.78,-26.08,-3.6692,76531.96,5304272.237,1.0,469.4206008583691,474.7854077253219,456.0085836909871,459.1604077253219,476.64967811158795,-17.48927038626607,-3.669208475196259
688256.SH,2025-07-31,2025-07-31,685.0,735.0,680.01,709.5,684.7,24.8,3.622,117690.78,8333907.585,1.0,459.3615879828326,492.8916309012875,456.01528969957076,475.7913090128755,459.1604077253219,16.630901287553627,3.6220242441945336
688256.SH,2025-08-01,2025-08-01,700.0,716.0,680.0,689.1,709.5,-20.4,-2.8753,71835.98,4998268.095,1.0,469.4206008583691,480.15021459227466,456.0085836909871,462.1110515021459,475.7913090128755,-13.680257510729575,-2.8752642706131
688256.SH,2025-08-04,2025-08-04,687.58,699.95,675.17,689.06,689.1,-0.04,-0.0058,57761.09,3987683.051,1.0,461.0917381974249,469.38707081545067,452.76958154506434,462.0842274678111,462.1110515021459,-0.0268240343348225,-0.005804672761585737
688256.SH,2025-08-05,2025-08-05,686.0,699.9,682.58,695.0,689.06,5.94,0.862,48788.23,3379825.557,1.0,460.0321888412017,469.35354077253214,457.7387339055794,466.0675965665236,462.0842274678111,3.983369098712501,0.8620439439236179
688256.SH,2025-08-06,2025-08-06,691.86,696.39,685.0,694.34,695.0,-0.66,-0.095,43399.78,2997970.928,1.0,463.96190987124464,466.99973175965664,459.3615879828326,465.625,466.0675965665236,-0.4425965665236049,-0.09496402877697836
688256.SH,2025-08-07,2025-08-07,700.51,731.0,686.01,703.0,694.34,8.66,1.2472,108244.28,7687346.63,1.0,469.76260729613733,490.2092274678111,460.0388948497854,471.4324034334764,465.625,5.807403433476395,1.2472275830284876
688256.SH,2025-08-08,2025-08-08,691.0,702.93,670.0,692.8,703.0,-10.2,-1.4509,65253.31,4496880.601,1.0,463.3851931330472,471.3854613733905,449.3025751072961,464.59227467811155,471.4324034334764,-6.840128755364844,-1.4509246088193535
688256.SH,2025-08-11,2025-08-11,692.5,711.8,690.61,707.4,692.8,14.6,2.1074,55594.27,3916076.012,1.0,464.39109442060084,477.3336909871244,463.12365879828326,474.3830472103004,464.59227467811155,9.79077253218884,2.107390300230947
688256.SH,2025-08-12,2025-08-12,702.5,848.88,696.06,848.88,707.4,141.48,20.0,191621.93,15126074.903,1.0,471.0971030042918,569.2596566523605,466.7784334763948,569.2596566523605,474.3830472103004,94.8766094420601,20.000000000000004
688256.SH,2025-08-13,2025-08-13,830.0,868.0,820.0,860.0,848.88,11.12,1.31,134683.86,11355310.256,1.0,556.5987124463519,582.0815450643777,549.8927038626609,576.7167381974249,569.2596566523605,7.457081545064398,1.3099613608519496
688256.SH,2025-08-14,2025-08-14,865.0,985.0,865.0,949.0,860.0,89.0,10.3488,150710.68,14035314.03,1.0,580.0697424892703,660.5418454935622,580.0697424892703,636.4002145922747,576.7167381974249,59.68347639484978,10.348837209302324
688256.SH,2025-08-15,2025-08-15,923.0,935.0,904.81,923.7,949.0,-25.3,-2.666,110398.69,10171678.36,1.0,618.9645922746781,627.0118025751073,606.7663626609441,619.4340128755365,636.4002145922747,-16.96620171673817,-2.6659641728134833
688256.SH,2025-08-18,2025-08-18,950.28,987.99,925.46,950.0,923.7,26.3,2.8472,115423.02,11085893.402,1.0,637.258583690987,662.5469420600858,620.6142703862661,637.0708154506437,619.4340128755365,17.636802575107254,2.8472447764425612
688256.SH,2025-08-19,2025-08-19,939.0,1001.1,927.92,933.98,950.0,-16.02,-1.6863,105469.57,10074664.704,1.0,629.6942060085837,671.3385193133047,622.263948497854,626.3277896995708,637.0708154506437,-10.743025751072992,-1.6863157894736889
688256.SH,2025-08-20,2025-08-20,920.11,1027.0,900.0,1013.0,933.98,79.02,8.4606,127059.5,12383503.093,1.0,617.0265557939914,688.7070815450643,603.5407725321888,679.318669527897,626.3277896995708,52.99087982832623,8.460566607422008
688256.SH,2025-08-21,2025-08-21,1020.0,1080.18,1005.57,1036.0,1013.0,23.0,2.2705,114027.97,11930000.15,1.0,684.0128755364807,724.369635193133,674.3361051502146,694.7424892703863,679.318669527897,15.423819742489286,2.270483711747288
688256.SH,2025-08-22,2025-08-22,1075.0,1243.2,1075.0,1243.2,1036.0,207.2,20.0,141160.82,16488719.338,1.0,720.895922746781,833.6909871244635,720.895922746781,833.6909871244635,694.7424892703863,138.94849785407723,19.999999999999996
688256.SH,2025-08-25,2025-08-25,1321.0,1391.0,1266.0,1384.93,1243.2,141.73,11.4004,187639.05,24989985.4,1.0,885.8637339055794,932.8057939914163,848.9806866952789,928.7352467811158,833.6909871244635,95.04425965665234,11.400418275418273
688256.SH,2025-08-26,2025-08-26,1310.0,1348.0,1289.01,1329.0,1384.93,-55.93,-4.0385,118132.28,15643165.298,1.0,878.4871244635193,903.969957081545,864.4112124463519,891.2285407725321,928.7352467811158,-37.506706008583706,-4.038471258475159
688256.SH,2025-08-27,2025-08-27,1378.88,1464.98,1341.02,1372.1,1329.0,43.1,3.243,178950.9,25003097.032,1.0,924.6781115879828,982.4168454935622,899.2891630901287,920.1314377682403,891.2285407725321,28.902896995708147,3.2430398796087276
688256.SH,2025-08-28,2025-08-28,1420.0,1595.88,1391.0,1587.91,1372.1,215.81,15.7284,178270.45,26023907.975,1.0,952.2532188841201,1070.1984978540772,932.8057939914163,1064.8538090128754,920.1314377682403,144.72237124463516,15.728445448582463
688256.SH,2025-08-29,2025-08-29,1480.0,1534.97,1420.0,1492.49,1587.91,-95.42,-6.0092,178637.73,26507283.491,1.0,992.4892703862661,1029.3521995708154,952.2532188841201,1000.8650751072961,1064.8538090128754,-63.98873390557935,-6.009156690240626
688256.SH,2025-09-01,2025-09-01,1460.0,1508.6,1358.75,1448.39,1492.49,-44.1,-2.9548,175381.16,25070934.112,1.0,979.077253218884,1011.6684549356222,911.1789163090128,971.2915772532189,1000.8650751072961,-29.57349785407723,-2.9547936669592407
688256.SH,2025-09-02,2025-09-02,1451.0,1540.0,1431.0,1480.0,1448.39,31.61,2.1824,173376.45,25731181.437,1.0,973.0418454935622,1032.725321888412,959.6298283261802,992.4892703862661,971.2915772532189,21.19769313304721,2.182423242358757
688256.SH,2025-09-03,2025-09-03,1419.0,1439.0,1371.0,1405.0,1480.0,-75.0,-5.0676,141492.06,19901150.24,1.0,951.582618025751,964.994635193133,919.3937768240343,942.1942060085836,992.4892703862661,-50.29506437768248,-5.0675675675675755
688256.SH,2025-09-04,2025-09-04,1375.0,1389.0,1182.0,1202.0,1405.0,-203.0,-14.4484,221653.87,28013149.023,1.0,922.0761802575107,931.464592274678,792.6502145922747,806.0622317596566,942.1942060085836,-136.131974248927,-14.448398576512453
688256.SH,2025-09-05,2025-09-05,1220.0,1310.15,1172.0,1281.46,1202.0,79.46,6.6106,200038.78,24705957.244,1.0,818.1330472103003,878.5877145922747,785.9442060085836,859.3481759656652,806.0622317596566,53.285944206008594,6.61064891846922
688256.SH,2025-09-08,2025-09-08,1245.0,1257.99,1183.0,1212.78,1281.46,-68.68,-5.3595,140728.03,17136817.058,1.0,834.8980686695279,843.6091738197424,793.3208154506437,813.2913090128754,859.3481759656652,-46.05686695278973,-5.359511806845322
688256.SH,2025-09-09,2025-09-09,1180.01,1267.0,1180.01,1228.07,1212.78,15.29,1.2607,103581.54,12767436.237,1.0,791.3157188841201,849.651287553648,791.3157188841201,823.544796137339,813.2913090128754,10.253487124463504,1.2607397879252609
688256.SH,2025-09-10,2025-09-10,1268.0,1325.0,1236.78,1273.0,1228.07,44.93,3.6586,138585.37,17662160.171,1.0,850.3218884120171,888.5461373390557,829.3857296137338,853.6748927038626,823.544796137339,30.13009656652366,3.6585862369408986
688256.SH,2025-09-11,2025-09-11,1295.0,1436.47,1276.0,1387.0,1273.0,114.0,8.9552,190932.43,25996861.983,1.0,868.4281115879828,963.2980150214592,855.6866952789699,930.1233905579398,853.6748927038626,76.44849785407723,8.955223880597012
688256.SH,2025-09-12,2025-09-12,1387.0,1522.22,1372.0,1488.0,1387.0,101.0,7.2819,197411.49,28695031.003,1.0,930.1233905579398,1020.8020386266094,920.0643776824033,997.8540772532189,930.1233905579398,67.73068669527902,7.281903388608512
688256.SH,2025-09-15,2025-09-15,1505.0,1529.4,1411.1,1440.0,1488.0,-48.0,-3.2258,114491.32,16564077.105,1.0,1009.2542918454935,1025.6169527896996,946.284871244635,965.6652360515021,997.8540772532189,-32.18884120171674,-3.225806451612904
688256.SH,2025-09-16,2025-09-16,1468.0,1528.0,1428.53,1440.1,1440.0,0.1,0.0069,136802.74,20074698.247,1.0,984.4420600858368,1024.6781115879828,957.9734442060085,965.732296137339,965.6652360515021,0.06706008583682888,0.006944444444436057
688256.SH,2025-09-17,2025-09-17,1413.3,1470.02,1372.25,1442.0,1440.1,1.9,0.1319,98617.47,14146955.67,1.0,947.7601931330471,985.7966738197424,920.2320278969956,967.0064377682403,965.732296137339,1.2741416309013402,0.1319352822720699
688256.SH,2025-09-18,2025-09-18,1508.0,1518.0,1381.11,1420.99,1442.0,-21.01,-1.457,171994.85,25149758.553,1.0,1011.2660944206008,1017.9721030042917,926.1735515021458,952.9171137339056,967.0064377682403,-14.089324034334709,-1.4570041608876503
688256.SH,2025-09-19,2025-09-19,1392.0,1420.0,1342.0,1349.24,1420.99,-71.75,-5.0493,126552.24,17405922.549,1.0,933.4763948497854,952.2532188841201,899.9463519313305,904.8015021459227,952.9171137339056,-48.115611587982926,-5.04929661714721
688256.SH,2025-09-22,2025-09-22,1327.99,1429.9,1301.0,1398.0,1349.24,48.76,3.6139,134359.68,18462164.26,1.0,890.5512339055794,958.8921673819742,872.4517167381974,937.5,904.8015021459227,32.698497854077345,3.6138863360113946
688256.SH,2025-09-23,2025-09-23,1400.0,1425.0,1313.33,1350.38,1398.0,-47.62,-3.4063,128180.62,17429935.879,1.0,938.8412017167382,955.6062231759656,880.7202253218883,905.5659871244635,937.5,-31.934012875536496,-3.4062947067238927
688256.SH,2025-09-24,2025-09-24,1330.0,1400.0,1330.0,1374.0,1350.38,23.62,1.7491,100897.18,13721388.643,1.0,891.8991416309012,938.8412017167382,891.8991416309012,921.4055793991416,905.5659871244635,15.839592274678125,1.7491372798767768
688256.SH,2025-09-25,2025-09-25,1369.39,1414.99,1350.0,1386.69,1374.0,12.69,0.9236,90301.12,12516091.788,1.0,918.3141094420602,948.893508583691,905.3111587982833,929.9155042918454,921.4055793991416,8.509924892703793,0.9235807860261933
688256.SH,2025-09-26,2025-09-26,1365.0,1390.0,1334.0,1339.0,1386.69,-47.69,-3.4391,75520.99,10227301.335,1.0,915.3701716738196,932.1351931330472,894.5815450643777,897.9345493562231,929.9155042918454,-31.98095493562232,-3.4391248224188544
688256.SH,2025-09-29,2025-09-29,1320.0,1338.98,1271.0,1323.5,1339.0,-15.5,-1.1576,90298.05,11815948.745,1.0,885.1931330472103,897.9211373390558,852.3336909871244,887.5402360515021,897.9345493562231,-10.394313304720981,-1.1575802837938707
688256.SH,2025-09-30,2025-09-30,1388.0,1399.0,1318.23,1325.0,1323.5,1.5,0.1133,86539.81,11699849.21,1.0,930.7939914163089,938.1706008583691,884.006169527897,888.5461373390557,887.5402360515021,1.00590128755357,0.11333585190781137
688256.SH,2025-10-09,2025-10-09,1360.5,1405.93,1332.0,1332.79,1325.0,7.79,0.5879,118338.23,16137619.926,1.0,912.3524678111587,942.817864806867,893.2403433476394,893.770118025751,888.5461373390557,5.223980686695313,0.5879245283018907
688256.SH,2025-10-10,2025-10-10,1302.0,1304.31,1240.99,1247.08,1332.79,-85.71,-6.4309,108213.0,13767648.794,1.0,873.1223175965665,874.6714055793991,832.2089592274677,836.2929184549355,893.770118025751,-57.477199570815515,-6.430870579761261
688256.SH,2025-10-13,2025-10-13,1210.0,1278.0,1210.0,1262.11,1247.08,15.03,1.2052,87752.78,11019557.222,1.0,811.4270386266094,857.0278969957081,811.4270386266094,846.3720493562231,836.2929184549355,10.079130901287613,1.2052153831350105
688256.SH,2025-10-14,2025-10-14,1271.99,1271.99,1190.0,1196.0,1262.11,-66.11,-5.2381,105876.0,12861254.895,1.0,852.9975858369098,852.9975858369098,798.0150214592275,802.038626609442,846.3720493562231,-44.33342274678114,-5.238053735411338
688256.SH,2025-10-15,2025-10-15,1208.0,1246.98,1190.0,1242.0,1196.0,46.0,3.8462,70806.98,8637499.885,1.0,810.0858369098712,836.2258583690987,798.0150214592275,832.8862660944205,802.038626609442,30.847639484978572,3.8461538461538507
688256.SH,2025-10-16,2025-10-16,1260.0,1307.96,1260.0,1274.0,1242.0,32.0,2.5765,96667.9,12409422.159,1.0,844.9570815450643,877.1190987124463,844.9570815450643,854.3454935622317,832.8862660944205,21.45922746781116,2.5764895330112725
688256.SH,2025-10-17,2025-10-17,1254.95,1289.28,1218.23,1247.68,1274.0,-26.32,-2.0659,84813.74,10607162.139,1.0,841.5705472103004,864.5922746781115,816.946083690987,836.695278969957,854.3454935622317,-17.650214592274665,-2.065934065934065
688256.SH,2025-10-20,2025-10-20,1273.11,1333.96,1241.5,1281.12,1247.68,33.44,2.6802,128071.07,16518765.341,1.0,853.7486587982831,894.5547210300429,832.550965665236,859.1201716738196,836.695278969957,22.42489270386261,2.6801744036932487
688256.SH,2025-10-21,2025-10-21,1281.12,1378.0,1245.0,1368.96,1281.12,87.84,6.8565,146125.63,19240518.795,1.0,859.1201716738196,924.087982832618,834.8980686695279,918.0257510729614,859.1201716738196,58.90557939914174,6.856500562008256
688256.SH,2025-10-22,2025-10-22,1341.0,1468.0,1339.0,1429.5,1368.96,60.54,4.4223,141335.62,19814513.226,1.0,899.2757510729613,984.4420600858368,897.9345493562231,958.6239270386266,918.0257510729614,40.59817596566518,4.422335203366052
688256.SH,2025-10-23,2025-10-23,1409.0,1417.0,1365.0,1398.9,1429.5,-30.6,-2.1406,79242.08,11008098.775,1.0,944.87660944206,950.2414163090128,915.3701716738196,938.1035407725323,958.6239270386266,-20.520386266094306,-2.1406086044071233
688256.SH,2025-10-24,2025-10-24,1425.0,1548.0,1404.0,1525.0,1398.9,126.1,9.0142,159565.6,23402505.412,1.0,955.6062231759656,1038.0901287553647,941.5236051502145,1022.6663090128754,938.1035407725323,84.56276824034319,9.01422546286366
688256.SH,2025-10-27,2025-10-27,1560.0,1560.01,1493.0,1530.68,1525.0,5.68,0.3725,122356.06,18757215.645,1.0,1046.137339055794,1046.1440450643777,1001.2070815450643,1026.475321888412,1022.6663090128754,3.8090128755366095,0.37245901639345524
688256.SH,2025-10-28,2025-10-28,1505.0,1533.79,1457.0,1478.58,1530.68,-52.1,-3.4037,104310.9,15591302.965,1.0,1009.2542918454935,1028.5608905579397,977.0654506437768,991.5370171673819,1026.475321888412,-34.938304721030136,-3.4037159955052743
688256.SH,2025-10-29,2025-10-29,1460.0,1530.88,1433.0,1461.0,1478.58,-17.58,-1.189,101228.54,14915634.309,1.0,979.077253218884,1026.609442060086,960.9710300429184,979.7478540772531,991.5370171673819,-11.789163090128795,-1.188978614616731
688256.SH,2025-10-30,2025-10-30,1440.0,1499.96,1400.01,1422.0,1461.0,-39.0,-2.6694,117364.77,16889724.409,1.0,965.6652360515021,1005.8744635193133,938.8479077253219,953.5944206008584,979.7478540772531,-26.153433476394753,-2.6694045174537893
688256.SH,2025-10-31,2025-10-31,1407.96,1414.0,1375.0,1375.0,1422.0,-47.0,-3.3052,85167.38,11831070.79,1.0,944.1791845493563,948.2296137339056,922.0761802575107,922.0761802575107,953.5944206008584,-31.518240343347657,-3.305203938115332
688256.SH,2025-11-03,2025-11-03,1335.0,1360.66,1335.0,1346.6,1375.0,-28.4,-2.0655,63788.88,8590648.848,1.0,895.2521459227468,912.4597639484979,895.2521459227468,903.0311158798282,922.0761802575107,-19.04506437768248,-2.0654545454545534
688256.SH,2025-11-04,2025-11-04,1370.0,1390.85,1326.0,1339.6,1346.6,-7.0,-0.5198,71501.62,9736393.898,1.0,918.7231759656652,932.7052038626608,889.2167381974249,898.3369098712445,903.0311158798282,-4.694206008583706,-0.5198277142432811
688256.SH,2025-11-05,2025-11-05,1295.0,1365.0,1291.11,1348.0,1339.6,8.4,0.6271,67698.87,9005687.036,1.0,868.4281115879828,915.3701716738196,865.8194742489269,903.969957081545,898.3369098712445,5.633047210300447,0.6270528515974938
688256.SH,2025-11-06,2025-11-06,1386.0,1480.88,1371.23,1480.0,1348.0,132.0,9.7923,134785.95,19250016.672,1.0,929.4527896995708,993.0793991416309,919.5480150214592,992.4892703862661,903.969957081545,88.5193133047211,9.79228486646885
688256.SH,2025-11-07,2025-11-07,1455.55,1468.88,1430.08,1432.5,1480.0,-47.5,-3.2095,66444.28,9618929.569,1.0,976.0930793991415,985.0321888412018,959.0128755364806,960.6357296137338,992.4892703862661,-31.853540772532256,-3.2094594594594663
688256.SH,2025-11-10,2025-11-10,1430.03,1450.0,1337.01,1391.5,1432.5,-41.0,-2.8621,89348.59,12282433.932,1.0,958.9793454935622,972.3712446351931,896.6000536480686,933.1410944206008,960.6357296137338,-27.494635193133036,-2.8621291448516573
688256.SH,2025-11-11,2025-11-11,1398.0,1403.0,1299.11,1330.0,1391.5,-61.5,-4.4197,90176.81,12109374.239,1.0,937.5,940.8530042918454,871.1842811158797,891.8991416309012,933.1410944206008,-41.24195278969955,-4.419690980955802
688256.SH,2025-11-12,2025-11-12,1312.0,1375.0,1308.0,1365.78,1330.0,35.78,2.6902,67212.32,9031583.735,1.0,879.8283261802575,922.0761802575107,877.145922746781,915.8932403433475,891.8991416309012,23.994098712446316,2.6902255639097703
688256.SH,2025-11-13,2025-11-13,1352.0,1387.0,1329.0,1384.9,1365.78,19.12,1.3999,61507.83,8363426.246,1.0,906.6523605150214,930.1233905579398,891.2285407725321,928.7151287553648,915.8932403433475,12.821888412017302,1.3999326392244873
688256.SH,2025-11-14,2025-11-14,1350.0,1365.13,1324.3,1325.01,1384.9,-59.89,-4.3245,62737.92,8403397.057,1.0,905.3111587982833,915.4573497854077,888.0767167381973,888.5528433476394,928.7151287553648,-40.16228540772545,-4.324499963896324
688256.SH,2025-11-17,2025-11-17,1316.95,1342.01,1283.38,1303.1,1325.01,-21.91,-1.6536,67492.79,8840817.365,1.0,883.1478004291845,899.9530579399141,860.6357296137339,873.8599785407724,888.5528433476394,-14.692864806866964,-1.6535724258684856
688256.SH,2025-11-18,2025-11-18,1305.95,1344.44,1290.99,1326.7,1303.1,23.6,1.8111,60034.36,7979099.417,1.0,875.7711909871244,901.5826180257511,865.7390021459227,889.6861587982833,873.8599785407724,15.826180257510828,1.8110659197298862
688256.SH,2025-11-19,2025-11-19,1320.0,1350.0,1320.0,1332.0,1326.7,5.3,0.3995,42413.04,5664290.197,1.0,885.1931330472103,905.3111587982833,885.1931330472103,893.2403433476394,889.6861587982833,3.554184549356137,0.39948745006405906
688256.SH,2025-11-20,2025-11-20,1361.01,1365.58,1320.0,1322.3,1332.0,-9.7,-0.7282,38874.85,5185546.03,1.0,912.694474248927,915.7591201716738,885.1931330472103,886.7355150214592,893.2403433476394,-6.504828326180245,-0.728228228228227
688256.SH,2025-11-21,2025-11-21,1290.3,1298.0,1240.01,1249.0,1322.3,-73.3,-5.5434,72573.06,9176505.152,1.0,865.276287553648,870.4399141630901,831.5517703862661,837.5804721030042,886.7355150214592,-49.15504291845491,-5.543371398321105
688256.SH,2025-11-24,2025-11-24,1252.88,1275.58,1218.0,1261.98,1249.0,12.98,1.0392,59214.22,7394380.933,1.0,840.1824034334765,855.4050429184548,816.7918454935622,846.2848712446352,837.5804721030042,8.704399141630915,1.039231385108088
688256.SH,2025-11-25,2025-11-25,1268.0,1285.35,1244.0,1260.0,1261.98,-1.98,-0.1569,58771.03,7414400.485,1.0,850.3218884120171,861.9568133047209,834.2274678111587,844.9570815450643,846.2848712446352,-1.3277896995708716,-0.15689630580516994
688256.SH,2025-11-26,2025-11-26,1245.0,1340.16,1234.01,1314.66,1260.0,54.66,4.3381,91472.9,11889049.61,1.0,834.8980686695279,898.7124463519314,827.5281652360514,881.6121244635193,844.9570815450643,36.655042918455024,4.338095238095249
688256.SH,2025-11-27,2025-11-27,1360.0,1388.2,1313.0,1317.36,1314.66,2.7,0.2054,89364.17,12117075.987,1.0,912.0171673819742,930.9281115879828,880.4989270386266,883.4227467811157,881.6121244635193,1.810622317596426,0.20537629501162208
688256.SH,2025-11-28,2025-11-28,1310.0,1347.0,1291.0,1331.0,1317.36,13.64,1.0354,58546.39,7708418.732,1.0,878.4871244635193,903.2993562231759,865.7457081545064,892.5697424892703,883.4227467811157,9.146995708154577,1.0354041416165747
688256.SH,2025-12-01,2025-12-01,1327.94,1382.0,1292.2,1362.44,1331.0,31.44,2.3621,73684.03,9888480.775,1.0,890.5177038626609,926.7703862660944,866.5504291845493,913.6534334763949,892.5697424892703,21.083690987124555,2.362133734034571
688256.SH,2025-12-02,2025-12-02,1370.0,1377.0,1322.44,1328.73,1362.44,-33.71,-2.4742,46406.31,6242939.888,1.0,918.7231759656652,923.4173819742489,886.8293991416309,891.0474785407725,913.6534334763949,-22.60595493562232,-2.4742373976101706
688256.SH,2025-12-03,2025-12-03,1333.0,1360.0,1320.1,1332.3,1328.73,3.57,0.2687,44919.65,6005556.71,1.0,893.9109442060085,912.0171673819742,885.2601931330471,893.4415236051501,891.0474785407725,2.394045064377565,0.26867760944660124
688256.SH,2025-12-04,2025-12-04,1321.21,1369.3,1292.5,1369.0,1332.3,36.7,2.7546,70527.31,9414092.024,1.0,886.0045600858369,918.2537553648068,866.75160944206,918.0525751072961,893.4415236051501,24.611051502145983,2.754634842002559
688256.SH,2025-12-05,2025-12-05,1339.5,1396.32,1322.0,1355.0,1369.0,-14.0,-1.0226,88022.66,11982010.116,1.0,898.2698497854077,936.3733905579398,886.5343347639484,908.6641630901287,918.0525751072961,-9.388412017167411,-1.0226442658875123
688256.SH,2025-12-08,2025-12-08,1335.0,1441.8,1333.02,1417.8,1355.0,62.8,4.6347,98744.31,13837959.654,1.0,895.2521459227468,966.8723175965664,893.9243562231759,950.777896995708,908.6641630901287,42.11373390557935,4.634686346863464
688256.SH,2025-12-09,2025-12-09,1375.0,1457.57,1368.0,1436.0,1417.8,18.2,1.2837,90594.17,12892588.911,1.0,922.0761802575107,977.4476931330471,917.381974248927,962.9828326180257,950.777896995708,12.204935622317635,1.2836789392015842
688256.SH,2025-12-10,2025-12-10,1436.0,1451.69,1371.0,1420.88,1436.0,-15.12,-1.0529,62966.51,8864636.275,1.0,962.9828326180257,973.5045600858369,919.3937768240343,952.843347639485,962.9828326180257,-10.139484978540622,-1.0529247910863353
688256.SH,2025-12-11,2025-12-11,1410.0,1417.0,1376.0,1382.02,1420.88,-38.86,-2.7349,62072.59,8619204.1,1.0,945.5472103004291,950.2414163090128,922.7467811158798,926.7837982832617,952.843347639485,-26.05954935622333,-2.734924835313343
688256.SH,2025-12-12,2025-12-12,1382.02,1408.0,1329.8,1344.0,1382.02,-38.02,-2.751,91731.13,12503100.255,1.0,926.7837982832617,944.206008583691,891.7650214592273,901.2875536480686,926.7837982832617,-25.49624463519308,-2.7510455709758124
688256.SH,2025-12-15,2025-12-15,1316.01,1377.79,1316.01,1331.9,1344.0,-12.1,-0.9003,64108.76,8667825.206,1.0,882.5174356223175,923.9471566523605,882.5174356223175,893.1732832618026,901.2875536480686,-8.114270386266071,-0.9002976190476165
688256.SH,2025-12-16,2025-12-16,1319.1,1332.0,1262.69,1273.92,1331.9,-57.98,-4.3532,73946.27,9503366.29,1.0,884.589592274678,893.2403433476394,846.7609978540772,854.2918454935623,893.1732832618026,-38.88143776824029,-4.353179668143248
688256.SH,2025-12-17,2025-12-17,1270.11,1320.0,1263.5,1315.6,1273.92,41.68,3.2718,63136.57,8165521.986,1.0,851.7368562231759,885.1931330472103,847.3041845493561,882.2424892703862,854.2918454935623,27.95064377682388,3.2717910072845835
688256.SH,2025-12-18,2025-12-18,1300.0,1309.77,1280.02,1287.0,1315.6,-28.6,-2.1739,38865.62,5022391.299,1.0,871.7811158798282,878.3328862660943,858.3825107296137,863.06330472103,882.2424892703862,-19.179184549356137,-2.1739130434782514
688256.SH,2025-12-19,2025-12-19,1300.0,1301.0,1264.0,1268.0,1287.0,-19.0,-1.4763,43265.54,5527000.531,1.0,871.7811158798282,872.4517167381974,847.6394849785407,850.3218884120171,863.06330472103,-12.741416309012948,-1.4763014763014848
688256.SH,2025-12-22,2025-12-22,1275.01,1297.65,1258.0,1284.77,1268.0,16.77,1.3226,64766.94,8285582.166,1.0,855.0228004291845,870.2052038626609,843.6158798283261,861.5678648068669,850.3218884120171,11.245976394849777,1.3225552050473177
688256.SH,2025-12-23,2025-12-23,1278.2,1350.0,1275.1,1336.02,1284.77,51.25,3.989,91435.03,12143932.52,1.0,857.1620171673819,905.3111587982833,855.0831545064376,895.9361587982831,861.5678648068669,34.368293991416294,3.9890408399947055
688256.SH,2025-12-24,2025-12-24,1335.0,1345.0,1300.99,1326.2,1336.02,-9.82,-0.735,59286.62,7830827.375,1.0,895.2521459227468,901.9581545064377,872.4450107296137,889.3508583690987,895.9361587982831,-6.585300429184485,-0.7350189368422558
688256.SH,2025-12-25,2025-12-25,1315.0,1333.99,1310.0,1319.41,1326.2,-6.79,-0.512,40510.27,5343991.086,1.0,881.8401287553647,894.574839055794,878.4871244635193,884.7974785407725,889.3508583690987,-4.553379828326115,-0.511989141909207
688256.SH,2025-12-26,2025-12-26,1302.0,1334.15,1290.1,1303.89,1319.41,-15.52,-1.1763,47847.97,6276085.535,1.0,873.1223175965665,894.682135193133,865.1421673819741,874.3897532188842,884.7974785407725,-10.407725321888393,-1.1762833387650518
688256.SH,2025-12-29,2025-12-29,1309.97,1398.0,1308.0,1358.5,1303.89,54.61,4.1882,98352.62,13413872.87,1.0,878.4670064377682,937.5,877.145922746781,911.0112660944205,874.3897532188842,36.62151287553638,4.18823673776161
688256.SH,2025-12-30,2025-12-30,1358.88,1439.0,1358.88,1415.8,1358.5,57.3,4.2179,91353.67,12869406.686,1.0,911.2660944206009,964.994635193133,911.2660944206009,949.4366952789699,911.0112660944205,38.42542918454933,4.2178873757821105
688256.SH,2025-12-31,2025-12-31,1426.0,1432.0,1348.16,1355.55,1415.8,-60.25,-4.2555,70267.42,9747441.408,1.0,956.2768240343347,960.3004291845493,904.0772532188842,909.0329935622317,949.4366952789699,-40.40370171673817,-4.255544568441868
688256.SH,2026-01-05,2026-01-05,1375.0,1403.48,1346.78,1390.0,1355.55,34.45,2.5414,65515.02,9038942.469,1.0,922.0761802575107,941.1748927038626,903.1518240343347,932.1351931330472,909.0329935622317,23.102199570815515,2.541403858212541
688256.SH,2026-01-06,2026-01-06,1380.0,1430.0,1363.06,1383.1,1390.0,-6.9,-0.4964,69600.13,9668802.273,1.0,925.4291845493561,958.9592274678112,914.0692060085836,927.5080472103003,932.1351931330472,-4.627145922746877,-0.496402877697852
688256.SH,2026-01-07,2026-01-07,1370.0,1399.93,1356.88,1394.88,1383.1,11.78,0.8517,68366.43,9416481.263,1.0,918.7231759656652,938.7942596566523,909.9248927038627,935.4077253218884,927.5080472103003,7.899678111588059,0.8517099269756427
688256.SH,2026-01-08,2026-01-08,1409.0,1486.0,1401.0,1444.0,1394.88,49.12,3.5214,149220.62,21582860.951,1.0,944.87660944206,996.5128755364806,939.5118025751073,968.3476394849785,935.4077253218884,32.939914163090066,3.521449873824265
688256.SH,2026-01-09,2026-01-09,1419.99,1512.0,1391.0,1491.0,1444.0,47.0,3.2548,102204.98,14899518.827,1.0,952.2465128755364,1013.9484978540772,932.8057939914163,999.8658798283261,968.3476394849785,31.518240343347657,3.254847645429365
688256.SH,2026-01-12,2026-01-12,1534.44,1550.0,1463.0,1509.99,1491.0,18.99,1.2736,94844.44,14379497.916,1.0,1028.99678111588,1039.431330472103,981.0890557939914,1012.6005901287554,999.8658798283261,12.734710300429242,1.2736418511066459
688256.SH,2026-01-13,2026-01-13,1485.0,1520.0,1399.99,1408.09,1509.99,-101.9,-6.7484,100029.88,14468557.793,1.0,995.8422746781115,1019.31330472103,938.8344957081545,944.2663626609441,1012.6005901287554,-68.33422746781127,-6.748389062179232
688256.SH,2026-01-14,2026-01-14,1420.0,1449.98,1388.09,1439.12,1408.09,31.03,2.2037,89478.25,12769174.184,1.0,952.2532188841201,972.3578326180257,930.8543454935622,965.0751072961372,944.2663626609441,20.80874463519308,2.2036943661271597
688256.SH,2026-01-15,2026-01-15,1421.0,1444.0,1392.45,1415.0,1439.12,-24.12,-1.676,57838.7,8160415.979,1.0,952.9238197424892,968.3476394849785,933.7781652360514,948.9002145922747,965.0751072961372,-16.174892703862497,-1.6760242370337262
688256.SH,2026-01-16,2026-01-16,1420.0,1445.0,1408.03,1424.05,1415.0,9.05,0.6396,72255.59,10308466.086,1.0,952.2532188841201,969.0182403433475,944.226126609442,954.969152360515,948.9002145922747,6.068937768240289,0.6395759717314431
688256.SH,2026-01-19,2026-01-19,1422.0,1458.58,1408.0,1419.66,1424.05,-4.39,-0.3083,69119.05,9918274.016,1.0,953.5944206008584,978.1249999999999,944.206008583691,952.0252145922747,954.969152360515,-2.943937768240289,-0.30827569256696885
688256.SH,2026-01-20,2026-01-20,1417.0,1425.0,1331.02,1343.04,1419.66,-76.62,-5.3971,87374.01,11952219.696,1.0,950.2414163090128,955.6062231759656,892.5831545064377,900.6437768240343,952.0252145922747,-51.3814377682404,-5.3970669033430605
688256.SH,2026-01-21,2026-01-21,1335.35,1388.0,1334.92,1353.87,1343.04,10.83,0.8064,75750.12,10345072.403,1.0,895.4868562231759,930.7939914163089,895.1984978540772,907.9063841201715,900.6437768240343,7.262607296137276,0.8063795568262975
688256.SH,2026-01-22,2026-01-22,1344.0,1368.0,1333.0,1353.0,1353.87,-0.87,-0.0643,59350.32,8030782.537,1.0,901.2875536480686,917.381974248927,893.9109442060085,907.3229613733905,907.9063841201715,-0.5834227467810251,-0.06426023177999844
688256.SH,2026-01-23,2026-01-23,1337.0,1353.0,1320.0,1334.99,1353.0,-18.01,-1.3311,63511.27,8480917.29,1.0,896.5933476394849,907.3229613733905,885.1931330472103,895.2454399141631,907.3229613733905,-12.077521459227455,-1.3311160384331102
688256.SH,2026-01-26,2026-01-26,1325.0,1329.92,1296.0,1300.0,1334.99,-34.99,-2.621,67870.46,8871288.504,1.0,888.5461373390557,891.8454935622318,869.0987124463519,871.7811158798282,895.2454399141631,-23.464324034334822,-2.620993415681023
688256.SH,2026-01-27,2026-01-27,1300.0,1317.88,1276.55,1300.89,1300.0,0.89,0.0685,63383.8,8235075.32,1.0,871.7811158798282,883.7714592274679,856.0555257510729,872.3779506437769,871.7811158798282,0.5968347639486637,0.0684615384615575
688256.SH,2026-01-28,2026-01-28,1309.88,1310.0,1279.0,1282.78,1300.89,-18.11,-1.3921,69812.86,9013149.13,1.0,878.4066523605151,878.4871244635193,857.6984978540772,860.2333690987124,872.3779506437769,-12.144581545064511,-1.392123853669426
688256.SH,2026-01-29,2026-01-29,1282.12,1292.12,1250.01,1252.01,1282.78,-30.77,-2.3987,71581.57,9051850.983,1.0,859.7907725321887,866.4967811158797,838.257778969957,839.5989806866952,860.2333690987124,-20.634388412017188,-2.3986965808634397
688256.SH,2026-01-30,2026-01-30,1252.0,1277.87,1240.1,1258.89,1252.01,6.88,0.5495,63495.43,8018391.889,1.0,839.5922746781115,856.9407188841201,831.6121244635192,844.2127145922747,839.5989806866952,4.6137339055794655,0.549516377664723
688256.SH,2026-02-02,2026-02-02,1249.0,1273.6,1233.0,1242.0,1258.89,-16.89,-1.3417,66690.29,8357731.143,1.0,837.5804721030042,854.077253218884,826.8508583690987,832.8862660944205,844.2127145922747,-11.32644849785413,-1.3416581273979522
688256.SH,2026-02-03,2026-02-03,1255.0,1257.78,1063.0,1128.0,1242.0,-114.0,-9.1787,226144.55,25622515.727,1.0,841.6040772532189,843.4683476394849,712.8487124463519,756.4377682403433,832.8862660944205,-76.44849785407723,-9.178743961352655
688256.SH,2026-02-04,2026-02-04,1100.0,1108.6,1063.97,1068.0,1128.0,-60.0,-5.3191,117351.29,12657885.6,1.0,737.6609442060086,743.4281115879827,713.49919527897,716.2017167381974,756.4377682403433,-40.23605150214587,-5.319148936170206
688256.SH,2026-02-05,2026-02-05,1050.01,1072.98,1037.04,1058.33,1068.0,-9.67,-0.9054,79421.15,8357564.076,1.0,704.1376072961373,719.5413090128756,695.4399141630901,709.7170064377682,716.2017167381974,-6.484710300429242,-0.9054307116104949
688256.SH,2026-02-06,2026-02-06,1042.55,1062.68,1015.56,1036.99,1058.33,-21.34,-2.0164,79813.48,8272185.155,1.0,699.1349248927038,712.6341201716738,681.0354077253218,695.4063841201717,709.7170064377682,-14.31062231759654,-2.016384303572606
688256.SH,2026-02-09,2026-02-09,1060.0,1105.94,1056.0,1086.8,1036.99,49.81,4.8033,96536.39,10462460.032,1.0,710.8369098712446,741.644313304721,708.1545064377682,728.8090128755364,695.4063841201717,33.40262875536473,4.803325007955707
688256.SH,2026-02-10,2026-02-10,1105.0,1148.0,1091.58,1100.9,1086.8,14.1,1.2974,96601.2,10796371.349,1.0,741.013948497854,769.8497854077253,732.0144849785407,738.2644849785408,728.8090128755364,9.455472103004467,1.2973868237026374
688256.SH,2026-02-11,2026-02-11,1088.88,1103.0,1073.0,1078.9,1100.9,-22.0,-1.9984,55273.11,5983828.108,1.0,730.2038626609442,739.6727467811158,719.5547210300429,723.5112660944206,738.2644849785408,-14.753218884120201,-1.998364974112094
688256.SH,2026-02-12,2026-02-12,1079.98,1120.0,1061.33,1112.5,1078.9,33.6,3.1143,86857.14,9502364.159,1.0,724.2355150214592,751.0729613733905,711.7288090128754,746.0434549356223,723.5112660944206,22.532188841201673,3.114283066085822
688256.SH,2026-02-13,2026-02-13,1100.0,1143.0,1093.11,1120.68,1112.5,8.18,0.7353,70569.45,7918250.312,1.0,737.6609442060086,766.4967811158798,733.0405042918454,751.5289699570816,746.0434549356223,5.485515021459264,0.7352808988764094
688256.SH,2026-02-24,2026-02-24,1136.26,1142.0,1070.2,1071.55,1120.68,-49.13,-4.3839,81877.09,8894584.851,1.0,761.9769313304721,765.8261802575107,717.6770386266095,718.5823497854077,751.5289699570816,-32.946620171673885,-4.383945461683987
688256.SH,2026-02-25,2026-02-25,1079.99,1109.0,1074.0,1082.65,1071.55,11.1,1.0359,57606.23,6266293.048,1.0,724.2422210300429,743.6963519313305,720.2253218884119,726.0260193133047,718.5823497854077,7.443669527896986,1.0358825999720018
688256.SH,2026-02-26,2026-02-26,1095.15,1188.88,1068.74,1168.8,1082.65,86.15,7.9573,140838.47,16034677.283,1.0,734.4085300429185,797.2639484978541,716.6979613733905,783.7982832618025,726.0260193133047,57.772263948497766,7.957326929293851
688256.SH,2026-02-27,2026-02-27,1145.02,1212.12,1141.33,1178.0,1168.8,9.2,0.7871,121511.65,14322223.946,1.0,767.8513948497854,812.8487124463518,765.3768776824033,789.9678111587982,783.7982832618025,6.16952789699576,0.7871321013004858
688256.SH,2026-03-02,2026-03-02,1150.0,1208.55,1143.06,1191.9,1178.0,13.9,1.18,88219.75,10389211.104,1.0,771.1909871244635,810.4546673819742,766.5370171673819,799.2891630901288,789.9678111587982,9.321351931330582,1.1799660441426285
688256.SH,2026-03-03,2026-03-03,1197.0,1198.88,1129.99,1133.05,1191.9,-58.85,-4.9375,75371.16,8732618.337,1.0,802.7092274678112,803.9699570815451,757.7722639484978,759.8243025751073,799.2891630901288,-39.46486051502154,-4.9374947562715095
688256.SH,2026-03-04,2026-03-04,1122.0,1158.01,1110.0,1117.08,1133.05,-15.97,-1.4095,58986.95,6656512.148,1.0,752.4141630901287,776.5625,744.3669527896996,749.1148068669527,759.8243025751073,-10.709495708154577,-1.4094700145624737
688256.SH,2026-03-05,2026-03-05,1148.68,1196.02,1122.02,1168.0,1117.08,50.92,4.5583,85399.45,9922297.387,1.0,770.3057939914163,802.0520386266094,752.4275751072961,783.2618025751073,749.1148068669527,34.14699570815458,4.558312743939567
688256.SH,2026-03-06,2026-03-06,1160.0,1173.34,1148.06,1154.88,1168.0,-13.12,-1.1233,45234.67,5238659.046,1.0,777.8969957081545,786.8428111587982,769.8900214592273,774.4635193133048,783.2618025751073,-8.798283261802453,-1.1232876712328612
688256.SH,2026-03-09,2026-03-09,1120.0,1133.75,1092.99,1125.99,1154.88,-28.89,-2.5016,60258.4,6690959.588,1.0,751.0729613733905,760.2937231759656,732.9600321888412,755.0898605150214,774.4635193133048,-19.373658798283373,-2.501558603491286
688256.SH,2026-03-10,2026-03-10,1148.98,1160.0,1135.01,1147.1,1125.99,21.11,1.8748,50202.93,5750878.845,1.0,770.506974248927,777.8969957081545,761.1386802575107,769.2462446351931,755.0898605150214,14.156384120171651,1.8747946251742882
688256.SH,2026-03-11,2026-03-11,1155.0,1159.0,1093.35,1099.0,1147.1,-48.1,-4.1932,76210.59,8594431.103,1.0,774.5439914163089,777.2263948497854,733.201448497854,736.9903433476394,769.2462446351931,-32.255901287553684,-4.193182808822252
688256.SH,2026-03-12,2026-03-12,1099.0,1121.2,1077.86,1099.0,1099.0,0.0,0.0,62625.27,6863561.917,1.0,736.9903433476394,751.8776824034335,722.8138412017166,736.9903433476394,736.9903433476394,0.0,0.0
688256.SH,2026-03-13,2026-03-13,1111.11,1127.05,1084.97,1096.1,1099.0,-2.9,-0.2639,92906.21,10301354.225,1.0,745.1113197424892,755.8006974248926,727.581813304721,735.045600858369,736.9903433476394,-1.9447424892704248,-0.2638762511374029
688256.SH,2026-03-16,2026-03-16,1088.06,1093.11,1046.96,1089.97,1096.1,-6.13,-0.5593,66956.72,7211654.65,1.0,729.6539699570815,733.0405042918454,702.0922746781116,730.9348175965665,735.045600858369,-4.110783261802453,-0.5592555423775039
688256.SH,2026-03-17,2026-03-17,1089.87,1119.99,1071.01,1079.99,1089.97,-9.98,-0.9156,55320.89,6045178.216,1.0,730.8677575107295,751.0662553648068,718.2202253218884,724.2422210300429,730.9348175965665,-6.692596566523662,-0.9156215308678298
688256.SH,2026-03-18,2026-03-18,1083.24,1088.0,1048.16,1066.0,1079.99,-13.99,-1.2954,68393.17,7258997.345,1.0,726.4216738197424,729.6137339055794,702.8969957081546,714.8605150214592,724.2422210300429,-9.381706008583706,-1.2953823646515266
688256.SH,2026-03-19,2026-03-19,1045.01,1052.78,1032.18,1037.02,1066.0,-28.98,-2.7186,48852.75,5089266.821,1.0,700.7846030042919,705.9951716738196,692.1807939914163,695.4265021459227,714.8605150214592,-19.434012875536496,-2.7185741088180135
688256.SH,2026-03-20,2026-03-20,1039.19,1065.65,1001.01,1025.0,1037.02,-12.02,-1.1591,101951.62,10508394.228,1.0,696.8817060085837,714.62580472103,671.2781652360514,687.3658798283261,695.4265021459227,-8.06062231759654,-1.1590904707720162
688256.SH,2026-03-23,2026-03-23,1002.5,1020.5,968.0,971.3,1025.0,-53.7,-5.239,81515.2,8094829.806,1.0,672.2773605150214,684.3481759656652,649.1416309012875,651.3546137339055,687.3658798283261,-36.01126609442065,-5.23902439024391
688256.SH,2026-03-24,2026-03-24,985.0,1037.8,970.02,1028.5,971.3,57.2,5.889,90596.06,9111327.946,1.0,660.5418454935622,695.9495708154506,650.4962446351931,689.712982832618,651.3546137339055,38.3583690987125,5.889014722536816
688256.SH,2026-03-25,2026-03-25,1030.0,1061.9,1022.95,1039.0,1028.5,10.5,1.0209,89713.88,9359463.115,1.0,690.7188841201717,712.111051502146,685.9911480686695,696.7542918454935,689.712982832618,7.041309012875558,1.0209042294603825
688256.SH,2026-03-26,2026-03-26,1040.0,1068.68,1018.18,1024.9,1039.0,-14.1,-1.3571,49947.24,5183511.265,1.0,697.4248927038626,716.6577253218884,682.7923819742489,687.2988197424893,696.7542918454935,-9.45547210300424,-1.3570741097208783
688256.SH,2026-03-27,2026-03-27,1005.0,1038.05,1005.0,1024.0,1024.9,-0.9,-0.0878,50422.57,5154200.457,1.0,673.9538626609442,696.1172210300429,673.9538626609442,686.695278969957,687.2988197424893,-0.6035407725322557,-0.08781344521417696
688256.SH,2026-03-30,2026-03-30,1004.57,1015.0,994.94,1009.45,1024.0,-14.55,-1.4209,52269.18,5249779.442,1.0,673.6655042918455,680.6598712446352,667.2076180257511,676.9380364806867,686.695278969957,-9.757242489270311,-1.4208984374999891
688256.SH,2026-03-31,2026-03-31,1001.06,1019.98,983.0,983.0,1009.45,-26.45,-2.6202,50753.76,5072933.425,1.0,671.3116952789699,683.9994635193133,659.200643776824,659.200643776824,676.9380364806867,-17.737392703862724,-2.6202387438704338
688256.SH,2026-04-01,2026-04-01,1008.0,1064.0,1008.0,1051.4,983.0,68.4,6.9583,100009.13,10410610.082,1.0,675.9656652360514,713.519313304721,675.9656652360514,705.0697424892704,659.200643776824,45.86909871244643,6.95829094608343
688256.SH,2026-04-02,2026-04-02,1045.01,1053.46,996.86,998.99,1051.4,-52.41,-4.9848,70914.66,7184207.986,1.0,700.7846030042919,706.4511802575107,668.4951716738198,669.9235515021459,705.0697424892704,-35.146190987124555,-4.98478219516836
688256.SH,2026-04-03,2026-04-03,1010.0,1040.0,999.0,1025.7,998.99,26.71,2.6737,62244.72,6355115.333,1.0,677.3068669527896,697.4248927038626,669.9302575107296,687.8353004291846,669.9235515021459,17.91174892703873,2.673700437441832
688256.SH,2026-04-07,2026-04-07,1023.0,1146.0,1021.01,1119.0,1025.7,93.3,9.0962,140829.0,15532637.045,1.0,686.024678111588,768.508583690987,684.6901824034335,750.4023605150214,687.8353004291846,62.56706008583683,9.096226966949388
688256.SH,2026-04-08,2026-04-08,1159.1,1168.98,1138.0,1164.0,1119.0,45.0,4.0214,104832.54,12135960.241,1.0,777.2934549356222,783.9189914163089,763.1437768240343,780.5793991416309,750.4023605150214,30.177038626609487,4.021447721179631
688256.SH,2026-04-09,2026-04-09,1160.0,1222.22,1151.0,1198.0,1164.0,34.0,2.921,97508.72,11687631.029,1.0,777.8969957081545,819.6217811158798,771.8615879828326,803.3798283261802,780.5793991416309,22.80042918454933,2.9209621993127115
688256.SH,2026-04-10,2026-04-10,1205.0,1222.22,1188.9,1210.7,1198.0,12.7,1.0601,90036.52,10839608.534,1.0,808.074034334764,819.6217811158798,797.2773605150214,811.8964592274677,803.3798283261802,8.516630901287499,1.0601001669449015
688256.SH,2026-04-13,2026-04-13,1202.01,1252.6,1201.92,1219.62,1210.7,8.92,0.7368,78791.42,9684560.234,1.0,806.0689377682403,839.9946351931329,806.0085836909872,817.8782188841201,811.8964592274677,5.981759656652343,0.7367638556207132
688256.SH,2026-04-14,2026-04-14,1224.99,1248.8,1206.09,1241.98,1219.62,22.36,1.8334,77031.7,9413266.659,1.0,821.4793454935622,837.4463519313304,808.8049892703862,832.8728540772532,817.8782188841201,14.99463519313315,1.8333579311588983
688256.SH,2026-04-15,2026-04-15,1242.0,1327.21,1239.08,1274.0,1241.98,32.02,2.5781,124298.88,16061962.461,1.0,832.8862660944205,890.0281652360514,830.9281115879827,854.3454935622317,832.8728540772532,21.47263948497846,2.578141354933242
688256.SH,2026-04-16,2026-04-16,1280.0,1315.0,1272.02,1307.0,1274.0,33.0,2.5903,77964.84,10107382.521,1.0,858.3690987124463,881.8401287553647,853.0177038626609,876.4753218884119,854.3454935622317,22.129828326180245,2.5902668759811607
688256.SH,2026-04-17,2026-04-17,1299.87,1349.47,1290.0,1334.0,1307.0,27.0,2.0658,72105.2,9612455.944,1.0,871.6939377682402,904.9557403433477,865.0751072961373,894.5815450643777,876.4753218884119,18.106223175965738,2.065799540933444
688256.SH,2026-04-20,2026-04-20,1341.0,1378.2,1326.16,1378.2,1334.0,44.2,3.3133,75195.83,10224177.313,1.0,899.2757510729613,924.2221030042919,889.324034334764,924.2221030042919,894.5815450643777,29.640557939914174,3.3133433283358333
688256.SH,2026-04-21,2026-04-21,1361.0,1368.12,1308.0,1330.0,1378.2,-48.2,-3.4973,81790.94,10897674.222,1.0,912.6877682403433,917.4624463519312,877.145922746781,891.8991416309012,924.2221030042919,-32.322961373390626,-3.49731533884778
688256.SH,2026-04-22,2026-04-22,1317.99,1339.98,1308.08,1337.0,1330.0,7.0,0.5263,68082.09,9042046.567,1.0,883.8452253218884,898.5917381974249,877.1995708154506,896.5933476394849,891.8991416309012,4.694206008583706,0.5263157894736858
688256.SH,2026-04-23,2026-04-23,1335.96,1359.92,1296.0,1323.0,1337.0,-14.0,-1.0471,77187.89,10258176.454,1.0,895.8959227467811,911.9635193133047,869.0987124463519,887.2049356223175,896.5933476394849,-9.388412017167411,-1.0471204188481709
688256.SH,2026-04-24,2026-04-24,1319.64,1409.58,1281.58,1352.5,1323.0,29.5,2.2298,124071.44,16760993.798,1.0,884.9517167381974,945.2655579399141,859.4286480686694,906.9876609442059,887.2049356223175,19.782725321888393,2.2297808012093707
688256.SH,2026-04-27,2026-04-27,1350.05,1386.0,1341.28,1356.72,1352.5,4.22,0.312,70932.04,9653255.998,1.0,905.3446888412017,929.4527896995708,899.4635193133047,909.8175965665235,906.9876609442059,2.8299356223176346,0.31201478743068817
688256.SH,2026-04-28,2026-04-28,1353.78,1418.88,1353.78,1374.5,1356.72,17.78,1.3105,74535.38,10382787.206,1.0,907.8460300429184,951.5021459227468,907.8460300429184,921.7408798283261,909.8175965665235,11.923283261802567,1.3105135916032775
688256.SH,2026-04-29,2026-04-29,1366.0,1420.0,1346.87,1416.63,1374.5,42.13,3.0651,90860.07,12679634.307,1.0,916.0407725321888,952.2532188841201,903.2121781115878,949.9932939914163,921.7408798283261,28.25241416309018,3.0651145871225958
688256.SH,2026-04-30,2026-04-30,1475.0,1699.96,1475.0,1699.96,1416.63,283.33,20.0003,178842.65,28465682.091,1.0,989.1362660944205,1139.994635193133,989.1362660944205,1139.994635193133,949.9932939914163,190.00134120171674,20.000282360249326
688256.SH,2026-05-06,2026-05-06,1784.78,1966.0,1770.99,1825.0,1699.96,125.04,7.3555,197805.25,36853365.889,1.0,1196.875,1318.401287553648,1187.6274141630902,1223.8465665236051,1139.994635193133,83.8519313304721,7.355467187463234
688256.SH,2026-05-07,2026-05-07,1824.94,1885.53,1792.8,1868.0,1825.0,43.0,2.3562,109982.7,20370937.034,1.0,1223.806330472103,1264.4380364806866,1202.25321888412,1252.6824034334763,1223.8465665236051,28.835836909871205,2.356164383561641
688256.SH,2026-05-08,2026-05-08,1217.03,1220.0,1158.01,1182.53,1252.68,-70.15,-5.6,191024.42,22579188.932,1.4912,1217.03,1220.0,1158.01,1182.53,1252.6824034334763,-70.15240343347637,-5.600174732334045
688256.SH,2026-05-11,2026-05-11,1201.0,1205.99,1158.03,1200.0,1182.53,17.47,1.4773,231721.74,27508753.618,1.4912,1201.0,1205.99,1158.03,1200.0,1182.53,17.470000000000027,1.4773409554091674
688256.SH,2026-05-12,2026-05-12,1199.99,1293.33,1189.81,1277.87,1200.0,77.87,6.4892,209580.58,26179370.124,1.4912,1199.99,1293.33,1189.81,1277.87,1200.0,77.86999999999989,6.489166666666657
688256.SH,2026-05-13,2026-05-13,1239.0,1316.88,1236.0,1316.88,1277.87,39.01,3.0527,158777.71,20435334.731,1.4912,1239.0,1316.88,1236.0,1316.88,1277.87,39.01000000000022,3.05273619382255
688256.SH,2026-05-14,2026-05-14,1320.0,1350.0,1232.32,1260.58,1316.88,-56.3,-4.2753,181138.64,23168939.11,1.4912,1320.0,1350.0,1232.32,1260.58,1316.88,-56.30000000000018,-4.275256667274176
688256.SH,2026-05-15,2026-05-15,1234.88,1276.89,1195.88,1209.0,1260.58,-51.58,-4.0918,161749.97,19897266.825,1.4912,1234.88,1276.89,1195.88,1209.0,1260.58,-51.57999999999993,-4.091767281727454
688256.SH,2026-05-18,2026-05-18,1200.0,1260.0,1183.04,1216.99,1209.0,7.99,0.6609,125056.36,15362333.167,1.4912,1200.0,1260.0,1183.04,1216.99,1209.0,7.990000000000009,0.660876757650952
688256.SH,2026-05-19,2026-05-19,1216.89,1326.0,1175.0,1319.2,1216.99,102.21,8.3986,186351.94,23213525.76,1.4912,1216.89,1326.0,1175.0,1319.2,1216.99,102.21000000000004,8.398589963763058
688256.SH,2026-05-20,2026-05-20,1300.0,1396.0,1291.99,1362.41,1319.2,43.21,3.2755,183742.65,25016102.648,1.4912,1300.0,1396.0,1291.99,1362.41,1319.2,43.210000000000036,3.275469981807159
688256.SH,2026-05-21,2026-05-21,1370.04,1386.0,1285.0,1290.9,1362.41,-71.51,-5.2488,153395.09,20529652.609,1.4912,1370.04,1386.0000000000002,1285.0,1290.9,1362.41,-71.50999999999999,-5.248787075843541
688256.SH,2026-05-22,2026-05-22,1300.5,1319.99,1270.43,1286.0,1290.9,-4.9,-0.3796,112239.94,14472861.259,1.4912,1300.5,1319.99,1270.43,1286.0,1290.9,-4.900000000000091,-0.379580137888302
688256.SH,2026-05-25,2026-05-25,1321.01,1435.0,1321.01,1406.5,1286.0,120.5,9.3701,173383.98,24028347.135,1.4912,1321.01,1435.0000000000002,1321.01,1406.5,1286.0,120.5,9.370139968895801
688256.SH,2026-05-26,2026-05-26,1383.01,1448.01,1375.0,1410.96,1406.5,4.46,0.3171,153974.69,21675499.047,1.4912,1383.01,1448.01,1375.0,1410.96,1406.5,4.460000000000036,0.3170991823675817
688256.SH,2026-05-27,2026-05-27,1385.0,1412.99,1334.0,1340.0,1410.96,-70.96,-5.0292,138029.49,18926941.351,1.4912,1384.9999999999998,1412.99,1334.0,1340.0,1410.96,-70.96000000000004,-5.029199977320408
688256.SH,2026-05-28,2026-05-28,1361.0,1404.99,1349.01,1391.5,1340.0,51.5,3.8433,126717.12,17472983.177,1.4912,1361.0,1404.9900000000002,1349.01,1391.5,1340.0,51.5,3.8432835820895526
688256.SH,2026-05-29,2026-05-29,1400.0,1414.0,1295.0,1310.0,1391.5,-81.5,-5.857,145029.89,19414820.75,1.4912,1400.0000000000002,1414.0000000000002,1295.0,1310.0,1391.5,-81.5,-5.8569888609414305
688256.SH,2026-06-01,2026-06-01,1326.0,1326.0,1238.0,1238.0,1310.0,-72.0,-5.4962,134896.09,17200897.814,1.4912,1326.0,1326.0,1238.0,1238.0,1310.0,-72.0,-5.4961832061068705
688256.SH,2026-06-02,2026-06-02,1246.0,1319.58,1245.0,1300.0,1238.0,62.0,5.0081,124338.95,16088931.664,1.4912,1246.0,1319.58,1245.0,1300.0,1238.0,62.0,5.008077544426494
688256.SH,2026-06-03,2026-06-03,1292.3,1428.01,1291.0,1378.1,1300.0,78.1,6.0077,165598.05,22683725.029,1.4912,1292.3,1428.01,1291.0,1378.1,1300.0,78.09999999999991,6.007692307692301
688256.SH,2026-06-04,2026-06-04,1365.0,1400.0,1347.0,1358.9,1378.1,-19.2,-1.3932,88415.6,12121114.904,1.4912,1365.0,1400.0000000000002,1347.0,1358.9,1378.1,-19.199999999999818,-1.3932225527900601
688256.SH,2026-06-05,2026-06-05,1342.0,1407.77,1287.34,1299.2,1358.9,-59.7,-4.3933,116354.51,15620599.199,1.4912,1342.0,1407.7699999999998,1287.34,1299.2,1358.9,-59.700000000000045,-4.39325925380823
688256.SH,2026-06-08,2026-06-08,1239.3,1298.88,1230.08,1250.36,1299.2,-48.84,-3.7592,114170.55,14376345.578,1.4912,1239.3,1298.88,1230.08,1250.36,1299.2,-48.840000000000146,-3.7592364532019813
688256.SH,2026-06-09,2026-06-09,1279.0,1285.8,1239.02,1270.01,1250.36,19.65,1.5715,106731.85,13514130.551,1.4912,1279.0,1285.8,1239.02,1270.01,1250.36,19.65000000000009,1.5715473943504346
688256.SH,2026-06-10,2026-06-10,1300.0,1349.9,1224.17,1231.0,1270.01,-39.01,-3.0716,138327.46,17771830.139,1.4912,1300.0,1349.9,1224.17,1231.0,1270.01,-39.00999999999999,-3.071629357249155
688256.SH,2026-06-11,2026-06-11,1221.96,1255.0,1199.0,1219.5,1231.0,-11.5,-0.9342,111819.93,13632001.124,1.4912,1221.96,1255.0,1199.0,1219.5,1231.0,-11.5,-0.934199837530463
688256.SH,2026-06-12,2026-06-12,1258.0,1260.0,1202.0,1240.0,1219.5,20.5,1.681,149765.97,18376258.023,1.4912,1258.0,1260.0,1202.0,1240.0,1219.5,20.5,1.6810168101681018
688256.SH,2026-06-15,2026-06-15,1253.0,1345.99,1238.88,1335.0,1240.0,95.0,7.6613,154373.04,20204543.688,1.4912,1253.0,1345.99,1238.88,1335.0,1240.0,95.0,7.661290322580645
688256.SH,2026-06-16,2026-06-16,1335.5,1335.91,1297.79,1306.99,1335.0,-28.01,-2.0981,99671.79,13096230.889,1.4912,1335.5,1335.91,1297.79,1306.99,1335.0,-28.00999999999999,-2.0981273408239693
688256.SH,2026-06-17,2026-06-17,1290.4,1329.87,1271.1,1320.0,1306.99,13.01,0.9954,133225.75,17255115.422,1.4912,1290.4,1329.87,1271.1,1320.0,1306.99,13.009999999999991,0.9954169503974774
688256.SH,2026-06-18,2026-06-18,1319.72,1540.0,1313.2,1507.46,1320.0,187.46,14.2015,221694.16,32153278.755,1.4912,1319.72,1540.0000000000002,1313.2,1507.4599999999998,1320.0,187.4599999999998,14.201515151515137
688256.SH,2026-06-22,2026-06-22,1480.0,1494.94,1420.0,1456.99,1507.46,-50.47,-3.348,150356.73,21882369.235,1.4912,1480.0,1494.9400000000003,1419.9999999999998,1456.99,1507.4599999999998,-50.4699999999998,-3.3480158677510383
688256.SH,2026-06-23,2026-06-23,1453.0,1506.0,1394.84,1413.0,1456.99,-43.99,-3.0192,138375.63,20001635.53,1.4912,1453.0,1506.0,1394.84,1412.9999999999998,1456.99,-43.99000000000024,-3.0192382926444408
688256.SH,2026-06-24,2026-06-24,1402.0,1468.88,1378.0,1453.0,1413.0,40.0,2.8309,140656.44,20184662.912,1.4912,1402.0,1468.88,1377.9999999999998,1453.0,1412.9999999999998,40.00000000000023,2.830856334041064
688256.SH,2026-06-25,2026-06-25,1460.0,1536.25,1436.0,1505.0,1453.0,52.0,3.5788,159821.84,23799059.014,1.4912,1460.0,1536.25,1436.0,1505.0000000000002,1453.0,52.00000000000023,3.5788024776325
688256.SH,2026-06-26,2026-06-26,1482.0,1518.98,1415.0,1458.0,1505.0,-47.0,-3.1229,124352.36,18243658.225,1.4912,1482.0,1518.98,1415.0,1458.0,1505.0000000000002,-47.00000000000023,-3.122923588039882
688256.SH,2026-06-29,2026-06-29,1462.33,1541.94,1420.0,1482.0,1458.0,24.0,1.6461,151177.65,22434932.06,1.4912,1462.33,1541.94,1419.9999999999998,1482.0,1458.0,24.0,1.646090534979424
688256.SH,2026-06-30,2026-06-30,1488.41,1620.0,1488.37,1595.55,1482.0,113.55,7.6619,162216.28,25487017.441,1.4912,1488.41,1620.0,1488.37,1595.55,1482.0,113.54999999999995,7.661943319838054
688256.SH,2026-07-01,2026-07-01,1560.0,1588.97,1470.01,1485.33,1595.55,-110.22,-6.908,125802.4,19179504.251,1.4912,1559.9999999999998,1588.97,1470.01,1485.3300000000002,1595.55,-110.2199999999998,-6.907962771458105
688256.SH,2026-07-02,2026-07-02,1410.0,1448.66,1348.0,1372.0,1485.33,-113.33,-7.63,140564.28,19615355.231,1.4912,1410.0,1448.66,1348.0,1372.0,1485.3300000000002,-113.33000000000015,-7.629954286252897
688256.SH,2026-07-03,2026-07-03,1344.14,1412.0,1340.0,1353.0,1372.0,-19.0,-1.3848,101921.84,14021878.02,1.4912,1344.14,1412.0,1340.0,1353.0,1372.0,-19.0,-1.3848396501457727
