ts_code,stock_name,industry,parameter,short_window,long_window,sample_period,observations,cumulative_return,annualized_return,annualized_volatility,sharpe_ratio,max_drawdown,benchmark_return,excess_return,buy_count,sell_count,holding_ratio,total_cost_rate
000001.SZ,平安银行,银行,MA5/MA10,5,10,全样本,1823,0.09497163845934375,0.012620706559879125,0.21241436739344893,0.16386424825444207,-0.48563963060922477,0.4631612058236332,-0.3681895673642894,101,100,0.4788809654415798,0.201
000001.SZ,平安银行,银行,MA5/MA10,5,10,样本内,1214,0.12404816374243,0.024570494893185302,0.23030382097247168,0.2188668583694166,-0.48563963060922477,0.10387759069155922,0.020170573050870777,66,65,0.4686985172981878,0.131
000001.SZ,平安银行,银行,MA5/MA10,5,10,样本外,609,-0.02586768629760461,-0.010786154848220653,0.17142756059314118,0.02165386483032502,-0.1899840988809356,0.3254741451060579,-0.3513418314036625,35,35,0.49917898193760263,0.07
000001.SZ,平安银行,银行,MA5/MA15,5,15,全样本,1823,-0.2486680105963226,-0.03875125950470071,0.21133751364379783,-0.08255767252368912,-0.577029842602784,0.4631612058236332,-0.7118292164199558,80,79,0.4777838727372463,0.15900000000000003
000001.SZ,平安银行,银行,MA5/MA15,5,15,样本内,1214,-0.17925477451565164,-0.04017618313364846,0.22947651418771361,-0.06541067000943043,-0.5352210270917852,0.10387759069155922,-0.28313236520721086,49,48,0.457166392092257,0.097
000001.SZ,平安银行,银行,MA5/MA15,5,15,样本外,609,-0.08457342659496725,-0.03590445675063236,0.16965985191438177,-0.13147580712228563,-0.2170094917254255,0.3254741451060579,-0.4100475717010251,31,31,0.5188834154351396,0.062
000001.SZ,平安银行,银行,MA10/MA20,10,20,全样本,1823,-0.2184992670356275,-0.03350583717620437,0.20798574193832026,-0.06064673538863386,-0.5681045491978951,0.4631612058236332,-0.6816604728592607,52,52,0.4854635216675809,0.10400000000000001
000001.SZ,平安银行,银行,MA10/MA20,10,20,样本内,1214,-0.15829557329019917,-0.0351389769786109,0.2255261873118348,-0.04676220752009037,-0.5196688025033853,0.10387759069155922,-0.2621731639817584,34,34,0.45634266886326197,0.068
000001.SZ,平安银行,银行,MA10/MA20,10,20,样本外,609,-0.07152593218591519,-0.030242032139019992,0.1678053952349715,-0.09972971373860247,-0.22154413831299258,0.3254741451060579,-0.39700007729197306,18,18,0.5435139573070608,0.036
000001.SZ,平安银行,银行,MA10/MA30,10,30,全样本,1823,-0.29838447220466946,-0.04780537668690532,0.20728816924864096,-0.13341134655153836,-0.5844660498803982,0.4631612058236332,-0.7615456780283026,34,34,0.4701042238069117,0.068
000001.SZ,平安银行,银行,MA10/MA30,10,30,样本内,1214,-0.29161438780881976,-0.0690652276772813,0.22461271444813435,-0.2071250911628276,-0.5844660498803982,0.10387759069155922,-0.395491978500379,21,21,0.45057660626029655,0.041999999999999996
000001.SZ,平安银行,银行,MA10/MA30,10,30,样本外,609,-0.009557060842764642,-0.0039657799756657175,0.16763818222855434,0.0594026162629029,-0.18641203319847488,0.3254741451060579,-0.3350312059488225,13,13,0.5090311986863711,0.026000000000000002
000001.SZ,平安银行,银行,MA20/MA60,20,60,全样本,1823,0.026262180746147168,0.003589894679918215,0.2112754473222312,0.12198900496107416,-0.412313511891817,0.4631612058236332,-0.436899025077486,18,18,0.45145364783324193,0.036
000001.SZ,平安银行,银行,MA20/MA60,20,60,样本内,1214,0.15234935886666712,0.029872670038452842,0.229751429789637,0.24221681642654946,-0.32649928030562836,0.10387759069155922,0.0484717681751079,9,9,0.41515650741350907,0.018000000000000002
000001.SZ,平安银行,银行,MA20/MA60,20,60,样本外,609,-0.10941749318498928,-0.04681869768089075,0.16862074782875205,-0.20035044961410062,-0.27429132736419415,0.3254741451060579,-0.43489163829104716,9,9,0.5238095238095238,0.018000000000000002
600036.SH,招商银行,银行,MA5/MA10,5,10,全样本,1823,1.3885446162925779,0.12790043951239038,0.2492930603953497,0.6059694536723794,-0.3190598195396337,2.09136630343671,-0.702821687144132,98,97,0.5128908392759188,0.195
600036.SH,招商银行,银行,MA5/MA10,5,10,样本内,1214,0.7669213395260221,0.12542593207941843,0.2752062921909027,0.5649904678359725,-0.3190598195396337,0.8298407376362089,-0.06291939811018676,66,65,0.5,0.131
600036.SH,招商银行,银行,MA5/MA10,5,10,样本外,609,0.3518115169367477,0.13284944637209217,0.18743771672700169,0.7588821582582765,-0.21060168028834858,0.6894182317911126,-0.3376067148543649,32,32,0.5385878489326765,0.064
600036.SH,招商银行,银行,MA5/MA15,5,15,全样本,1823,1.4814019500753384,0.1338626132187084,0.25641861836899116,0.616498948896318,-0.34401352841144994,2.09136630343671,-0.6099643533613714,64,63,0.5353812397147559,0.127
600036.SH,招商银行,银行,MA5/MA15,5,15,样本内,1214,0.8892381927500217,0.14117201834087467,0.28366413650327105,0.6051137042874751,-0.34401352841144994,0.8298407376362089,0.05939745511381278,43,42,0.5123558484349259,0.08499999999999999
600036.SH,招商银行,银行,MA5/MA15,5,15,样本外,609,0.3134404965968569,0.11943120219284453,0.19104245967857028,0.6859021033527029,-0.2371243592180956,0.6894182317911126,-0.3759777351942557,21,21,0.5812807881773399,0.042
600036.SH,招商银行,银行,MA10/MA20,10,20,全样本,1823,0.07290896871983721,0.00977547563560055,0.24944741995723022,0.1627970157740751,-0.5104359047178659,2.09136630343671,-2.0184573347168726,46,46,0.5298957761930884,0.092
600036.SH,招商银行,银行,MA10/MA20,10,20,样本内,1214,-0.18931461694015284,-0.04263018941474328,0.2743865354171551,-0.02282699564057343,-0.5104359047178659,0.8298407376362089,-1.0191553545763616,32,32,0.5024711696869851,0.064
600036.SH,招商银行,银行,MA10/MA20,10,20,样本外,609,0.3234591262398909,0.12295661867299934,0.19029134609387446,0.7044296189050269,-0.19966813372835002,0.6894182317911126,-0.3659591055512217,14,14,0.5845648604269293,0.028
600036.SH,招商银行,银行,MA10/MA30,10,30,全样本,1823,-0.20076583488261257,-0.030503435641789367,0.2515276121597971,0.0018425574535914657,-0.5160119263915355,2.09136630343671,-2.2921321383193223,39,39,0.5304443225452551,0.07799999999999999
600036.SH,招商银行,银行,MA10/MA30,10,30,样本内,1214,-0.28044980280532017,-0.06603846122070045,0.2789701929051414,-0.10647078139794407,-0.5160119263915355,0.8298407376362089,-1.110290540441529,27,27,0.5024711696869851,0.054000000000000006
600036.SH,招商银行,银行,MA10/MA30,10,30,样本外,609,0.11074136069084917,0.04441793651138637,0.18521335980112177,0.3271717490496187,-0.18175186763795703,0.6894182317911126,-0.5786768711002634,12,12,0.5862068965517241,0.024
600036.SH,招商银行,银行,MA20/MA60,20,60,全样本,1823,0.05338919681536436,0.007215826496771216,0.2470131712135912,0.1516168801233646,-0.49045173138233555,2.09136630343671,-2.0379771066213452,19,19,0.5414152495885902,0.038000000000000006
600036.SH,招商银行,银行,MA20/MA60,20,60,样本内,1214,0.1007742883585574,0.02013031945508792,0.27695123063576726,0.20910014207982944,-0.46411152085700913,0.8298407376362089,-0.7290664492776515,11,11,0.5057660626029654,0.022000000000000002
600036.SH,招商银行,银行,MA20/MA60,20,60,样本外,609,-0.043047055190444605,-0.018042582334761526,0.1726568238661007,-0.019301903912781016,-0.27556327939536873,0.6894182317911126,-0.7324652869815572,8,8,0.6124794745484401,0.016
600519.SH,贵州茅台,食品饮料,MA5/MA10,5,10,全样本,1823,-0.07801666541408825,-0.011165659598207922,0.23712271740225305,0.0707000366565119,-0.5011151992886171,2.705578448859107,-2.783595114273195,103,102,0.5150850246845858,0.20500000000000002
600519.SH,贵州茅台,食品饮料,MA5/MA10,5,10,样本内,1214,0.22017837816132357,0.042172484871089155,0.26768613539967334,0.2876315676540714,-0.41182871595529047,3.8947044713697165,-3.674526093208393,72,71,0.5551894563426688,0.14300000000000002
600519.SH,贵州茅台,食品饮料,MA5/MA10,5,10,样本外,609,-0.24438643473158328,-0.10948492816495947,0.15953801890372943,-0.6474983821667449,-0.24346755720234248,-0.24294133169144239,-0.0014451030401408937,31,31,0.4351395730706076,0.062
600519.SH,贵州茅台,食品饮料,MA5/MA15,5,15,全样本,1823,0.6079751129631226,0.06786105994918068,0.23721401168722123,0.3947780487212159,-0.47856448777363014,2.705578448859107,-2.0976033358959842,78,77,0.5030170049369171,0.15500000000000003
600519.SH,贵州茅台,食品饮料,MA5/MA15,5,15,样本内,1214,1.3290573947665778,0.19184182744708056,0.2671239644791944,0.7900749032084022,-0.2760588945831185,3.8947044713697165,-2.5656470766031387,53,52,0.542833607907743,0.10500000000000001
600519.SH,贵州茅台,食品饮料,MA5/MA15,5,15,样本外,609,-0.3096026244023592,-0.14213227212027557,0.16106243749355217,-0.8716130331677242,-0.3087630541989602,-0.24294133169144239,-0.06666129271091681,25,25,0.4236453201970443,0.05
600519.SH,贵州茅台,食品饮料,MA10/MA20,10,20,全样本,1823,0.8324407078977234,0.08732555578727763,0.24282108058315569,0.46558465176297475,-0.5842117547947907,2.705578448859107,-1.8731377409613834,52,52,0.5145364783324191,0.104
600519.SH,贵州茅台,食品饮料,MA10/MA20,10,20,样本内,1214,2.420743678166387,0.29083819535925626,0.2803434770306928,1.0503664411839202,-0.27885783001988207,3.8947044713697165,-1.4739607932033296,32,32,0.5494233937397035,0.064
600519.SH,贵州茅台,食品饮料,MA10/MA20,10,20,样本外,609,-0.46431510797091846,-0.22763145524515593,0.13825549548004,-1.7979316512171835,-0.4531109527880949,-0.24294133169144239,-0.22137377627947608,20,20,0.44499178981937604,0.04
600519.SH,贵州茅台,食品饮料,MA10/MA30,10,30,全样本,1823,0.6730771235543678,0.07373580148816328,0.2370879002492375,0.4180525347444811,-0.5307400439731385,2.705578448859107,-2.032501325304739,33,33,0.48656061437191445,0.066
600519.SH,贵州茅台,食品饮料,MA10/MA30,10,30,样本内,1214,1.8880282402206428,0.24626627169361792,0.2727483774399727,0.9430501468114525,-0.3680127402966681,3.8947044713697165,-2.006676231149074,19,19,0.5362438220757826,0.038000000000000006
600519.SH,贵州茅台,食品饮料,MA10/MA30,10,30,样本外,609,-0.4206853311702572,-0.20219699885868403,0.13942011265070592,-1.5496098284576052,-0.4421371040034565,-0.24294133169144239,-0.1777439994788148,14,14,0.38752052545155996,0.028
600519.SH,贵州茅台,食品饮料,MA20/MA60,20,60,全样本,1823,0.6934975135789605,0.07553793355119587,0.2247791951874829,0.4362220841542071,-0.4737982336550801,2.705578448859107,-2.0120809352801463,19,19,0.5090510148107515,0.038000000000000006
600519.SH,贵州茅台,食品饮料,MA20/MA60,20,60,样本内,1214,1.231181960061377,0.18126757910907676,0.258183377658864,0.7743605035612567,-0.4042440457586538,3.8947044713697165,-2.6635225113083396,12,12,0.5617792421746294,0.024
600519.SH,贵州茅台,食品饮料,MA20/MA60,20,60,样本外,609,-0.24098637229373465,-0.10782900620616165,0.1348195039695084,-0.7789967447027737,-0.2638076537658316,-0.24294133169144239,0.001954959397707734,7,7,0.4039408866995074,0.014
000858.SZ,五粮液,食品饮料,MA5/MA10,5,10,全样本,1823,1.4258689786267,0.130320564799687,0.29237554782465386,0.5634802300993684,-0.5166610948312647,2.1145393068470053,-0.6886703282203053,97,97,0.4722984092155787,0.194
000858.SZ,五粮液,食品饮料,MA5/MA10,5,10,样本内,1214,1.979167923445139,0.2543299978146629,0.3284140542029645,0.8525975049116422,-0.5166610948312647,4.381234150464928,-2.402066227019789,65,64,0.5164744645799012,0.129
000858.SZ,五粮液,食品饮料,MA5/MA10,5,10,样本外,609,-0.1857226443880995,-0.08150199587249929,0.2016797194720337,-0.3223400843963992,-0.3003832727963386,-0.421222117499215,0.23549947311111552,32,33,0.3842364532019704,0.065
000858.SZ,五粮液,食品饮料,MA5/MA15,5,15,全样本,1823,0.9017385174051273,0.0929191682550865,0.2906387194693535,0.4496484452770533,-0.5826808683007825,2.1145393068470053,-1.212800789441878,72,72,0.46407021393307735,0.14400000000000002
000858.SZ,五粮液,食品饮料,MA5/MA15,5,15,样本内,1214,1.7982626211827948,0.2381245312680489,0.3273921694624307,0.8148255002362166,-0.44632971611961747,4.381234150464928,-2.582971529282133,48,48,0.5041186161449753,0.096
000858.SZ,五粮液,食品饮料,MA5/MA15,5,15,样本外,609,-0.3203859769955112,-0.1477023135553922,0.19711194158415338,-0.7132263145794795,-0.343835599825727,-0.421222117499215,0.10083614050370382,24,24,0.3842364532019704,0.048
000858.SZ,五粮液,食品饮料,MA10/MA20,10,20,全样本,1823,1.9932727572917628,0.1636421783482469,0.29785728817357954,0.6571338154917773,-0.47361671532275806,2.1145393068470053,-0.12126654955524252,46,46,0.46626439934174435,0.092
000858.SZ,五粮液,食品饮料,MA10/MA20,10,20,样本内,1214,3.026327650255049,0.33526042514861354,0.33964068291193167,1.0207509741444931,-0.3618219776971202,4.381234150464928,-1.3549065002098786,29,29,0.5164744645799012,0.058
000858.SZ,五粮液,食品饮料,MA10/MA20,10,20,样本外,609,-0.25657496922731704,-0.11545723845919387,0.18756909881135506,-0.560803053101039,-0.36237594284419894,-0.421222117499215,0.16464714827189797,17,17,0.36617405582922824,0.034
000858.SZ,五粮液,食品饮料,MA10/MA30,10,30,全样本,1823,0.7538600362534169,0.08075764816427267,0.29518978467594953,0.4104187958104949,-0.45921422865889827,2.1145393068470053,-1.3606792705935884,33,33,0.4684585847504114,0.066
000858.SZ,五粮液,食品饮料,MA10/MA30,10,30,样本内,1214,1.3963964019336226,0.19891425396934403,0.3396297240710788,0.7037407933590601,-0.44523237292939044,4.381234150464928,-2.984837748531305,23,23,0.5296540362438221,0.046
000858.SZ,五粮液,食品饮料,MA10/MA30,10,30,样本外,609,-0.26812607678836076,-0.12117042258460031,0.1751210330674651,-0.6498028962630167,-0.3840802739439634,-0.421222117499215,0.15309604071085425,10,10,0.3464696223316913,0.02
000858.SZ,五粮液,食品饮料,MA20/MA60,20,60,全样本,1823,1.0598145680692967,0.10504920607823709,0.2729374131000299,0.502329645405354,-0.4707607789330267,2.1145393068470053,-1.0547247387777086,14,14,0.4355458036204059,0.028000000000000004
000858.SZ,五粮液,食品饮料,MA20/MA60,20,60,样本内,1214,1.4993444681112735,0.2094280878549739,0.3169107878768346,0.7585777017429441,-0.4250201429418381,4.381234150464928,-2.881889682353654,10,10,0.49917627677100496,0.02
000858.SZ,五粮液,食品饮料,MA20/MA60,20,60,样本外,609,-0.1758580722464892,-0.07691390134300102,0.15038957774999495,-0.4575502137328057,-0.26289574740722077,-0.421222117499215,0.24536404525272582,4,4,0.30870279146141216,0.008
002594.SZ,比亚迪,新能源汽车,MA5/MA10,5,10,全样本,1823,1.7944422709694132,0.15263823080287664,0.3385957940456635,0.5865229746862315,-0.4141281784368055,5.67655786350147,-3.882115592532057,98,97,0.5002742731760834,0.195
002594.SZ,比亚迪,新能源汽车,MA5/MA10,5,10,样本内,1214,1.3881536967496824,0.19805707054561617,0.37431311538353196,0.6671300680082448,-0.4141281784368055,3.721068249258158,-2.3329145525084756,67,66,0.49835255354200986,0.133
002594.SZ,比亚迪,新能源汽车,MA5/MA10,5,10,样本外,609,0.17012664418236234,0.06717167692153381,0.25292872203283784,0.3822711008330728,-0.3236333117286301,0.41420490257699605,-0.2440782583946337,31,31,0.5041050903119869,0.062
002594.SZ,比亚迪,新能源汽车,MA5/MA15,5,15,全样本,1823,4.144598797299388,0.25410164580588956,0.3513322983876594,0.8178031970312878,-0.4193265953044092,5.67655786350147,-1.5319590662020826,69,68,0.5002742731760834,0.137
002594.SZ,比亚迪,新能源汽车,MA5/MA15,5,15,样本内,1214,2.8837495550775465,0.3253047011722643,0.3886358841136977,0.9163334854425828,-0.36736706793352536,3.721068249258158,-0.8373186941806114,47,46,0.5057660626029654,0.093
002594.SZ,比亚迪,新能源汽车,MA5/MA15,5,15,样本外,609,0.32464741207975933,0.12337372076054343,0.26163792144959575,0.5739755367305303,-0.2788958374937457,0.41420490257699605,-0.08955749049723671,22,22,0.48932676518883417,0.044
002594.SZ,比亚迪,新能源汽车,MA10/MA20,10,20,全样本,1823,2.0093028216745124,0.16450163171612342,0.34460229172204915,0.6128214398473479,-0.47426765574852914,5.67655786350147,-3.667255041826958,54,54,0.48381788261108066,0.10800000000000001
002594.SZ,比亚迪,新能源汽车,MA10/MA20,10,20,样本内,1214,2.217578630620112,0.2745357409050453,0.3790049090294169,0.8279223319018734,-0.4026178664012856,3.721068249258158,-1.5034896186380458,36,36,0.48929159802306427,0.07200000000000001
002594.SZ,比亚迪,新能源汽车,MA10/MA20,10,20,样本外,609,-0.06473060423871024,-0.027311420924071572,0.26273791347901315,0.025271186841803094,-0.44347899485323383,0.41420490257699605,-0.4789355068157063,18,18,0.4729064039408867,0.036000000000000004
002594.SZ,比亚迪,新能源汽车,MA10/MA30,10,30,全样本,1823,2.3598076222374833,0.18237265806355762,0.35298367669392555,0.6495532682598579,-0.39300994592638516,5.67655786350147,-3.316750241263987,35,35,0.49149753154141523,0.07
002594.SZ,比亚迪,新能源汽车,MA10/MA30,10,30,样本内,1214,1.909429775301657,0.2481777299311676,0.39250597528211967,0.7591987874361321,-0.3675277416115903,3.721068249258158,-1.811638473956501,22,22,0.5107084019769358,0.044000000000000004
002594.SZ,比亚迪,新能源汽车,MA10/MA30,10,30,样本外,609,0.15479935304131298,0.06136502385682041,0.2567272587821935,0.3595888819829823,-0.36114157206676245,0.41420490257699605,-0.25940554953568307,13,13,0.45320197044334976,0.026000000000000002
002594.SZ,比亚迪,新能源汽车,MA20/MA60,20,60,全样本,1823,3.756046808773398,0.24056128570014557,0.3641142968854531,0.7723957193468606,-0.37375492239981467,5.67655786350147,-1.9205110547280722,16,16,0.4947888096544158,0.032
002594.SZ,比亚迪,新能源汽车,MA20/MA60,20,60,样本内,1214,3.4222842103299884,0.36151429083375364,0.40777924400211935,0.9586769312991914,-0.37375492239981467,3.721068249258158,-0.2987840389281695,9,9,0.5041186161449753,0.018000000000000002
002594.SZ,比亚迪,新能源汽车,MA20/MA60,20,60,样本外,609,0.07547289648724553,0.030565602424966976,0.25547766382959936,0.24496980062182766,-0.29265552489580027,0.41420490257699605,-0.3387320060897505,7,7,0.47619047619047616,0.014000000000000002
300750.SZ,宁德时代,新能源汽车,MA5/MA10,5,10,全样本,1823,0.9114818851823743,0.09369149922412157,0.40416462618894833,0.41935834757095974,-0.7069767510762939,16.32538499751608,-15.413903112333704,102,102,0.5271530444322545,0.20400000000000001
300750.SZ,宁德时代,新能源汽车,MA5/MA10,5,10,样本内,1214,0.1619201805247339,0.031642395995631345,0.42321273104045903,0.2808870655578596,-0.6640285319897579,6.18132141082959,-6.019401230304856,70,69,0.514827018121911,0.139
300750.SZ,宁德时代,新能源汽车,MA5/MA10,5,10,样本外,609,0.6451060212407469,0.22873871296683834,0.3634759550880761,0.743892452338321,-0.24077686650267582,1.412562257885999,-0.7674562366452522,32,33,0.5517241379310345,0.065
300750.SZ,宁德时代,新能源汽车,MA5/MA15,5,15,全样本,1823,6.369287488885755,0.31797574999986367,0.41591179682481205,0.8668944156263881,-0.5742099870720128,16.32538499751608,-9.956097508630323,69,69,0.5447065277015908,0.138
300750.SZ,宁德时代,新能源汽车,MA5/MA15,5,15,样本内,1214,3.7981277138369647,0.3847637802096684,0.4373729251302413,0.9578629409148809,-0.4897495116660735,6.18132141082959,-2.3831936969926257,47,46,0.5271828665568369,0.093
300750.SZ,宁德时代,新能源汽车,MA5/MA15,5,15,样本外,609,0.535867306665063,0.1942957151134117,0.3696643282212912,0.6604687442010528,-0.344512204357482,1.412562257885999,-0.8766949512209361,22,23,0.5796387520525451,0.045
300750.SZ,宁德时代,新能源汽车,MA10/MA20,10,20,全样本,1823,14.992161754242431,0.4669675931084645,0.42088427896127134,1.1165562750052072,-0.5188452474237975,16.32538499751608,-1.3332232432736468,51,51,0.5397696105320899,0.10200000000000001
300750.SZ,宁德时代,新能源汽车,MA10/MA20,10,20,样本内,1214,9.042697072423108,0.6142186059112942,0.4482358169320381,1.2882650265830957,-0.4859384329081684,6.18132141082959,2.8613756615935175,34,34,0.5345963756177924,0.068
300750.SZ,宁德时代,新能源汽车,MA10/MA20,10,20,样本外,609,0.5924170209371702,0.21229891060241202,0.36018684045997873,0.709731667501027,-0.2623991834964746,1.412562257885999,-0.8201452369488289,17,17,0.5500821018062397,0.034
300750.SZ,宁德时代,新能源汽车,MA10/MA30,10,30,全样本,1823,17.471062774807628,0.4964831625274577,0.4173627902654966,1.1705803147126226,-0.4024390984393953,16.32538499751608,1.1456777772915494,36,36,0.5463521667580911,0.07200000000000001
300750.SZ,宁德时代,新能源汽车,MA10/MA30,10,30,样本内,1214,8.804064174897249,0.6061805272362824,0.44004083590091636,1.2931298910873157,-0.37740355704155215,6.18132141082959,2.6227427640676586,24,24,0.5230642504118617,0.048
300750.SZ,宁德时代,新能源汽车,MA10/MA30,10,30,样本外,609,0.8840209983632827,0.29965649533602146,0.36814679730695593,0.8913255400816422,-0.23656818420775916,1.412562257885999,-0.5285412595227164,12,12,0.5927750410509032,0.024
300750.SZ,宁德时代,新能源汽车,MA20/MA60,20,60,全样本,1823,6.710422121289685,0.3262459737475989,0.4187457055756846,0.8798333392632722,-0.4707479299579206,16.32538499751608,-9.614962876226393,16,16,0.56006582556226,0.032
300750.SZ,宁德时代,新能源汽车,MA20/MA60,20,60,样本内,1214,2.844470869781482,0.3225111884152059,0.4415978060864463,0.8501810549879402,-0.4707479299579206,6.18132141082959,-3.3368505410481086,11,11,0.528830313014827,0.022
300750.SZ,宁德时代,新能源汽车,MA20/MA60,20,60,样本外,609,1.0055873441246659,0.33372251148865084,0.36933846014133676,0.9596866067892109,-0.3521875905868801,1.412562257885999,-0.4069749137613332,5,5,0.6223316912972086,0.01
002371.SZ,北方华创,半导体,MA5/MA10,5,10,全样本,1823,1.5119508212840174,0.1357820772560625,0.39809582177696734,0.5168541752295905,-0.4760781398913505,30.282952548330407,-28.77100172704639,97,97,0.5309928688974218,0.194
002371.SZ,北方华创,半导体,MA5/MA10,5,10,样本内,1214,1.3602220142498185,0.19513482844390162,0.4310976245073249,0.6267950860217237,-0.423602267342576,6.025307557117749,-4.6650855428679305,63,62,0.5271828665568369,0.125
002371.SZ,北方华创,半导体,MA5/MA10,5,10,样本外,609,0.06428581977379122,0.02611616158210195,0.3225642264056051,0.23956794913728133,-0.34939250546791634,3.4528943813478765,-3.3886085615740855,34,35,0.5385878489326765,0.069
002371.SZ,北方华创,半导体,MA5/MA15,5,15,全样本,1823,2.645742790719644,0.1957978001096088,0.40470346097231075,0.6421339447504169,-0.6806883413482749,30.282952548330407,-27.637209757610762,69,68,0.5315414152495886,0.137
002371.SZ,北方华创,半导体,MA5/MA15,5,15,样本内,1214,1.4301736930021907,0.20240263818772442,0.43071726154788215,0.6410915215625045,-0.66295887965411,6.025307557117749,-4.595133864115558,41,40,0.514827018121911,0.081
002371.SZ,北方华创,半导体,MA5/MA15,5,15,样本外,609,0.5001984431062447,0.1827395554174276,0.3474051000611046,0.65476841844186,-0.3520591081333364,3.4528943813478765,-2.952695938241632,28,28,0.5648604269293924,0.05600000000000001
002371.SZ,北方华创,半导体,MA10/MA20,10,20,全样本,1823,2.532577925357688,0.19059687988987672,0.40979631703995245,0.6284994870457701,-0.7347910242409117,30.282952548330407,-27.750374622972718,51,50,0.5458036204059243,0.101
002371.SZ,北方华创,半导体,MA10/MA20,10,20,样本内,1214,1.0784526994188717,0.16400794473690117,0.4384400078847635,0.5632094372215583,-0.7220310810658401,6.025307557117749,-4.946854857698877,32,31,0.528830313014827,0.063
002371.SZ,北方华创,半导体,MA10/MA20,10,20,样本外,609,0.6996191091312207,0.24542593593310325,0.34602485016242235,0.8055301518338419,-0.22505974630080594,3.4528943813478765,-2.753275272216656,19,19,0.5796387520525451,0.038000000000000006
002371.SZ,北方华创,半导体,MA10/MA30,10,30,全样本,1823,5.3779626492487935,0.29191562484263467,0.4174889330491322,0.8201943874526236,-0.6972105573290583,30.282952548330407,-24.904989899081613,40,39,0.564454196379594,0.07900000000000001
002371.SZ,北方华创,半导体,MA10/MA30,10,30,样本内,1214,1.673174455718779,0.22642665747769897,0.4469083522957862,0.6776051267707721,-0.6703919919396097,6.025307557117749,-4.3521331013989695,26,26,0.5189456342668863,0.052
002371.SZ,北方华创,半导体,MA10/MA30,10,30,样本外,609,1.3859133606503953,0.4330815262377996,0.35186907056217254,1.1974664138422804,-0.2697137936140508,3.4528943813478765,-2.0669810206974812,14,13,0.6551724137931034,0.027000000000000003
002371.SZ,北方华创,半导体,MA20/MA60,20,60,全样本,1823,2.750867485970697,0.2005060168874937,0.4350970303494936,0.6360683848124171,-0.5439447482806039,30.282952548330407,-27.53208506235971,19,18,0.6083379045529347,0.037
002371.SZ,北方华创,半导体,MA20/MA60,20,60,样本内,1214,0.49366304362657987,0.08685362403657937,0.46883346016126454,0.4103343596502394,-0.5439447482806039,6.025307557117749,-5.53164451349117,13,13,0.5461285008237232,0.026
002371.SZ,北方华创,半导体,MA20/MA60,20,60,样本外,609,1.511187179716039,0.46375101016560794,0.3586246499673497,1.2406934847984707,-0.242954996249093,3.4528943813478765,-1.9417072016318375,6,5,0.7323481116584565,0.011
600584.SH,长电科技,半导体,MA5/MA10,5,10,全样本,1818,3.925338772227101,0.24732964026144777,0.3880764364599567,0.7614307490179711,-0.5429952777921195,12.608344549125137,-8.683005776898035,103,103,0.5192519251925193,0.20600000000000002
600584.SH,长电科技,半导体,MA5/MA10,5,10,样本内,1214,0.417788772521996,0.07515544137767893,0.3829087413464538,0.3790341164923802,-0.5429952777921195,2.9717362045760343,-2.5539474320540383,74,74,0.5181219110378913,0.14800000000000002
600584.SH,长电科技,半导体,MA5/MA10,5,10,样本外,604,2.4739580871879765,0.6812877202303715,0.39789963930592454,1.502144269956554,-0.36358032643633853,2.4262961707895627,0.04766191639841377,29,29,0.5215231788079471,0.057999999999999996
600584.SH,长电科技,半导体,MA5/MA15,5,15,全样本,1818,5.9857002079124495,0.30923980317064803,0.40005654451688066,0.8713396870322081,-0.5696382951320287,12.608344549125137,-6.622644341212688,72,72,0.5214521452145214,0.14400000000000002
600584.SH,长电科技,半导体,MA5/MA15,5,15,样本内,1214,1.1091511486137002,0.16755597627426244,0.39583662343614173,0.587141590149063,-0.5696382951320287,2.9717362045760343,-1.862585055962334,49,49,0.514827018121911,0.098
600584.SH,长电科技,半导体,MA5/MA15,5,15,样本外,604,2.3120908439890617,0.6481483455937487,0.40834093028982227,1.4254882062519179,-0.23835145917840939,2.4262961707895627,-0.114205326800501,23,23,0.5347682119205298,0.046
600584.SH,长电科技,半导体,MA10/MA20,10,20,全样本,1818,4.292067495494552,0.2598084220672323,0.3843471924824976,0.7911121541469214,-0.5695166145622936,12.608344549125137,-8.316277053630586,43,42,0.5088008800880088,0.08499999999999999
600584.SH,长电科技,半导体,MA10/MA20,10,20,样本内,1214,1.5417494096382987,0.21365917914127142,0.37558912028007485,0.7015299058058861,-0.532381123418479,2.9717362045760343,-1.4299867949377356,28,28,0.5,0.05600000000000001
600584.SH,长电科技,半导体,MA10/MA20,10,20,样本外,604,1.0820571356983746,0.3579414236979028,0.4016423431975108,0.9600936570221252,-0.33324893946422673,2.4262961707895627,-1.3442390350911881,15,14,0.5264900662251656,0.029
600584.SH,长电科技,半导体,MA10/MA30,10,30,全样本,1818,3.1521370332591356,0.21815071565498156,0.3943137120304197,0.6959484356628005,-0.6283136654574478,12.608344549125137,-9.456207515866002,31,30,0.5187018701870187,0.061
600584.SH,长电科技,半导体,MA10/MA30,10,30,样本内,1214,0.34934416391845335,0.06416911427432881,0.38205852384764094,0.352600145068203,-0.5557680227507544,2.9717362045760343,-2.622392040657581,21,21,0.5082372322899505,0.041999999999999996
600584.SH,长电科技,半导体,MA10/MA30,10,30,样本外,604,2.0771519559557428,0.598323889891835,0.41762593964381745,1.329481786401355,-0.3851625851541107,2.4262961707895627,-0.34914421483381997,10,9,0.5397350993377483,0.019
600584.SH,长电科技,半导体,MA20/MA60,20,60,全样本,1818,0.3716540223885494,0.04477795751501956,0.3876890770920618,0.3061327359213877,-0.6486009347830595,12.608344549125137,-12.236690526736588,20,19,0.5159515951595159,0.039
600584.SH,长电科技,半导体,MA20/MA60,20,60,样本内,1214,-0.2793599888957301,-0.06574500613722312,0.3805722207949154,0.01184920423917814,-0.587119345726102,2.9717362045760343,-3.2510961934717644,13,13,0.5115321252059308,0.026000000000000002
600584.SH,长电科技,半导体,MA20/MA60,20,60,样本外,604,0.9033831056461903,0.30804750924187396,0.4015436326254516,0.8670743513024808,-0.26576380441335257,2.4262961707895627,-1.5229130651433724,7,6,0.5248344370860927,0.013000000000000001
600031.SH,三一重工,工程机械,MA5/MA10,5,10,全样本,1823,1.9812129444636728,0.16299297197129148,0.2784251864743833,0.6796625392312339,-0.49249211270696847,2.5672404009835352,-0.5860274565198624,87,86,0.494240263302249,0.173
600031.SH,三一重工,工程机械,MA5/MA10,5,10,样本内,1214,1.8844833192942616,0.245948577610404,0.2985772490540671,0.8834934086405032,-0.49249211270696847,1.4371098921883836,0.447373427105878,58,57,0.49917627677100496,0.115
600031.SH,三一重工,工程机械,MA5/MA10,5,10,样本外,609,0.033534472022211714,0.013742308942998882,0.23306231119894885,0.17425871272184365,-0.18922323287176657,0.4637175009701193,-0.4301830289479076,29,29,0.48440065681444994,0.058
600031.SH,三一重工,工程机械,MA5/MA15,5,15,全样本,1823,1.177010084790623,0.11353453908917022,0.29307661622276937,0.511596883411651,-0.5650263048012324,2.5672404009835352,-1.3902303161929122,70,69,0.5266044980800878,0.139
600031.SH,三一重工,工程机械,MA5/MA15,5,15,样本内,1214,1.1948838725196262,0.17725247677070044,0.31571254577352414,0.6723875535608417,-0.5587529683022305,1.4371098921883836,-0.24222601966875734,45,44,0.5230642504118617,0.089
600031.SH,三一重工,工程机械,MA5/MA15,5,15,样本外,609,-0.00814338651478852,-0.0033777549220731506,0.2417642788832013,0.10612966900435923,-0.26729312321256293,0.4637175009701193,-0.47186088748490784,25,25,0.5336617405582923,0.05
600031.SH,三一重工,工程机械,MA10/MA20,10,20,全样本,1823,1.3045713236247574,0.12233413409039606,0.30596756107104406,0.5284204978426599,-0.4965541632551608,2.5672404009835352,-1.2626690773587779,47,47,0.5375754251234229,0.094
600031.SH,三一重工,工程机械,MA10/MA20,10,20,样本内,1214,1.0302093372793282,0.15834728887543692,0.33281572957175926,0.6059212532271679,-0.49199013580650963,1.4371098921883836,-0.4069005549090554,28,28,0.5280065897858319,0.056
600031.SH,三一重工,工程机械,MA10/MA20,10,20,样本外,609,0.13513975199872763,0.053850568693499135,0.2439600572212965,0.33604248239957313,-0.302860361370183,0.4637175009701193,-0.3285777489713917,19,19,0.5566502463054187,0.038000000000000006
600031.SH,三一重工,工程机械,MA10/MA30,10,30,全样本,1823,0.5266932785168832,0.06023145991835932,0.30268287657666637,0.3433774002328797,-0.5680861874094902,2.5672404009835352,-2.040547122466652,31,31,0.5403181568842568,0.062
600031.SH,三一重工,工程机械,MA10/MA30,10,30,样本内,1214,0.2820423970610013,0.052926822561915055,0.32565741595285747,0.3197809627656839,-0.5477047479077599,1.4371098921883836,-1.1550674951273823,19,19,0.5115321252059308,0.038
600031.SH,三一重工,工程机械,MA10/MA30,10,30,样本外,609,0.1908290100364316,0.07494429991750651,0.25093262112279313,0.41256747336070293,-0.1770670977358889,0.4637175009701193,-0.2728884909336877,12,12,0.5977011494252874,0.024
600031.SH,三一重工,工程机械,MA20/MA60,20,60,全样本,1823,1.0730474047296217,0.10602784223006734,0.3002814777243937,0.48480347097597803,-0.49628444697875396,2.5672404009835352,-1.4941929962539136,15,15,0.5304443225452551,0.03
600031.SH,三一重工,工程机械,MA20/MA60,20,60,样本内,1214,0.5974931147962652,0.10212159315071467,0.32750990139218944,0.45958566296862047,-0.49628444697875396,1.4371098921883836,-0.8396167773921184,10,10,0.5280065897858319,0.02
600031.SH,三一重工,工程机械,MA20/MA60,20,60,样本外,609,0.29768784949912286,0.11385603977264624,0.23709385466958904,0.5724621306521518,-0.2291153476677904,0.4637175009701193,-0.16602965147099646,5,5,0.535303776683087,0.01
000425.SZ,徐工机械,工程机械,MA5/MA10,5,10,全样本,1800,0.027006669115059,0.0037377474795301513,0.299601998083281,0.1601011796176669,-0.48023045942456055,3.080348499515978,-3.0533418304009188,102,101,0.48944444444444446,0.203
000425.SZ,徐工机械,工程机械,MA5/MA10,5,10,样本内,1191,0.1538986003903604,0.030751225277735772,0.3069174872082858,0.2494100443406601,-0.48023045942456055,1.3746369796708664,-1.220738379280506,65,64,0.48446683459277917,0.129
000425.SZ,徐工机械,工程机械,MA5/MA10,5,10,样本外,609,-0.10996800865550294,-0.04706255333829468,0.28496664430083823,-0.02782620614934495,-0.32309432300415,0.718304117407258,-0.8282721260627609,37,37,0.49917898193760263,0.07400000000000001
000425.SZ,徐工机械,工程机械,MA5/MA15,5,15,全样本,1800,1.2902741021160695,0.12301160630400543,0.3028136879278203,0.5322127835752177,-0.44687365020558856,3.080348499515978,-1.7900743973999083,66,65,0.495,0.131
000425.SZ,徐工机械,工程机械,MA5/MA15,5,15,样本内,1191,0.7194338419726447,0.12151343981263651,0.314039485509026,0.5193600826497221,-0.44687365020558856,1.3746369796708664,-0.6552031376982217,44,43,0.4794290512174643,0.087
000425.SZ,徐工机械,工程机械,MA5/MA15,5,15,样本外,609,0.33199315158791776,0.12594730466783255,0.27981001102078645,0.5624199541373994,-0.2725091310083466,0.718304117407258,-0.3863109658193402,22,22,0.5254515599343186,0.044
000425.SZ,徐工机械,工程机械,MA10/MA20,10,20,全样本,1800,0.324211726703467,0.04009747038131106,0.3105975129314328,0.2801569823256962,-0.6026090606450509,3.080348499515978,-2.7561367728125106,47,47,0.5122222222222222,0.094
000425.SZ,徐工机械,工程机械,MA10/MA20,10,20,样本内,1191,0.12123301238230955,0.024507156597742608,0.32382368814545714,0.2345906825178744,-0.6026090606450509,1.3746369796708664,-1.2534039672885569,30,30,0.4979009235936188,0.06
000425.SZ,徐工机械,工程机械,MA10/MA20,10,20,样本外,609,0.18103169642667405,0.07127589386248356,0.2832023499935259,0.38356405747762534,-0.2711735606795229,0.718304117407258,-0.5372724209805839,17,17,0.5402298850574713,0.034
000425.SZ,徐工机械,工程机械,MA10/MA30,10,30,全样本,1800,0.43570697084855303,0.05193574617603591,0.3327703655180523,0.3164738832989074,-0.38842587554897934,3.080348499515978,-2.6446415286674245,32,32,0.5238888888888888,0.064
000425.SZ,徐工机械,工程机械,MA10/MA30,10,30,样本内,1191,0.038861879322603654,0.008099538152310348,0.35244763085160774,0.19661034443802783,-0.38842587554897934,1.3746369796708664,-1.3357751003482627,21,21,0.5004198152812762,0.042
000425.SZ,徐工机械,工程机械,MA10/MA30,10,30,样本外,609,0.38199985910034195,0.1432500811147559,0.2906864184040776,0.6046131108951522,-0.2943256624076874,0.718304117407258,-0.336304258306916,11,11,0.5697865353037767,0.022
000425.SZ,徐工机械,工程机械,MA20/MA60,20,60,全样本,1800,0.6485571544369495,0.07249323433738297,0.3264965183903475,0.37601404058471094,-0.3501338517074809,3.080348499515978,-2.431791345079028,17,17,0.5394444444444444,0.034
000425.SZ,徐工机械,工程机械,MA20/MA60,20,60,样本内,1191,0.16573481363114095,0.032979346433785306,0.33917695494772815,0.26327795730593184,-0.3501338517074809,1.3746369796708664,-1.2089021660397254,12,12,0.5071368597816961,0.024
000425.SZ,徐工机械,工程机械,MA20/MA60,20,60,样本外,609,0.41417853800030846,0.15419082424495034,0.3003805468204491,0.6266129014124172,-0.2322988946114014,0.718304117407258,-0.3041255794069495,5,5,0.6026272577996716,0.01
