ts_code,trade_date,open,high,low,close,pre_close,change,pct_chg,vol,amount,rsi_14,macd,macd_signal,macd_hist,bb_middle_20,bb_upper_20,bb_lower_20,atr_14,atr_pct
000001.SZ,2024-01-02,9.39,9.42,9.21,9.21,9.39,-0.18,-1.9169,1158366.45,1075742.252,,0.0,0.0,0.0,,,,,
000001.SZ,2024-01-03,9.19,9.22,9.15,9.2,9.21,-0.01,-0.1086,733610.31,673673.614,,-0.0007977207977223344,-0.0001595441595444669,-0.0006381766381778675,,,,,
000001.SZ,2024-01-04,9.19,9.19,9.08,9.11,9.2,-0.09,-0.9783,864193.99,787470.082,,-0.008593112068895792,-0.001846257741414732,-0.00674685432748106,,,,,
000001.SZ,2024-01-05,9.1,9.44,9.07,9.27,9.11,0.16,1.7563,1991622.16,1852659.692,,-0.0018391523859833114,-0.001844836670328448,5.68428434513657e-06,,,,,
000001.SZ,2024-01-08,9.23,9.3,9.11,9.15,9.27,-0.12,-1.2945,1121156.19,1029006.549,,-0.006099279102949495,-0.0026957251568526575,-0.0034035539460968377,,,,,
000001.SZ,2024-01-09,9.16,9.19,9.09,9.18,9.15,0.03,0.3279,766193.88,700375.72,,-0.006974315372902495,-0.003551443200062625,-0.0034228721728398704,,,,,
000001.SZ,2024-01-10,9.16,9.19,9.09,9.09,9.18,-0.09,-0.9804,858620.91,783771.15,,-0.014759892902093341,-0.005793133140468769,-0.008966759761624572,,,,,
000001.SZ,2024-01-11,9.08,9.22,9.03,9.17,9.09,0.08,0.8801,934686.37,853890.237,,-0.014309734067103008,-0.007496453325795618,-0.00681328074130739,,,,,
000001.SZ,2024-01-12,9.13,9.27,9.11,9.19,9.17,0.02,0.2181,772582.15,711018.266,,-0.012198530033227684,-0.008436868667282032,-0.0037616613659456517,,,,,
000001.SZ,2024-01-15,9.16,9.29,9.13,9.21,9.19,0.02,0.2176,745132.66,685950.951,,-0.008809996615994464,-0.00851149425702452,-0.0002985023589699449,,,,,
000001.SZ,2024-01-16,9.19,9.35,9.16,9.34,9.21,0.13,1.4115,1438312.58,1334465.409,,0.004315606450111531,-0.0059460741155973095,0.01026168056570884,,,,,
000001.SZ,2024-01-17,9.33,9.39,9.23,9.23,9.34,-0.11,-1.1777,1482296.21,1380725.065,,0.005775089120707122,-0.003601841468336423,0.009376930589043545,,,,,
000001.SZ,2024-01-18,9.21,9.24,9.0,9.2,9.23,-0.03,-0.325,1755132.47,1597853.727,,0.004459583074924112,-0.0019895565596843162,0.006449139634608428,,,,,
000001.SZ,2024-01-19,9.16,9.2,9.1,9.17,9.2,-0.03,-0.3261,963981.42,881865.024,,0.0009849320923311922,-0.0013946588292812145,0.0023795909216124066,,,,0.18261195302126518,1.9914062488687587
000001.SZ,2024-01-22,9.16,9.26,9.04,9.1,9.17,-0.07,-0.7634,1580319.66,1449858.242,38.59011043008075,-0.007332642689954483,-0.002582255601415868,-0.004750387088538615,,,,0.1852825278054606,2.0360717341259407
000001.SZ,2024-01-23,9.05,9.18,8.96,9.16,9.1,0.06,0.6593,1135544.58,1030898.421,44.01932493448303,-0.00897937344314137,-0.0038616791697609685,-0.005117694273380401,,,,0.18776234724792762,2.049807284366022
000001.SZ,2024-01-24,9.23,9.34,9.07,9.33,9.16,0.17,1.8559,1759123.16,1620099.272,55.91247195457636,0.0033940354931729644,-0.002410536237174182,0.005804571730347146,,,,0.19363646530164708,2.0754176345299795
000001.SZ,2024-01-25,9.33,9.54,9.27,9.5,9.33,0.17,1.8221,2162513.95,2037648.413,64.12128277290691,0.02661087684791319,0.0033937463798432927,0.023217130468069898,,,,0.19909100349438652,2.0956947736251212
000001.SZ,2024-01-26,9.47,9.67,9.44,9.62,9.5,0.12,1.2632,2272287.06,2172799.799,68.5699200063243,0.05407010153498426,0.013529017410871487,0.040541084124112774,,,,0.20129878895907324,2.09250300373257
000001.SZ,2024-01-29,9.69,9.88,9.58,9.7,9.62,0.08,0.8316,2376251.84,2312173.346,71.1390937419557,0.08134932199881462,0.027093078328460113,0.054256243670354504,9.256499999999999,9.582584344917077,8.930415655082921,0.20834887546199665,2.147926551154605
000001.SZ,2024-01-30,9.61,9.7,9.49,9.5,9.7,-0.2,-2.0619,1579122.14,1515156.604,58.30710044134336,0.08584045686935049,0.038842554036638194,0.046997902832712296,9.270999999999999,9.612929817360227,8.929070182639771,0.20846681292899683,2.194387504515756
000001.SZ,2024-01-31,9.46,9.56,9.38,9.46,9.5,-0.04,-0.4211,1357217.47,1286857.397,56.12653702172759,0.08519003026513339,0.048112049282337234,0.03707798098279615,9.284,9.633822812292166,8.934177187707835,0.2064334691483542,2.1821719783124123
000001.SZ,2024-02-01,9.41,9.48,9.34,9.41,9.46,-0.05,-0.5285,1055259.87,993481.907,53.43637190150168,0.07972100622746936,0.05443384067136366,0.025287165556105697,9.299,9.64337769962644,8.95462230037356,0.20168822135204323,2.1433392279707038
000001.SZ,2024-02-02,9.42,9.47,9.07,9.27,9.41,-0.14,-1.4878,1634214.31,1520605.695,46.68854756081844,0.06335956567115097,0.05621898567132113,0.007140579999829845,9.299000000000001,9.643377699626441,8.954622300373561,0.21585334839832587,2.328515085203084
000001.SZ,2024-02-05,9.19,9.43,9.11,9.38,9.27,0.11,1.1866,1803591.9,1674566.499,51.8349972016915,0.05859365565498997,0.0566939196680549,0.001899735986935075,9.310500000000001,9.649526547633073,8.97147345236693,0.22329239494130262,2.3805159375405394
000001.SZ,2024-02-06,9.3,9.68,9.29,9.68,9.38,0.3,3.1983,1995409.54,1900324.218,62.47460726979924,0.07812357053514951,0.060979849841473824,0.017143720693675688,9.3355,9.704741113637144,8.966258886362855,0.2352000810169239,2.4297529030673957
000001.SZ,2024-02-07,9.62,9.67,9.48,9.61,9.68,-0.07,-0.7231,2062014.97,1975435.102,59.18913659293879,0.08695044321293643,0.06617396851576635,0.02077647469717009,9.3615,9.731163360369942,8.991836639630057,0.23268578951571503,2.4212881323175344
000001.SZ,2024-02-08,9.58,9.67,9.52,9.67,9.61,0.06,0.6243,1656813.84,1593505.69,61.078524993547994,0.09766152074439027,0.07247147896149114,0.02519004178289913,9.3865,9.768404438308849,9.00459556169115,0.226779661693164,2.345187814820724
000001.SZ,2024-02-19,9.76,9.81,9.65,9.81,9.67,0.14,1.4478,1605242.65,1564088.445,65.13456323151149,0.11610852996995114,0.08119888916318314,0.03490964080676799,9.4175,9.8299984848457,9.005001515154301,0.222009685857938,2.26309567643158
000001.SZ,2024-02-20,9.79,9.84,9.73,9.82,9.81,0.01,0.1019,1123563.98,1098987.813,65.41182946925858,0.1300358616427406,0.09096628365909465,0.039069577983645964,9.448,9.884146764289268,9.011853235710733,0.2140089940109424,2.1793176579525704
000001.SZ,2024-02-21,9.78,10.8,9.77,10.8,9.82,0.98,9.9796,5055284.6,5295259.397,81.19483654300504,0.21764233675227374,0.11630149427773047,0.10134084247454327,9.520999999999999,10.25049023297094,8.791509767029059,0.27229406586730376,2.5212413506231828
000001.SZ,2024-02-22,10.65,10.91,10.62,10.9,10.8,0.1,0.9259,4922325.12,5307736.374,82.0927798942075,0.29177684190359265,0.1513965638029029,0.14038027810068976,9.6045,10.535982152271313,8.673017847728687,0.2735587754482107,2.5097135362221166
000001.SZ,2024-02-23,10.88,11.24,10.84,10.85,10.9,-0.05,-0.4587,3567479.5,3917316.282,80.03496515174004,0.3425457352055812,0.18962639808343856,0.15291933712214262,9.687,10.74433816728613,8.629661832713868,0.28259029148762427,2.6045188155541408
000001.SZ,2024-02-26,10.78,10.88,10.5,10.53,10.85,-0.32,-2.9493,2862608.88,3048205.025,68.24443781103899,0.3528912130324322,0.2222793610732373,0.1306118519591949,9.754999999999999,10.845018348469416,8.664981651530582,0.2895481278099369,2.7497448035131713
000001.SZ,2024-02-27,10.49,10.6,10.46,10.5,10.53,-0.03,-0.2849,1981904.92,2083027.074,67.24428851833592,0.35458192969982427,0.24873987479855472,0.10584205490126955,9.825,10.917584092873401,8.732415907126597,0.2788661186806556,2.6558677969586246
000001.SZ,2024-02-28,10.51,10.7,10.4,10.49,10.5,-0.01,-0.0952,3082692.65,3253340.358,66.89237365703576,0.3510680247560458,0.26920550479005295,0.08186251996599286,9.8915,10.975958851224885,8.807041148775117,0.28037568163203724,2.672790101354025
000001.SZ,2024-02-29,10.42,10.59,10.41,10.59,10.49,0.1,0.9533,1845344.23,1936020.983,68.65874985363926,0.3522913980934703,0.2858226834507364,0.0664687146427339,9.9545,11.047522872587757,8.861477127412241,0.2732059900868917,2.5798488204616783
000001.SZ,2024-03-01,10.59,10.6,10.43,10.49,10.59,-0.1,-0.9443,1828102.9,1917689.307,64.92819710048596,0.34125795671289616,0.2969097381031684,0.04434821860972776,10.004,11.099872255329057,8.908127744670942,0.2658341336521137,2.5341671463499877
000001.SZ,2024-03-04,10.45,10.5,10.32,10.33,10.49,-0.16,-1.5253,1655929.54,1719562.862,59.36982368799039,0.3159610102556023,0.30071999253365517,0.015241017721947137,10.0395,11.129297687646654,8.949702312353347,0.25970312410553414,2.5140670290952
000001.SZ,2024-03-05,10.3,10.47,10.26,10.43,10.33,0.1,0.9681,1817319.07,1889144.33,61.583416883854255,0.300517978014069,0.30067958962973795,-0.0001616116156689662,10.076,11.166768536399907,8.985231463600094,0.25615290095513893,2.4559242661087146
000001.SZ,2024-03-06,10.4,10.45,10.33,10.33,10.43,-0.1,-0.9588,1345640.16,1396940.06,58.17041929198045,0.2770168219500295,0.2959470360937963,-0.018930214143766777,10.1175,11.18024879440063,9.05475120559937,0.2464276937440575,2.3855536664477976
000001.SZ,2024-03-07,10.33,10.64,10.33,10.38,10.33,0.05,0.484,2016165.89,2109589.237,59.38252313933261,0.2594359524189471,0.28864481935882647,-0.02920886693987934,10.163499999999999,11.187360830386625,9.139639169613373,0.25096857276233914,2.4178089861497027
000001.SZ,2024-03-08,10.35,10.44,10.3,10.38,10.38,0.0,0.0,1113974.28,1154491.251,59.38252313933261,0.24270523181859538,0.27945690185078026,-0.03675167003218488,10.212,11.178800910218847,9.245199089781153,0.2430422461364577,2.34144745796202
000001.SZ,2024-03-11,10.38,10.47,10.34,10.47,10.38,0.09,0.8671,1210672.98,1260212.02,61.69940410285057,0.2340107329799288,0.27036766807661,-0.0363569350966812,10.272,11.141565408695627,9.402434591304374,0.23496779998385364,2.2442005729116867
000001.SZ,2024-03-12,10.48,10.59,10.41,10.56,10.47,0.09,0.8596,1641262.37,1721999.708,63.916017368340064,0.2317115018900342,0.26263643483929483,-0.03092493294926063,10.331,11.105387499899107,9.556612500100892,0.23104152855643553,2.187893262845033
000001.SZ,2024-03-13,10.53,10.55,10.3,10.33,10.56,-0.23,-2.178,1768039.11,1834654.994,55.1343555301168,0.20892194474678227,0.2518935368207923,-0.04297159207401002,10.363499999999998,11.078126475859934,9.648873524140063,0.2331099908024044,2.256631082307884
000001.SZ,2024-03-14,10.3,10.38,10.2,10.23,10.33,-0.1,-0.9681,1409399.73,1448499.698,51.80186267533318,0.18070879376848836,0.23765658821033153,-0.05694779444184317,10.3945,11.024467459477068,9.764532540522934,0.2293164200308042,2.241607233927705
000001.SZ,2024-03-15,10.55,10.75,10.5,10.6,10.23,0.37,3.6168,3750207.89,3973799.131,61.15692934216278,0.18606078324397402,0.22733742721706002,-0.041276643973086,10.441,10.981070365785785,9.900929634214217,0.25007953288574675,2.3592408762806296
000001.SZ,2024-03-18,10.56,10.61,10.49,10.54,10.6,-0.06,-0.566,1671396.51,1761249.15,59.151905322071705,0.18334726179890914,0.21853939413342985,-0.035192132334520704,10.477500000000001,10.934309588340689,10.020690411659313,0.24078813767962193,2.284517435290531
000001.SZ,2024-03-19,10.53,10.54,10.39,10.4,10.54,-0.14,-1.3283,1293215.58,1351069.63,54.64972047602831,0.1679637648057799,0.2084242682678999,-0.04046050346211999,10.506499999999999,10.85298376585345,10.160016234146548,0.23430327070250598,2.252916064447173
000001.SZ,2024-03-20,10.38,10.47,10.37,10.45,10.4,0.05,0.4808,872663.16,910278.573,55.93954379775602,0.1579856544572511,0.19833654550577015,-0.04035089104851905,10.489,10.808743647317645,10.169256352682357,0.22471017993804138,2.150336650124798
000001.SZ,2024-03-21,10.45,10.52,10.42,10.47,10.45,0.02,0.1914,864466.25,905422.294,56.47282395414746,0.14996308191116903,0.18866185278684994,-0.03869877087568091,10.4675,10.725715026673486,10.209284973326513,0.21580230994246696,2.0611490920961506
000001.SZ,2024-03-22,10.45,10.45,10.31,10.36,10.47,-0.11,-1.0506,1028141.74,1065535.606,52.695150160126914,0.13319368083476846,0.17756821839643366,-0.044374537561665206,10.443000000000001,10.63619420281155,10.249805797188452,0.2118164306608622,2.044560141514114
000001.SZ,2024-03-25,10.35,10.49,10.32,10.4,10.36,0.04,0.3861,953202.21,993304.12,53.90271994658053,0.12172826767422684,0.1664002282519923,-0.04467196057776546,10.4365,10.626265644941308,10.246734355058694,0.2088295427565149,2.007976372658797
000001.SZ,2024-03-26,10.45,10.66,10.42,10.6,10.4,0.2,1.9231,1740021.46,1835376.191,59.47332345156325,0.12731259334418432,0.1585827012704307,-0.03127010792624638,10.441500000000001,10.642624339650851,10.240375660349152,0.21248457541676383,2.0045714661958853
000001.SZ,2024-03-27,10.56,10.63,10.51,10.53,10.6,-0.07,-0.6604,1274135.99,1347397.15,56.88238285383708,0.1246528759249852,0.1517967362013416,-0.027143860276356402,10.4435,10.647291560178507,10.239708439821493,0.2058785343155665,1.9551617693785994
000001.SZ,2024-03-28,10.51,10.57,10.38,10.49,10.53,-0.04,-0.3799,1302188.92,1362980.388,55.397234069878195,0.11795762295068535,0.14502891355121036,-0.027071290600525016,10.4385,10.632332401832072,10.244667598167927,0.204744353293026,1.9518050838229364
000001.SZ,2024-03-29,10.45,10.57,10.43,10.52,10.49,0.03,0.286,872758.98,917332.316,56.318397507971206,0.11376097035884669,0.13877532491273764,-0.02501435455389095,10.440000000000001,10.635857090757497,10.244142909242505,0.20011975662923848,1.9022790554110123
000001.SZ,2024-04-01,10.52,10.65,10.51,10.64,10.52,0.12,1.1407,1191087.96,1261770.38,59.88704938403111,0.11874922293949908,0.13477010451808993,-0.016020881578590856,10.4555,10.662813771853175,10.248186228146826,0.19582548829857863,1.8404651155881449
000001.SZ,2024-04-02,10.63,10.68,10.53,10.55,10.64,-0.09,-0.8459,1085458.26,1149700.8,56.179960507240104,0.11412464336092576,0.13064101228665712,-0.016516368925731356,10.4615,10.672428897972727,10.250571102027271,0.19255223913439445,1.8251397074350184
000001.SZ,2024-04-03,10.53,10.55,10.42,10.46,10.55,-0.09,-0.8531,981845.85,1028648.883,52.66889469556924,0.1020213443365634,0.12491707869663839,-0.022895734360074985,10.468,10.670148460295866,10.265851539704133,0.18808422205336633,1.798128317909812
000001.SZ,2024-04-08,10.42,10.49,10.37,10.43,10.46,-0.03,-0.2868,906360.52,945290.441,51.51320942636323,0.08898290385494967,0.11773024372830064,-0.02874733987335097,10.470500000000001,10.66944471593885,10.271555284061153,0.18322106333526883,1.756673665726451
000001.SZ,2024-04-09,10.43,10.47,10.36,10.4,10.43,-0.03,-0.2876,857156.73,891468.991,50.32403513007621,0.07536038890377306,0.10925627276339514,-0.033895883859622084,10.4715,10.66880940170197,10.27419059829803,0.17799098738274974,1.711451801757209
000001.SZ,2024-04-10,10.38,10.41,10.27,10.28,10.4,-0.12,-1.1538,1246390.82,1288696.196,45.7723254217645,0.0542560209060845,0.09825622239193302,-0.04400020148584852,10.462,10.67625218785345,10.24774781214655,0.1752773454268391,1.7050325430626372
000001.SZ,2024-04-11,10.24,10.29,10.12,10.25,10.28,-0.03,-0.2918,1010213.4,1030820.137,44.68420288153532,0.034709795028621926,0.08554693691927082,-0.05083714189064889,10.446499999999999,10.67455920283994,10.218440797160056,0.17490039218206488,1.7063452895811206
000001.SZ,2024-04-12,10.22,10.27,10.04,10.06,10.25,-0.19,-1.8537,1305453.71,1322011.754,38.449910175618925,0.003843552018889085,0.06920625993919448,-0.0653627079203054,10.433,10.713078560407594,10.152921439592406,0.17883607845477456,1.7776946168466656
000001.SZ,2024-04-15,10.07,10.32,10.06,10.29,10.06,0.23,2.2863,1453202.6,1486326.196,47.92201073695332,-0.0020356247211452683,0.054957883007126535,-0.0569935077282718,10.436,10.708499541284,10.163500458716,0.18463350142229065,1.7943003053672562
000001.SZ,2024-04-16,10.28,10.39,10.22,10.28,10.29,-0.01,-0.0972,1478036.43,1523138.499,47.579170863624476,-0.0074163401189366596,0.042483038381913904,-0.049899378500850564,10.42,10.689666460650914,10.150333539349086,0.18358825132069848,1.7858779311351995
000001.SZ,2024-04-17,10.26,10.63,10.21,10.62,10.28,0.34,3.3074,2232640.57,2337576.587,58.46048435578325,0.015575023488137774,0.03710143540315868,-0.02152641191502091,10.424,10.702883488216838,10.145116511783161,0.20047480479779145,1.8877100263445523
000001.SZ,2024-04-18,10.58,11.03,10.56,10.8,10.62,0.18,1.6949,3165914.26,3427338.982,62.856312678393756,0.04776968131717574,0.039235084585962095,0.008534596731213644,10.443999999999999,10.767010835731543,10.120989164268455,0.219726604455092,2.034505596806407
000001.SZ,2024-04-19,10.71,10.82,10.66,10.69,10.8,-0.11,-1.0185,1457675.02,1562376.147,58.76376479179003,0.06367410347591296,0.04412288836395227,0.019551215111960688,10.456,10.796376262392062,10.115623737607937,0.21546041842258545,2.0155324454872354
000001.SZ,2024-04-22,10.64,10.81,10.45,10.5,10.69,-0.19,-1.7774,2009818.37,2125722.741,52.415562999767936,0.060252507121923315,0.04734881211554648,0.012903695006376836,10.4575,10.798373876969166,10.116626123030834,0.22578467424954374,2.1503302309480357
000001.SZ,2024-04-23,10.51,10.65,10.46,10.54,10.5,0.04,0.381,1240027.0,1308866.093,53.55315979380813,0.06007601417082675,0.04989425252660254,0.010181761644224213,10.4665,10.806104181364114,10.126895818635886,0.22322862608886201,2.1179186535945167
000001.SZ,2024-04-24,10.52,10.57,10.46,10.53,10.54,-0.01,-0.0949,941567.74,989093.538,53.210670619381936,0.05845538847784937,0.05160647971685191,0.00684890876099746,10.472999999999999,10.81224032779136,10.133759672208638,0.2151408670825147,2.043123144183425
000001.SZ,2024-04-25,10.5,10.62,10.48,10.61,10.53,0.08,0.7597,1113812.24,1176304.525,55.654047210301805,0.06290127560184011,0.05386543889384955,0.00903583670799056,10.4735,10.81351617608577,10.13348382391423,0.20977366229090644,1.97713159557876
000001.SZ,2024-04-26,10.59,10.67,10.48,10.6,10.61,-0.01,-0.0943,1607627.51,1698581.437,55.265545668265254,0.06486997604824829,0.0560663463247293,0.008803629723518988,10.477,10.82069172233266,10.133308277667341,0.20836125784155596,1.9656722437882639
000001.SZ,2024-04-29,10.56,10.9,10.52,10.81,10.6,0.21,1.9811,2169177.37,2337350.884,61.36487755981409,0.08242528293875928,0.061338133647535306,0.021087149291223975,10.493,10.866154123654006,10.119845876345995,0.2206211679957306,2.040898871375861
000001.SZ,2024-04-30,10.8,10.88,10.73,10.79,10.81,-0.02,-0.185,1324556.53,1431407.709,60.51857779653548,0.09364467969982826,0.0677994428579939,0.02584523684183436,10.506499999999999,10.901482278083446,10.111517721916552,0.21557679885317843,1.9979314073510515
000001.SZ,2024-05-06,10.96,11.11,10.84,10.89,10.79,0.1,0.9268,1784100.57,1953817.493,63.24782036053302,0.10934483750750523,0.07610852178789618,0.033236315719609055,10.519,10.944718216664484,10.093281783335517,0.22303559893509428,2.0480771252074774
000001.SZ,2024-05-07,10.87,10.89,10.76,10.88,10.89,-0.01,-0.0918,1087056.65,1176786.413,62.7804528970926,0.11960171513451812,0.08480716045722057,0.03479455467729754,10.5355,10.989393159234625,10.081606840765376,0.21639019901115905,1.9888805056172705
000001.SZ,2024-05-08,10.84,10.88,10.71,10.73,10.88,-0.15,-1.3787,1221791.27,1318612.0,56.08561121974037,0.11430893589488988,0.09070751554475444,0.023601420350135446,10.549,11.009126069680894,10.088873930319105,0.21307661336750486,1.9858025476934282
000001.SZ,2024-05-09,10.71,10.82,10.71,10.76,10.73,0.03,0.2796,1069460.63,1150726.858,57.07160726777568,0.11125266799039579,0.09481654603388272,0.016436121956513075,10.5655,11.03100939840135,10.09999060159865,0.20571399812696875,1.9118401312915312
000001.SZ,2024-05-10,10.77,10.96,10.76,10.94,10.76,0.18,1.6729,1767835.61,1923452.177,62.510537406600164,0.1219492937861304,0.10024309558433225,0.021706198201798144,10.592500000000001,11.078663552726844,10.106336447273158,0.20530585540361393,1.8766531572542409
000001.SZ,2024-05-13,10.9,11.01,10.81,10.97,10.94,0.03,0.2742,1402498.6,1530058.92,63.344114928781956,0.1313332679134298,0.10646113005015176,0.02487213786327805,10.627,11.117473240860278,10.136526759139723,0.20492686573192717,1.868066232743183
000001.SZ,2024-05-14,11.0,11.06,10.88,10.91,10.97,-0.06,-0.5469,1075783.91,1176577.328,60.449160490219015,0.13240238419079198,0.1116493808782798,0.020753003312512175,10.66,11.133075046900577,10.186924953099423,0.2031463753225038,1.8620199387947185
000001.SZ,2024-05-15,10.9,10.92,10.81,10.83,10.91,-0.08,-0.7333,868296.6,942907.951,56.72656886042689,0.1253493854429628,0.11438938179121641,0.010960003651746403,10.6985,11.0879239335223,10.309076066477699,0.19649306279946777,1.8143403767263877
000001.SZ,2024-05-16,10.85,11.21,10.83,11.17,10.83,0.34,3.1394,3076291.65,3410151.917,66.2416064430925,0.14551755582066583,0.1206150165971063,0.024902539223559533,10.7425,11.136194043643004,10.348805956356996,0.2096007011709344,1.876461066883925
000001.SZ,2024-05-17,11.18,11.42,11.13,11.42,11.17,0.25,2.2381,2841748.85,3200736.554,71.24778424381495,0.17960352912717958,0.13241271910312097,0.047190810024058616,10.799499999999998,11.236557204493845,10.362442795506151,0.21534350823015333,1.8856699494759483
000001.SZ,2024-05-20,11.43,11.53,11.31,11.38,11.42,-0.04,-0.3503,2170210.3,2475290.152,69.47260286077106,0.20107141671345552,0.14614445862518788,0.05492695808826764,10.8375,11.333680410737843,10.341319589262158,0.2156761147851423,1.8952206923123223
000001.SZ,2024-05-21,11.32,11.62,11.31,11.55,11.38,0.17,1.4938,2030049.41,2336192.875,72.59749641799566,0.2291608281646571,0.16274773253308172,0.06641309563157538,10.875,11.4596537436808,10.2903462563192,0.22241353515763204,1.9256583130530913
000001.SZ,2024-05-22,11.56,11.74,11.46,11.56,11.55,0.01,0.0866,2115531.38,2458448.97,72.77404504145596,0.24935440319719682,0.18006906666590475,0.06928533653129207,10.9185,11.567538519658095,10.269461480341905,0.226526854074944,1.95957486224
000001.SZ,2024-05-23,11.53,11.59,11.37,11.4,11.56,-0.16,-1.3841,1841622.9,2110799.282,65.50235026243007,0.2495704018329814,0.1939693336993201,0.05560106813366131,10.9635,11.615029738384957,10.311970261615043,0.22606065021244806,1.9829881597583163
000001.SZ,2024-05-24,11.37,11.49,11.3,11.31,11.4,-0.09,-0.7895,1398275.84,1593330.336,61.76382337148735,0.23971603721049917,0.20311867440155593,0.03659736280894324,11.002,11.63973348665408,10.364266513345921,0.22348488948298745,1.9759937177982974
000001.SZ,2024-05-27,11.31,11.53,11.31,11.51,11.31,0.2,1.7683,1454361.43,1663272.118,66.35883693374409,0.24521799042980064,0.21153853760720487,0.03367945282259577,11.051,11.686732648209896,10.415267351790105,0.22323596880563112,1.9394958193364997
000001.SZ,2024-05-28,11.5,11.58,11.36,11.4,11.51,-0.11,-0.9557,1204322.85,1377107.204,61.9492703303808,0.2379592017505665,0.2168226704358772,0.021136531314689316,11.0905,11.70967606542886,10.47132393457114,0.22300482817665754,1.9561827033040133
000001.SZ,2024-05-29,11.38,11.45,11.23,11.26,11.4,-0.14,-1.2281,1444811.11,1635445.613,56.77799973595814,0.21839223965999288,0.21713658428070035,0.0012556553792925362,11.1235,11.70371633896329,10.54328366103671,0.22279019759261048,1.9785985576608391
000001.SZ,2024-05-30,11.24,11.34,11.06,11.12,11.26,-0.14,-1.2433,1325496.35,1481608.711,52.09482527043634,0.18940510708578095,0.21159028884171646,-0.022185181755935507,11.139,11.70117079255326,10.576829207446739,0.22687661205028115,2.040257302610442
000001.SZ,2024-05-31,11.14,11.19,11.11,11.11,11.12,-0.01,-0.0899,826706.76,921248.146,51.766378737511275,0.16373820712495046,0.20201987249836328,-0.03828166537341282,11.155,11.694277294163179,10.61572270583682,0.21638542547526107,1.9476635956369135
000001.SZ,2024-06-03,11.12,11.13,10.91,10.98,11.11,-0.13,-1.1701,1326696.75,1456086.024,47.56772097572303,0.13139247972401868,0.1878943939434944,-0.0565019142194757,11.1595,11.691307295925846,10.627692704074153,0.21664360936988533,1.9730747665745476
000001.SZ,2024-06-04,10.95,11.05,10.91,11.02,10.98,0.04,0.3643,981004.95,1079356.561,48.940007380494436,0.10774391860107713,0.17186429887501095,-0.06412038027393382,11.1665,11.68697190125881,10.646028098741189,0.21116906584346498,1.916234717272822
000001.SZ,2024-06-05,11.04,11.07,10.87,10.87,11.02,-0.15,-1.3612,1018967.75,1114155.999,44.26168719875189,0.07602218075716571,0.1526958752514419,-0.07667369449427619,11.1735,11.673670970768956,10.673329029231045,0.21037127542607473,1.935338320387072
000001.SZ,2024-06-06,10.9,10.98,10.88,10.9,10.87,0.03,0.276,1049331.53,1145989.426,45.38614566213975,0.0526957801015957,0.13269585622147267,-0.08000007611987697,11.180499999999999,11.660852995202443,10.700147004797554,0.20320189860992663,1.8642376019259321
000001.SZ,2024-06-07,10.92,11.01,10.89,10.99,10.9,0.09,0.8257,1170126.04,1281662.986,48.72791533136587,0.04099907554123128,0.1143565000854244,-0.07335742454419313,11.183,11.658819293429723,10.707180706570277,0.19725890585207467,1.794894502748632
000001.SZ,2024-06-11,10.98,11.02,10.79,10.87,10.99,-0.12,-1.0919,1337628.54,1452841.957,44.79240142076712,0.021795115266971976,0.09584422312173392,-0.07404910785476194,11.178,11.664645661647118,10.691354338352884,0.19959755543406937,1.8362240610309972
000001.SZ,2024-06-12,10.85,10.91,10.78,10.88,10.87,0.01,0.092,957426.35,1037927.497,45.189674774172424,0.0072986208610199554,0.07813510266959114,-0.07083648180857119,11.1765,11.66661325221826,10.686386747781741,0.19462630147449306,1.7888446826699729
000001.SZ,2024-06-13,10.89,10.93,10.8,10.8,10.88,-0.08,-0.7353,1203507.79,1304403.407,42.55163406830315,-0.01052397299961072,0.06040328753575078,-0.0709272605353615,11.175,11.669509858344563,10.680490141655438,0.19001013708345776,1.7593531211431275
000001.SZ,2024-06-14,10.15,10.23,9.99,10.18,10.08,0.1,0.9921,1637990.47,1657433.955,28.6114495171079,-0.07382630183059469,0.03355736966248169,-0.10738367149307637,11.125499999999999,11.783329005137324,10.467670994862674,0.23429512729178226,2.3015238437306706
000001.SZ,2024-06-17,10.13,10.16,10.08,10.1,10.18,-0.08,-0.7859,681217.02,688669.914,27.365669557686104,-0.12896258451207032,0.00105337882757129,-0.1300159633396416,11.0595,11.839435253723002,10.279564746276998,0.22470261819951207,2.2247783980149713
000001.SZ,2024-06-18,10.11,10.16,10.04,10.08,10.1,-0.02,-0.198,700653.08,707829.472,27.04858815342004,-0.17228630929656497,-0.03361455879725596,-0.13867175049930902,10.9945,11.867849300108478,10.121150699891523,0.21722385975668987,2.15499860869732
000001.SZ,2024-06-19,10.1,10.21,10.08,10.15,10.08,0.07,0.6944,796184.18,807676.192,30.101304773181525,-0.19868197618701977,-0.06662804227520873,-0.13205393391181103,10.9245,11.832276954983971,10.016723045016029,0.21099358405978352,2.078754522756488
000001.SZ,2024-06-20,10.16,10.17,10.05,10.05,10.15,-0.1,-0.9852,629627.57,635070.262,28.28064521013475,-0.22507536789678184,-0.09831750739952336,-0.12675786049725848,10.849,11.783577979625013,9.914422020374987,0.2044940423412275,2.034766590459975
000001.SZ,2024-06-21,10.05,10.09,9.95,10.0,10.05,-0.05,-0.4975,830545.28,831176.895,27.38863763308352,-0.24717759367626257,-0.1280895246548712,-0.11908806902139138,10.779,11.74713015653887,9.81086984346113,0.19988732503113987,1.9988732503113986
000001.SZ,2024-06-24,9.97,10.07,9.88,9.98,10.0,-0.02,-0.2,947081.54,944907.466,27.02149628469803,-0.26327275525646954,-0.15512617077519086,-0.10814658448127867,10.7125,11.707927044036868,9.717072955963133,0.19918108752891558,1.995802480249655
000001.SZ,2024-06-25,9.99,10.13,9.98,10.08,9.98,0.1,1.002,769992.81,775332.072,31.934473651933544,-0.2649054572893217,-0.17708202807801704,-0.08782342921130465,10.641,11.601851705519628,9.680148294480372,0.19566815270542165,1.9411523085855322
000001.SZ,2024-06-26,10.06,10.13,10.02,10.08,10.08,0.0,0.0,628598.71,633763.882,31.934473651933544,-0.26316577418355536,-0.1942987772991247,-0.06886699688443065,10.575,11.498872285545994,9.651127714454004,0.18954899894074878,1.880446418062984
000001.SZ,2024-06-27,10.06,10.21,10.0,10.13,10.08,0.05,0.496,928881.97,938954.398,34.49179259236712,-0.25481513044902826,-0.20640204792910544,-0.04841308251992282,10.5185,11.405365829762307,9.631634170237692,0.19100978473069538,1.8855852391973875
000001.SZ,2024-06-28,10.1,10.26,10.09,10.15,10.13,0.02,0.1974,918089.92,933947.813,35.535131643204664,-0.24377328558067646,-0.21387629545941966,-0.029896990121256795,10.47,11.325523231712609,9.614476768287393,0.18950908582136,1.867084589373005
000001.SZ,2024-07-01,10.09,10.35,10.04,10.35,10.15,0.2,1.9704,1343051.49,1372549.62,44.973303327113264,-0.2163898084264897,-0.21437899805283367,-0.0020108103736560246,10.432,11.2364277469108,9.6275722530892,0.19811557969126292,1.914160190253748
000001.SZ,2024-07-02,10.3,10.48,10.28,10.4,10.35,0.05,0.4831,1384385.7,1440864.391,47.06006507941544,-0.18848093249741105,-0.20919938494174917,0.02071845244433812,10.403,11.167123026743724,9.638876973256277,0.19825018114188708,1.9062517417489142
000001.SZ,2024-07-03,10.4,10.43,10.29,10.31,10.4,-0.09,-0.8654,713067.46,737326.421,43.83749518598945,-0.17164656038776016,-0.2016888200309514,0.030042259643191238,10.367500000000001,11.07773587631152,9.657264123688483,0.19408945391746663,1.882535925484642
000001.SZ,2024-07-04,10.3,10.38,10.25,10.26,10.31,-0.05,-0.485,735044.24,757464.387,42.112175118018286,-0.16048975534016918,-0.19344900709279497,0.03295925175262579,10.337,11.009699041176654,9.664300958823345,0.18951163578050478,1.8470919666715866
000001.SZ,2024-07-05,10.26,10.29,9.92,9.97,10.26,-0.29,-2.8265,1713353.86,1721256.576,33.80247855310182,-0.1730536288175255,-0.18936993143774108,0.016316302620215578,10.2905,10.928793819490672,9.652206180509328,0.20240366179618297,2.0301269989587056
000001.SZ,2024-07-08,9.94,10.02,9.85,9.93,9.97,-0.04,-0.4012,868659.62,864791.776,32.83992193410808,-0.18411588149844427,-0.18831912144988172,0.004203239951437454,10.2375,10.80698661090494,9.668013389095062,0.20008911452502706,2.0149961180768083
000001.SZ,2024-07-09,9.94,10.1,9.91,10.07,9.93,0.14,1.4099,1032485.3,1034316.511,39.34966260315298,-0.17951661073280079,-0.18655861930646556,0.007042008573664771,10.1975,10.690972390311751,9.704027609688248,0.1993684634875251,1.9798258538979652
000001.SZ,2024-07-10,10.07,10.2,10.05,10.14,10.07,0.07,0.6951,873865.11,886626.727,42.35812957508201,-0.16828337454053965,-0.18290357035328036,0.01462019581274071,10.1605,10.541995740474249,9.779004259525752,0.19584214466698752,1.9313820973075693
000001.SZ,2024-07-11,10.21,10.23,10.07,10.13,10.14,-0.01,-0.0986,721392.25,731789.332,42.037329992781615,-0.1583623675575403,-0.17799532979413235,0.019632962236592055,10.127,10.370811402522516,9.883188597477485,0.19328199147648842,1.9080157105280198
000001.SZ,2024-07-12,10.12,10.31,10.12,10.31,10.13,0.18,1.7769,1214163.69,1246877.666,49.45745637926311,-0.13442582513430423,-0.16928142886216674,0.034855603727862505,10.133500000000002,10.389255742848517,9.877744257151486,0.1930475635138822,1.8724302959639398
000001.SZ,2024-07-15,10.31,10.35,10.26,10.33,10.31,0.02,0.194,869412.47,896975.833,50.21999186167462,-0.11254476397496838,-0.15793409588472707,0.04538933190975869,10.145,10.414035313667176,9.875964686332823,0.1856870232628906,1.7975510480434715
000001.SZ,2024-07-16,10.33,10.37,10.24,10.3,10.33,-0.03,-0.2904,943008.11,971564.895,49.025183823353714,-0.09651208342021711,-0.14564969339182507,0.04913760997160796,10.156,10.431419679761625,9.880580320238376,0.18170937874411264,1.7641687256709961
000001.SZ,2024-07-17,10.3,10.42,10.28,10.4,10.3,0.1,0.9709,1220168.35,1266412.58,53.036146757759184,-0.07487380568164959,-0.13149451584978997,0.05662071016814038,10.1685,10.463679606341621,9.873320393658378,0.17873013740524749,1.718559013511995
000001.SZ,2024-07-18,10.38,10.43,10.3,10.41,10.4,0.01,0.0962,1087061.02,1127365.071,53.430764648354824,-0.05626975553682634,-0.11644956378719724,0.060179808250370906,10.1865,10.494219027685963,9.878780972314038,0.1752494133048726,1.6834717896721672
000001.SZ,2024-07-19,10.38,10.42,10.29,10.37,10.41,-0.04,-0.3842,898723.24,929722.662,51.56435358146913,-0.04424356518932271,-0.10200836406762234,0.057764798878299634,10.205000000000002,10.510122926047838,9.899877073952165,0.1720173123545246,1.6587976119047696
000001.SZ,2024-07-22,10.36,10.38,10.19,10.23,10.37,-0.14,-1.35,994480.87,1018663.806,45.56505425508248,-0.0454852272795776,-0.0907037367100134,0.0452185094304358,10.2175,10.504684609615474,9.930315390384525,0.17330179004348722,1.694054643631351
000001.SZ,2024-07-23,10.25,10.33,10.16,10.18,10.23,-0.05,-0.4888,1020153.63,1046994.471,43.6134229388059,-0.04992829327872883,-0.0825486480237565,0.03262035474502767,10.2225,10.50334693339966,9.94165306660034,0.17306594789752386,1.7000584272841246
000001.SZ,2024-07-24,10.18,10.24,10.12,10.13,10.18,-0.05,-0.4912,724517.57,736332.832,41.69039082708423,-0.056828948482865016,-0.07740470811557822,0.0205757596327132,10.225,10.501586333718773,9.948413666281226,0.1692755230477008,1.6710318168578555
000001.SZ,2024-07-25,10.12,10.15,10.0,10.09,10.13,-0.04,-0.3949,856404.43,861750.366,40.16463560560332,-0.06477870457177026,-0.07487950740681663,0.010100802835046371,10.223,10.502864252808381,9.94313574719162,0.16789869997286505,1.6640109016141234
000001.SZ,2024-07-26,10.1,10.12,9.97,10.03,10.09,-0.06,-0.5946,929551.95,931879.546,37.92269533566463,-0.07505525188277318,-0.07491465630200794,-0.00014059558076523482,10.217,10.507798899585252,9.92620110041475,0.1666202214033746,1.66121855835867
000001.SZ,2024-07-29,10.02,10.14,9.97,10.11,10.03,0.08,0.7976,781552.43,788019.059,42.528997265481784,-0.07586958095113516,-0.07510564123183339,-0.0007639397193017761,10.205,10.492645615297702,9.917354384702298,0.1668616341602764,1.6504612676585206
000001.SZ,2024-07-30,10.1,10.13,10.03,10.08,10.11,-0.03,-0.2967,613267.95,618056.61,41.29163302923368,-0.0780361398400089,-0.07569174095346849,-0.002344398886540408,10.189,10.466913655655842,9.911086344344158,0.16208580314882823,1.6079940788574227
000001.SZ,2024-07-31,10.08,10.28,10.07,10.27,10.08,0.19,1.8849,1096906.34,1117768.675,51.01268158605728,-0.06368759036730154,-0.07329091083623511,0.009603320468933571,10.187000000000001,10.4619618155308,9.912038184469202,0.16550824578105472,1.6115700660277967
000001.SZ,2024-08-01,10.25,10.32,10.17,10.27,10.27,0.0,0.0,733883.77,752688.22,51.012681586057276,-0.051720064821820344,-0.06897674163335216,0.017256676811531813,10.1875,10.46302676820954,9.91197323179046,0.16440051393955082,1.600783972147525
000001.SZ,2024-08-02,10.22,10.25,10.13,10.14,10.27,-0.13,-1.2658,590228.76,601173.371,45.08838358002087,-0.052124766291067104,-0.06560634656489515,0.01348158027382805,10.196000000000002,10.454100755519999,9.937899244480004,0.16265762008672568,1.6041185412892078
000001.SZ,2024-08-05,10.11,10.22,10.05,10.05,10.14,-0.09,-0.8876,758978.52,768980.625,41.495496648528075,-0.059027312840578716,-0.06429053982003187,0.005263226979453153,10.202,10.439873916182487,9.964126083817513,0.16318207579481672,1.623702246714594
000001.SZ,2024-08-06,10.07,10.12,9.89,9.93,10.05,-0.12,-1.194,1265536.91,1261997.757,37.23505779812037,-0.07333526454927863,-0.06609948476588123,-0.0072357797833974,10.195,10.455192236625141,9.93480776337486,0.16795478466661543,1.6913875595832368
000001.SZ,2024-08-07,9.95,9.98,9.91,9.93,9.93,0.0,0.0,517608.42,514848.813,37.23505779812037,-0.08370946871365348,-0.06962148155543568,-0.014087987158217796,10.1845,10.468575694138012,9.900424305861987,0.1609580143332858,1.6209266297410454
000001.SZ,2024-08-08,9.92,9.98,9.9,9.94,9.93,0.01,0.1007,500410.67,497548.149,37.85175272405553,-0.09008573159213817,-0.07371433156277618,-0.016371400029361993,10.175,10.477820078594526,9.872179921405476,0.1551752990237654,1.5611197084885855
000001.SZ,2024-08-09,9.96,10.1,9.94,10.04,9.94,0.1,1.006,730273.96,732886.456,43.798578628852965,-0.08607755314545606,-0.07618697587931217,-0.009890577266143896,10.1615,10.463113991717883,9.859886008282118,0.15551992052206787,1.5490031924508754
000001.SZ,2024-08-12,10.02,10.05,9.98,10.01,10.04,-0.03,-0.2988,353013.46,353251.351,42.48517066648273,-0.08434946401320786,-0.07781947350609131,-0.0065299905071165565,10.1455,10.443592267595111,9.84740773240489,0.14941135477049164,1.4926209267781383
000001.SZ,2024-08-13,10.02,10.03,9.92,9.95,10.01,-0.06,-0.5994,622077.2,620061.492,39.90760369676756,-0.08682062535958757,-0.07961970387679057,-0.007200921482796996,10.128,10.428838827281313,9.827161172718688,0.14659625800117076,1.4733292261424198
000001.SZ,2024-08-14,9.94,9.98,9.91,9.92,9.95,-0.03,-0.3015,436380.38,433380.447,38.64513080950282,-0.09016047398869098,-0.08172785789917066,-0.008432616089520326,10.104,10.390454184818438,9.81754581518156,0.14112509671537288,1.4226320233404524
000001.SZ,2024-08-15,9.92,10.06,9.87,10.03,9.92,0.11,1.1089,776247.47,775851.461,45.458328162982276,-0.08297476594609599,-0.08197723950855573,-0.0009975264375402526,10.084999999999999,10.335958163844088,9.83404183615591,0.14461616123570348,1.4418361040449001
000001.SZ,2024-08-16,10.08,10.21,10.05,10.13,10.03,0.1,0.997,1260367.61,1277042.001,50.80645893385084,-0.06842214835208615,-0.07926622127726182,0.010844072925175668,10.072999999999999,10.288786931949078,9.85721306805092,0.1471435782902962,1.4525525991144737
000001.SZ,2024-08-19,10.13,10.3,10.12,10.29,10.13,0.16,1.5795,1482985.26,1520594.688,57.916751830935,-0.043477252535101485,-0.07210842752882976,0.028631174993728276,10.076,10.301867217630175,9.850132782369826,0.14949046555527515,1.4527742036469888
000001.SZ,2024-08-20,10.32,10.43,10.28,10.34,10.29,0.05,0.4859,1569186.65,1623147.686,59.8688245474951,-0.019449459487205445,-0.0615766339205049,0.042127174433299455,10.084,10.334071989634978,9.833928010365021,0.14952686087275552,1.4461011689821617
000001.SZ,2024-08-21,10.3,10.38,10.21,10.35,10.34,0.01,0.0967,1034887.81,1068207.868,60.26580202580375,0.0003951015558705251,-0.049182286825229814,0.04957738838110034,10.095,10.370281673926902,9.8197183260731,0.150989227953273,1.4588331203214784
000001.SZ,2024-08-22,10.34,10.45,10.32,10.38,10.35,0.03,0.2899,1109030.39,1153871.816,61.4963315418929,0.018331494378157842,-0.03567953058455229,0.05401102496271013,10.1095,10.411458606434717,9.807541393565284,0.14948999738518198,1.440173385213699
000001.SZ,2024-08-23,10.39,10.5,10.32,10.47,10.38,0.09,0.8671,1071905.71,1117475.768,64.998376455876,0.03935480505797706,-0.020672663456046417,0.06002746851402348,10.131499999999999,10.469095912297522,9.793904087702476,0.1516692832862404,1.448608245331809
000001.SZ,2024-08-26,10.5,10.55,10.42,10.49,10.47,0.02,0.191,740675.24,775921.849,65.74401480186118,0.05697301365261609,-0.005143528034313914,0.06211654168693,10.150500000000001,10.522170553043953,9.778829446956049,0.1501214773372233,1.4310912996875436
000001.SZ,2024-08-27,10.47,10.52,10.37,10.43,10.49,-0.06,-0.572,723136.58,755583.764,61.51055328297598,0.0653408635355639,0.00895335027966165,0.056387513255902244,10.168,10.557286526866775,9.778713473133223,0.1501128003845645,1.439240655652584
000001.SZ,2024-08-28,10.41,10.43,10.28,10.33,10.43,-0.1,-0.9588,942547.54,973872.155,55.13786371329862,0.06317503807593106,0.019797687838915532,0.04337735023701553,10.171,10.56428869803237,9.77771130196763,0.1501047432142385,1.453095287649937
000001.SZ,2024-08-29,10.31,10.38,10.11,10.13,10.33,-0.2,-1.9361,1197676.31,1221351.092,45.07875083045295,0.044803806868799256,0.02479891164489228,0.020004895223906978,10.164,10.554968029383474,9.773031970616525,0.15866869012750728,1.5663246804294892
000001.SZ,2024-08-30,10.11,10.26,10.11,10.16,10.13,0.03,0.2962,1294059.08,1318858.688,46.65096693670391,0.032292969804879945,0.02629772327688981,0.0059952465279901335,10.165,10.55581965150181,9.774180348498188,0.1580494979755425,1.555605295034867
000001.SZ,2024-09-02,10.12,10.21,10.09,10.11,10.16,-0.05,-0.4921,968835.5,983898.751,44.37112015956547,0.018134416893774485,0.024665062000266746,-0.006530645106492261,10.168000000000001,10.556154608371456,9.779845391628546,0.15533167669157524,1.5364161888385286
000001.SZ,2024-09-03,10.11,10.13,10.0,10.08,10.11,-0.03,-0.2967,916581.22,920884.663,43.012871210229804,0.004441711144119509,0.0206203918290373,-0.01617868068491779,10.1755,10.550545330593511,9.800454669406488,0.15352227121360565,1.5230384048968815
000001.SZ,2024-09-04,10.05,10.15,10.0,10.02,10.08,-0.06,-0.5952,847992.33,852224.67,40.35237430853946,-0.01112313479813487,0.014271686503602865,-0.025394821301737737,10.18,10.545184884681714,9.814815115318286,0.15327068041263384,1.529647509108122
000001.SZ,2024-09-05,10.03,10.08,9.98,10.07,10.02,0.05,0.499,594208.76,595845.843,43.48926042595593,-0.019202451307899437,0.007576858941302405,-0.02677931024920184,10.186499999999999,10.538765524853051,9.834234475146946,0.1494656318117314,1.484266452946687
000001.SZ,2024-09-06,10.06,10.21,10.05,10.08,10.07,0.01,0.0993,878865.43,891507.834,44.12219613605416,-0.024515847988681116,0.0011583175553056997,-0.025674165543986816,10.188500000000001,10.53785798259092,9.839142017409083,0.150218086682322,1.4902587964516072
000001.SZ,2024-09-09,10.05,10.07,9.84,9.85,10.08,-0.23,-2.2817,1639174.51,1624857.668,34.54002755587224,-0.046746961080589955,-0.008422738171873431,-0.038324222908716524,10.1805,10.55243951121116,9.80856048878884,0.1566310804907276,1.5901632537129708
000001.SZ,2024-09-10,9.86,9.92,9.78,9.9,9.85,0.05,0.5076,767901.14,756124.764,37.707197780904046,-0.05964316693800242,-0.018666823925099232,-0.04097634301290319,10.178,10.556713612113425,9.799286387886577,0.15544314616996138,1.5701327895955697
000001.SZ,2024-09-11,9.88,9.88,9.63,9.65,9.9,-0.25,-2.5253,1108727.04,1078602.468,29.913870929125224,-0.08901035765890697,-0.03273553067186078,-0.05627482698704619,10.1645,10.59477781722975,9.734222182770251,0.1636257785863927,1.6956039231750537
000001.SZ,2024-09-12,9.65,9.77,9.61,9.74,9.65,0.09,0.9326,581834.05,564923.216,35.11314311429484,-0.10382499018771618,-0.046953422575031864,-0.05687156761268432,10.15,10.615531953790498,9.684468046209503,0.1633667944016504,1.6772771499142751
000001.SZ,2024-09-13,9.73,9.82,9.7,9.7,9.74,-0.04,-0.4107,566461.9,553269.704,33.909135154488,-0.11743958843464597,-0.06105065574695469,-0.05638893268769128,10.1285,10.633763297697348,9.623236702302654,0.160269166230104,1.6522594456711754
000001.SZ,2024-09-18,9.72,9.78,9.66,9.77,9.7,0.07,0.7216,443610.99,431665.627,37.920833425955756,-0.12118390799067669,-0.07307730619569909,-0.048106601794977596,10.1025,10.625065785332332,9.579934214667666,0.15739279721366795,1.6109805241931212
000001.SZ,2024-09-19,9.79,9.84,9.68,9.81,9.77,0.04,0.4094,684293.11,669341.182,40.15621920901909,-0.11954559530106401,-0.08237096401677207,-0.03717463128429194,10.076,10.601448379957537,9.550551620042464,0.15757902598412024,1.6063101527433257
000001.SZ,2024-09-20,9.81,9.9,9.78,9.9,9.81,0.09,0.9174,797297.14,785121.199,44.95866800865969,-0.10972018683711049,-0.08784080858083976,-0.021879378256270732,10.0535,10.56852524209984,9.53847475790016,0.15489480984239745,1.5645940388120954
000001.SZ,2024-09-23,9.89,10.09,9.87,10.04,9.9,0.14,1.4141,896907.55,897428.03,51.48130277143728,-0.08960375357518302,-0.08819339757970843,-0.0014103559954745937,10.0365,10.529258561569456,9.543741438430544,0.15954518056794054,1.5890954239834716
000001.SZ,2024-09-24,10.11,10.37,10.08,10.37,10.04,0.33,3.2869,1638213.19,1678174.482,62.70141238617337,-0.04649710354290448,-0.07985413877234764,0.03335703522944315,10.0315,10.508334352789308,9.55466564721069,0.17172052481308764,1.6559356298272674
000001.SZ,2024-09-25,10.52,10.7,10.45,10.5,10.37,0.13,1.2536,2160693.98,2285995.369,66.0337546883883,-0.0018238352436217298,-0.06424807806660246,0.06242424282298073,10.032,10.510773432846895,9.553226567153105,0.18302620161215283,1.743106682020503
000001.SZ,2024-09-26,10.5,11.15,10.5,11.15,10.5,0.65,6.1905,3086457.2,3341759.456,77.0664769183419,0.08504922493665568,-0.03438861746595084,0.11943784240260652,10.068000000000001,10.733089467665819,9.402910532334184,0.21638147292557053,1.940641012785386
000001.SZ,2024-09-27,11.35,11.56,11.03,11.42,11.15,0.27,2.4215,3840016.37,4337985.143,79.97599568830091,0.17368140342619753,0.007225386712478833,0.1664560167137187,10.122499999999999,11.006985726283922,9.238014273716075,0.23878279628802984,2.0909176557620825
000001.SZ,2024-09-30,11.62,12.3,11.56,12.21,11.42,0.79,6.9177,5430283.64,6467438.838,85.69467860025722,0.3041632366766809,0.06661295670531925,0.23755027997136163,10.2265,11.495582739619447,8.957417260380552,0.2845840251245992,2.3307454965159637
000001.SZ,2024-10-08,13.43,13.43,12.34,12.88,12.21,0.67,5.4873,5888977.78,7602664.024,88.65415200788229,0.45637363894783967,0.14456509315382335,0.3118085457940163,10.3625,12.078284077324417,8.646715922675584,0.3513994519014135,2.728256614141409
000001.SZ,2024-10-09,12.63,12.63,11.66,11.68,12.88,-1.2,-9.3168,4269345.06,5172049.702,63.368199552985345,0.47469946820361564,0.21059196816378184,0.2641075000398338,10.440999999999999,12.244794888561334,8.637205111438664,0.4134423481941697,3.539746131799398
000001.SZ,2024-10-10,11.62,12.26,11.6,11.98,11.43,0.55,4.8119,3426421.68,4095573.501,65.9805543562995,0.5075792550199232,0.26998942553501015,0.23758982948491303,10.536,12.450475385059834,8.621524614940165,0.43105360903744333,3.5981102590771563
000001.SZ,2024-10-11,12.0,12.17,11.58,11.72,11.98,-0.26,-2.1703,2070890.57,2455848.197,61.862979472538214,0.5068146520410206,0.31735447083621227,0.18946018120480834,10.620999999999999,12.586562514905083,8.655437485094915,0.442406922677626,3.774803094518993
000001.SZ,2024-10-14,11.98,12.18,11.79,12.02,11.72,0.3,2.5597,2400595.09,2881934.272,64.60751696969717,0.5243715625043723,0.3587578891698443,0.16561367333452803,10.7185,12.757159118146042,8.67984088185396,0.4436635710577955,3.6910446843410614
000001.SZ,2024-10-15,11.94,12.23,11.88,11.9,12.02,-0.12,-0.9983,2072840.77,2500974.427,62.66488153683824,0.5225785828103682,0.3915220278979491,0.13105655491241908,10.8095,12.888119493798708,8.730880506201292,0.4369733159822387,3.672044672119653
000001.SZ,2024-10-16,11.8,12.18,11.77,12.06,11.9,0.16,1.3445,1914493.53,2301340.929,64.21010774822145,0.5279820479183659,0.4188140319020325,0.10916801601633341,10.92,13.017722574603228,8.822277425396772,0.43504665055493597,3.6073519946512103
000001.SZ,2024-10-17,12.07,12.23,11.93,11.95,12.06,-0.11,-0.9121,1653708.09,1993261.646,62.30101494529212,0.5174237137674442,0.4385359682751149,0.07888774549232935,11.022499999999999,13.111163448236693,8.933836551763305,0.42540046122958347,3.55983649564505
000001.SZ,2024-10-18,11.91,12.18,11.68,12.04,11.95,0.09,0.7531,2604654.16,3105820.973,63.263417791217904,0.510434435287177,0.45291566167752734,0.05751877360964969,11.142,13.17564303652337,9.108356963476629,0.4307289997131846,3.577483386322132
000001.SZ,2024-10-21,11.94,11.94,11.63,11.81,12.04,-0.23,-1.9103,2806654.67,3302020.181,59.11042361464227,0.4807940098648924,0.45849133131500036,0.02230267854989204,11.2455,13.192029989494124,9.298970010505876,0.4292483568765285,3.6346177550933825
000001.SZ,2024-10-22,11.76,11.93,11.72,11.79,11.81,-0.02,-0.1693,1617787.13,1908438.725,58.74926502195923,0.4504968787236159,0.45689244079672353,-0.006395562073107652,11.35,13.173973684020686,9.526026315979314,0.41358775995677644,3.507953858836102
000001.SZ,2024-10-23,11.82,11.89,11.75,11.86,11.79,0.07,0.5937,1511866.04,1787236.762,59.67786804793638,0.4272099881858793,0.4509559502745547,-0.02374596208867541,11.4545,13.138524643525145,9.770475356474854,0.39404577710272104,3.322477041338289
000001.SZ,2024-10-24,11.81,11.86,11.72,11.75,11.86,-0.11,-0.9275,885299.42,1042818.619,57.48782034416993,0.39532185470832815,0.4398291311613094,-0.04450727645298125,11.5515,13.059774179318866,10.043225820681135,0.3758996501668123,3.199145958866488
000001.SZ,2024-10-25,11.77,11.78,11.69,11.71,11.75,-0.04,-0.3404,1105754.68,1296844.369,56.6733576290362,0.3626422987961906,0.42439176468828566,-0.06174946589209507,11.642,12.946478439837161,10.337521560162838,0.35547824658346855,3.0356810126683906
000001.SZ,2024-10-28,11.68,11.68,11.53,11.64,11.71,-0.07,-0.5978,1169486.98,1356008.963,55.19950757843552,0.3273219367704847,0.4049777991047255,-0.07765586233424077,11.722,12.800324626446042,10.643675373553958,0.3429440861132209,2.946255035336949
000001.SZ,2024-10-29,11.62,11.74,11.53,11.54,11.64,-0.1,-0.8591,1198024.82,1391150.259,53.07597474879757,0.2879419159609373,0.38157062247596785,-0.09362870651503052,11.7805,12.669397631901445,10.891602368098555,0.33344807996227666,2.88949809326063
000001.SZ,2024-10-30,11.5,11.58,11.27,11.32,11.54,-0.22,-1.9064,1482402.79,1686501.658,48.64247391110067,0.23625737639834732,0.3525079732604438,-0.11625059686209649,11.8215,12.52711391709631,11.11588608290369,0.33177321710782837,2.930858808373042
000001.SZ,2024-10-31,11.33,11.44,11.24,11.38,11.32,0.06,0.53,1250205.39,1419624.319,49.8722893468906,0.1978577243034607,0.3215779234690472,-0.12372019916558646,11.833,12.500955088310581,11.165044911689419,0.32236084445726915,2.832696348482154
000001.SZ,2024-11-01,11.38,11.55,11.34,11.43,11.38,0.05,0.4394,1589811.11,1821423.447,50.92687770468542,0.16950634190087577,0.2911636071554129,-0.12165726525453713,11.8335,12.50023158017301,11.166768419826992,0.31433506985317855,2.750088100202787
000001.SZ,2024-11-04,11.43,11.46,11.26,11.46,11.43,0.03,0.2625,1131516.11,1285874.126,51.58502148153545,0.147755186549551,0.2624819230342405,-0.1147267364846895,11.796000000000001,12.458160101486037,11.133839898513965,0.30616827914938016,2.6716254725076802
000001.SZ,2024-11-05,11.42,11.66,11.39,11.65,11.46,0.19,1.6579,1665418.4,1925260.7,55.642542368522754,0.14418655843612527,0.23882285011461749,-0.09463629167849222,11.7345,12.173338238990173,11.295661761009828,0.3035848306387101,2.6058783745812026
000001.SZ,2024-11-06,11.62,11.64,11.47,11.55,11.65,-0.1,-0.8584,1462286.36,1689977.501,53.119269616279006,0.13177026508872736,0.21741233310943947,-0.08564206802071211,11.728,12.173672525516208,11.282327474483791,0.2947573427359451,2.552011625419438
000001.SZ,2024-11-07,11.5,11.93,11.48,11.91,11.55,0.36,3.1169,2242843.79,2627007.561,60.1290031746377,0.1492586932058515,0.2037816051287219,-0.0545229119228704,11.7245,12.163247079762357,11.285752920237645,0.30584610396909184,2.5679773633005194
000001.SZ,2024-11-08,11.94,12.01,11.7,11.72,11.91,-0.19,-1.5953,1895104.15,2239060.534,55.419195810309056,0.1461028042012522,0.192245844943228,-0.04614304074197578,11.7245,12.163247079762357,11.285752920237645,0.30614281082844247,2.6121400241334682
000001.SZ,2024-11-11,11.63,11.68,11.47,11.6,11.72,-0.12,-1.0239,1486951.64,1717961.562,52.61602535657157,0.13239260279649656,0.1802751965138817,-0.04788259371738515,11.7035,12.123465474771432,11.283534525228568,0.3021326100549823,2.604591465991227
000001.SZ,2024-11-12,11.58,11.84,11.51,11.54,11.6,-0.06,-0.5172,1717662.55,2005791.408,51.22096895905546,0.11535591961275315,0.167291341133656,-0.05193542152090286,11.685500000000001,12.101070691940608,11.269929308059394,0.3041231379081979,2.63538247754071
000001.SZ,2024-11-13,11.5,11.7,11.48,11.61,11.54,0.07,0.6066,1086263.28,1260161.857,52.79352724498149,0.10627753911708204,0.1550885807303412,-0.048811041613259165,11.663,12.042162234406323,11.283837765593677,0.2981143423433265,2.5677376601492377
000001.SZ,2024-11-14,11.59,11.7,11.53,11.54,11.61,-0.07,-0.6029,1159783.11,1348378.229,51.02212650903199,0.09236966221457976,0.14254479702718892,-0.05017513481260916,11.6425,12.001157217967233,11.283842782032767,0.2889633178902318,2.504014886397156
000001.SZ,2024-11-15,11.5,11.61,11.42,11.44,11.54,-0.1,-0.8666,1215783.51,1399308.729,48.51761940223565,0.07244332376145479,0.1285245023740421,-0.056081178612587296,11.6125,11.931302446665637,11.293697553334365,0.2818945094695009,2.46411284501312
000001.SZ,2024-11-18,11.63,12.04,11.62,11.75,11.44,0.31,2.7098,3797324.45,4493249.093,55.76636302540154,0.08073529991628625,0.11896666188249092,-0.03823136196620466,11.6095,11.921876375547185,11.297123624452816,0.3046163302216794,2.5924794061419525
000001.SZ,2024-11-19,11.75,11.96,11.55,11.68,11.75,-0.07,-0.5957,2430036.65,2849661.696,53.92017289705597,0.08072775644880181,0.1113188807957531,-0.030591124346951284,11.604,11.907209498531948,11.30079050146805,0.31214373520584515,2.672463486351414
000001.SZ,2024-11-20,11.67,11.75,11.61,11.64,11.68,-0.04,-0.3425,1286572.48,1498818.034,52.84360074848298,0.07661098870135774,0.10437730237687404,-0.027766313675516296,11.593,11.87336404905051,11.31263595094949,0.2998477541197134,2.5760116333308716
000001.SZ,2024-11-21,11.62,11.65,11.56,11.59,11.64,-0.05,-0.4296,883408.06,1023998.432,51.46047907897027,0.06852393717613481,0.09720662933672619,-0.028682692160591383,11.584999999999999,11.855961251842391,11.314038748157607,0.28485862882544816,2.457796624896015
000001.SZ,2024-11-22,11.59,11.61,11.28,11.28,11.59,-0.31,-2.6747,1625317.44,1858071.592,43.8050650255226,0.036677683848100884,0.08510084023900114,-0.04842315639090025,11.5635,11.85854406450562,11.268455935494378,0.2880830124807733,2.5539274156096923
000001.SZ,2024-11-25,11.28,11.34,11.14,11.18,11.28,-0.1,-0.8865,1166020.32,1310130.629,41.6524875438216,0.0033317282908296164,0.06874701784936683,-0.06541528955853722,11.5405,11.876920867367048,11.204079132632952,0.28179136873214655,2.5204952480514002
000001.SZ,2024-11-26,11.18,11.31,11.14,11.27,11.18,0.09,0.805,831078.2,933733.855,44.305119123544216,-0.015652501599236146,0.051867113959646244,-0.06751961555888239,11.527,11.883488428984725,11.170511571015274,0.27380627096556465,2.429514383012996
000001.SZ,2024-11-27,11.24,11.39,11.15,11.39,11.27,0.12,1.0648,895178.05,1010001.964,47.7180669318377,-0.020775160326788722,0.037338659102359256,-0.05811381942914798,11.5305,11.880098340957158,11.180901659042842,0.27139153732516724,2.382717623574778
000001.SZ,2024-11-28,11.39,11.42,11.32,11.34,11.39,-0.05,-0.439,733168.54,833121.339,46.441069505645295,-0.028540489411604142,0.024162829399566578,-0.05270331881117072,11.5285,11.881955796387606,11.175044203612392,0.2591492846590839,2.2852670604857486
000001.SZ,2024-11-29,11.37,11.46,11.34,11.38,11.34,0.04,0.3527,1028487.58,1173316.154,47.64808928599171,-0.031108305766808897,0.013108602366291485,-0.044216908133100384,11.526,11.882897744459106,11.169102255540894,0.24921005004057797,2.189894991569226
000001.SZ,2024-12-02,11.39,11.4,11.31,11.39,11.38,0.01,0.0879,975433.66,1108785.597,47.963816935252915,-0.03196789629277497,0.004093302634478196,-0.036061198927253166,11.5225,11.883270009840063,11.16172999015994,0.23783790360910811,2.0881290922660942
000001.SZ,2024-12-03,11.37,11.5,11.35,11.49,11.39,0.1,0.878,1082559.36,1236992.678,51.13734143386885,-0.024299850165910186,-0.0015853279255994808,-0.022714522240310706,11.514500000000002,11.87067271091424,11.158327289085763,0.231563767637029,2.0153504581116537
000001.SZ,2024-12-04,11.44,11.53,11.37,11.46,11.49,-0.03,-0.2611,1007470.59,1154623.37,50.14922842712189,-0.020408362742685426,-0.00534993488901667,-0.015058427853668756,11.51,11.866538917931827,11.153461082068173,0.2264520699486698,1.9760215527807137
000001.SZ,2024-12-05,11.44,11.5,11.41,11.44,11.46,-0.02,-0.1745,687108.83,786137.964,49.46304107544715,-0.018722344245940548,-0.008024416760401446,-0.010697927485539101,11.4865,11.792916383373994,11.180083616626005,0.2167054935237648,1.8942787895433986
000001.SZ,2024-12-06,11.44,11.7,11.43,11.66,11.44,0.22,1.9231,1726269.27,2004270.466,56.512003864761056,0.0003618280149950692,-0.006347167805322143,0.006708995820317212,11.483500000000001,11.781780069733127,11.185219930266875,0.220512243986353,1.8911856259550002
000001.SZ,2024-12-09,11.63,11.72,11.59,11.67,11.66,0.01,0.0858,964063.16,1123441.855,56.80691578843389,0.01610741223065837,-0.0018562517981260411,0.01796366402878441,11.487,11.792227783794331,11.181772216205669,0.21404708370161357,1.834165241659071
000001.SZ,2024-12-10,11.9,11.95,11.75,11.79,11.67,0.12,1.0283,2167807.24,2564600.677,60.28723435136464,0.037832785479617215,0.00608155565742261,0.0317512298221946,11.4995,11.83167314762033,11.167326852379668,0.21875800629435543,1.8554538277723107
000001.SZ,2024-12-11,11.79,11.83,11.72,11.73,11.79,-0.06,-0.5089,967691.45,1138374.175,57.780320466124195,0.04963662166635707,0.014792568859209505,0.03484405280714757,11.505500000000001,11.84956249432334,11.161437505676663,0.21098957727333,1.798717623813555
000001.SZ,2024-12-12,11.73,11.87,11.71,11.85,11.73,0.12,1.023,986234.59,1164062.448,61.250814570321154,0.06789163153726285,0.025412381394820174,0.04247925014244268,11.521,11.89638779948208,11.145612200517922,0.2073474646109492,1.7497676338476726
000001.SZ,2024-12-13,11.79,11.8,11.56,11.56,11.85,-0.29,-2.4473,1343792.89,1565589.089,50.456502761841506,0.058286392757633365,0.03198718366738281,0.026299209090250554,11.527000000000001,11.900850237394598,11.153149762605404,0.21325121713873849,1.8447337122728242
000001.SZ,2024-12-16,11.56,11.66,11.53,11.57,11.56,0.01,0.0865,805717.78,934226.189,50.778627070248746,0.0508944091809127,0.035768628770088795,0.015125780410823908,11.518,11.878366480128214,11.157633519871787,0.20730470162882866,1.791743315720213
000001.SZ,2024-12-17,11.57,11.65,11.52,11.53,11.57,-0.04,-0.3457,802119.95,929225.455,49.39516903551744,0.04133209259880033,0.0368813215358311,0.004450771062969226,11.5105,11.8632307755215,11.157769224478502,0.20178293722676954,1.7500688397811757
000001.SZ,2024-12-18,11.58,11.74,11.57,11.65,11.53,0.12,1.0408,1016589.66,1186285.805,53.48914507048954,0.04294187769716018,0.038093432768096916,0.004848444929063264,11.511,11.864491159719726,11.157508840280272,0.20236987028200037,1.7370804316051531
000001.SZ,2024-12-19,11.59,11.64,11.54,11.59,11.65,-0.06,-0.515,697379.04,808465.664,51.25631641438883,0.03892741442439451,0.03826022909935643,0.0006671853250380805,11.511,11.864491159719726,11.157508840280272,0.19577202240471472,1.689146008668807
000001.SZ,2024-12-20,11.59,11.7,11.58,11.62,11.59,0.03,0.2588,714646.27,831437.46,52.32785815485964,0.037731724801295385,0.038154528239744225,-0.0004228034384488391,11.528,11.867858794207237,11.188141205792764,0.19035973509009219,1.6382077030128415
000001.SZ,2024-12-23,11.64,11.84,11.64,11.73,11.62,0.11,0.9466,1659404.76,1953519.499,56.13553189171939,0.04513986854614416,0.039551596301024214,0.0055882722451199435,11.5555,11.866014089857442,11.244985910142558,0.19247689686937136,1.6408942614609665
000001.SZ,2024-12-24,11.72,11.87,11.72,11.86,11.73,0.13,1.1083,1350836.91,1595698.79,60.18313124616465,0.060799925684746015,0.04380126217776857,0.016998663506977443,11.584999999999999,11.893512560522247,11.276487439477751,0.1894428328072733,1.5973257403648677
000001.SZ,2024-12-25,11.86,12.02,11.84,11.92,11.86,0.06,0.5059,1475282.94,1759956.63,61.92923034672136,0.07716264936103023,0.0504735396144209,0.026689109746609332,11.611500000000001,11.938930908742583,11.28406909125742,0.18876834474961093,1.5836270532685481
000001.SZ,2024-12-26,11.92,11.93,11.78,11.86,11.92,-0.06,-0.5034,1000074.7,1183745.519,59.136419672690046,0.08431677589531716,0.057242186870600155,0.02707458902471701,11.6375,11.957054377219261,11.317945622780737,0.1859991772674959,1.5682898589164915
000001.SZ,2024-12-27,11.87,11.9,11.66,11.83,11.86,-0.03,-0.253,1290012.28,1518383.345,57.734459724187545,0.08656782345471292,0.06310731418742271,0.023460509267290208,11.66,11.96698534166958,11.35301465833042,0.1898563788912462,1.604872179976722
000001.SZ,2024-12-30,11.78,11.97,11.78,11.95,11.83,0.12,1.0144,1351846.36,1610892.096,61.650809359194966,0.0969175863749836,0.0698693686249349,0.027048217750048703,11.687999999999999,11.993522503262833,11.382477496737165,0.18986663754187155,1.588842155162105
000001.SZ,2024-12-31,11.93,11.99,11.7,11.7,11.95,-0.25,-2.0921,1475367.33,1747242.074,51.03998721918445,0.08397888112590657,0.07269127112512923,0.01128761000077734,11.6985,11.990203616707074,11.406796383292924,0.19701902057459508,1.683923252774317
000001.SZ,2025-01-02,11.73,11.77,11.39,11.43,11.7,-0.27,-2.3077,1819596.99,2102923.078,42.52697620164352,0.05134623306893005,0.06842226351388939,-0.01707603044495934,11.697,11.993856867867306,11.400143132132692,0.2100890905335525,1.8380497859453413
000001.SZ,2025-01-03,11.44,11.54,11.36,11.38,11.43,-0.05,-0.4374,1154680.44,1320520.978,41.15793310703823,0.021205597319799097,0.058978930275071326,-0.03777333295527223,11.693999999999999,12.00218176454811,11.385818235451888,0.2079398697811559,1.8272396290083994
000001.SZ,2025-01-06,11.38,11.48,11.22,11.44,11.38,0.06,0.5272,1085536.3,1234305.778,43.50813128617941,0.002135804669400443,0.04761030515393715,-0.04547450048453671,11.682999999999998,12.010359130008599,11.355640869991397,0.2116584505110733,1.8501612806912002
000001.SZ,2025-01-07,11.42,11.53,11.37,11.51,11.44,0.07,0.6119,747862.88,858329.049,46.207544730015954,-0.007245210138400182,0.03663920209546969,-0.04388441223386987,11.675,12.01094642430005,11.339053575699952,0.2079685611888538,1.8068510963410407
000001.SZ,2025-01-08,11.5,11.63,11.4,11.5,11.51,-0.01,-0.0869,1062386.01,1223598.997,45.8703335177174,-0.015310162365153701,0.026249329203345016,-0.04155949156849872,11.6605,12.000351438131412,11.32064856186859,0.20954223538964997,1.8221063946926086
000001.SZ,2025-01-09,11.5,11.5,11.35,11.4,11.5,-0.1,-0.8696,751483.3,857836.086,42.528007332317486,-0.02943159032212428,0.015113145298251158,-0.044544735620375434,11.644,12.00039304145843,11.28760695854157,0.20528921857610358,1.8007826190886276
000001.SZ,2025-01-10,11.4,11.46,11.28,11.3,11.4,-0.1,-0.8772,798133.51,905005.041,39.4336623516022,-0.0481371923930034,0.0024630777600002443,-0.05060027015300365,11.616499999999998,11.989556296019769,11.243443703980228,0.20348284582066772,1.8007331488554663
000001.SZ,2025-01-13,11.25,11.26,11.08,11.2,11.3,-0.1,-0.885,934966.18,1044904.416,36.568277970705665,-0.07022121461499786,-0.012073780714999377,-0.058147433899998484,11.5985,12.013145631835176,11.183854368164823,0.20466264254776295,1.8273450227478834
000001.SZ,2025-01-14,11.2,11.4,11.19,11.38,11.2,0.18,1.6071,824628.95,934467.766,44.39984969702058,-0.07236429510670206,-0.024131883593339915,-0.04823241151336215,11.589,12.014389233526183,11.163610766473818,0.20504388236577997,1.801791584936555
000001.SZ,2025-01-15,11.38,11.58,11.36,11.48,11.38,0.1,0.8787,1031630.82,1185403.653,48.22439482862087,-0.06524147446508444,-0.03235380176768882,-0.03288767269739562,11.5865,12.013830083190959,11.15916991680904,0.20611217648251004,1.7954022341682059
000001.SZ,2025-01-16,11.55,11.59,11.47,11.57,11.48,0.09,0.784,872963.99,1007689.274,51.46052576554479,-0.05173793721635178,-0.03623062885742141,-0.015507308358930369,11.5825,12.00887424875336,11.15612575124664,0.19996130673375925,1.7282740426426901
000001.SZ,2025-01-17,11.53,11.55,11.42,11.45,11.57,-0.12,-1.0372,689764.86,791230.419,47.22241310205836,-0.050141286241233374,-0.039012760334183806,-0.011128525907049568,11.5755,12.00573133312207,11.14526866687793,0.1963926419670622,1.7152195804983599
000001.SZ,2025-01-20,11.5,11.52,11.4,11.42,11.45,-0.03,-0.262,832029.13,953092.179,46.19806687127758,-0.05071210059131026,-0.0413526283856091,-0.009359472205701158,11.5655,12.00040113819119,11.13059886180881,0.19093602468370055,1.6719441741129646
000001.SZ,2025-01-21,11.45,11.45,11.32,11.33,11.42,-0.09,-0.7881,902068.94,1024879.174,43.17246759300134,-0.057760891314689644,-0.044634280971425216,-0.013126610343264428,11.5455,11.985066832233729,11.105933167766272,0.18658345149200758,1.6468089275552302
000001.SZ,2025-01-22,11.32,11.33,11.08,11.09,11.33,-0.24,-2.1183,1347129.22,1504818.607,36.33803506902411,-0.08177050351887871,-0.052061525480915916,-0.029708978037962797,11.507000000000001,11.964169552791956,11.049830447208047,0.19111320495686418,1.7232931015046364
000001.SZ,2025-01-23,11.17,11.4,11.17,11.32,11.09,0.23,2.0739,1514920.27,1715172.472,45.27840719212899,-0.0813020173139698,-0.057909623847526695,-0.023392393466443104,11.477,11.899236900329658,11.054763099670343,0.19960511888851679,1.7632961032554486
000001.SZ,2025-01-24,11.32,11.39,11.22,11.34,11.32,0.02,0.1767,944944.21,1069899.088,45.98871551817859,-0.07841300940626006,-0.06201030095927337,-0.016402708446986686,11.451,11.838293170608518,11.063706829391483,0.19749046753933702,1.7415385144562348
000001.SZ,2025-01-27,11.38,11.55,11.38,11.47,11.34,0.13,1.1464,1151934.71,1324270.607,50.48755585861271,-0.06488557575314147,-0.062585355918047,-0.002300219835094472,11.433,11.779473664222836,11.086526335777164,0.1983840055722416,1.7295902839776949
000001.SZ,2025-02-05,11.5,11.52,11.33,11.37,11.47,-0.1,-0.8718,843433.7,961193.579,47.228712312893464,-0.06152493028983663,-0.06237327079240493,0.0008483405025682955,11.404,11.657013833613897,11.150986166386103,0.19778514803136715,1.7395351629847597
000001.SZ,2025-02-06,11.35,11.45,11.3,11.36,11.37,-0.01,-0.088,955603.25,1084793.176,46.90267935772957,-0.05898852794348741,-0.06169632222262143,0.002707794279134021,11.386999999999999,11.600831709528782,11.173168290471216,0.1943719231719837,1.711020450457603
000001.SZ,2025-02-07,11.36,11.45,11.31,11.38,11.36,0.02,0.1761,1407492.62,1601621.98,47.68059564731846,-0.054733642595850895,-0.060303786297267334,0.0055701437014164384,11.3845,11.597429565819313,11.171570434180685,0.1904882143739848,1.673885890808302
000001.SZ,2025-02-10,11.38,11.5,11.36,11.43,11.38,0.05,0.4394,1026590.93,1174044.624,49.66598868065827,-0.04678769376113934,-0.05760056779004174,0.010812874028902401,11.387,11.600831709528784,11.173168290471217,0.18688191334727164,1.6350123652429716
000001.SZ,2025-02-11,11.4,11.47,11.37,11.42,11.43,-0.01,-0.0875,844520.03,963865.615,49.26334372031536,-0.04082676297883303,-0.0542458068278,0.013419043848966972,11.386000000000001,11.599016431291115,11.172983568708887,0.18067606239389522,1.5821021225384873
000001.SZ,2025-02-12,11.41,11.43,11.34,11.42,11.42,0.0,0.0,988806.83,1125323.633,49.263343720315355,-0.03569125580775001,-0.05053489662379001,0.014843640816039998,11.381499999999999,11.587536404550269,11.17546359544973,0.17419920079433127,1.5253870472358255
000001.SZ,2025-02-13,11.42,11.55,11.4,11.5,11.42,0.08,0.7005,1358639.27,1560709.511,52.812685322534215,-0.02487920596365001,-0.04540375849176201,0.020524552528112,11.381499999999999,11.587536404550269,11.17546359544973,0.17247068645187905,1.4997450995815569
000001.SZ,2025-02-14,11.49,11.55,11.43,11.55,11.5,0.05,0.4348,973057.74,1118355.997,54.93462786314559,-0.012136099037775239,-0.03875022660096465,0.026614127563189413,11.389,11.607714425678786,11.170285574321213,0.16872278027674492,1.46080329243935
000001.SZ,2025-02-17,11.6,11.8,11.55,11.78,11.55,0.23,1.9913,2061965.42,2413146.067,63.14475950693684,0.01633369811540497,-0.02773344165769073,0.044067139773095704,11.413,11.68599084233725,11.140009157662751,0.17452829597126313,1.4815644819292286
000001.SZ,2025-02-18,11.76,11.96,11.76,11.81,11.78,0.03,0.2547,1996610.49,2371071.467,64.0643836394004,0.04084611812868921,-0.014017529700414741,0.054863647829103954,11.4435,11.748870267052965,11.138129732947036,0.17634770340188727,1.4932066333775382
000001.SZ,2025-02-19,11.8,11.81,11.68,11.71,11.81,-0.1,-0.8467,1177748.95,1382467.174,58.797726213902806,0.05160831479859951,-0.000892360800611891,0.0525006755992114,11.459999999999999,11.784899984610647,11.135100015389352,0.17303715315889537,1.4776870466173815
000001.SZ,2025-02-20,11.71,11.76,11.65,11.66,11.71,-0.05,-0.427,784396.27,917231.443,56.30529960297468,0.0554635023342982,0.010378811826370127,0.04508469050792807,11.469,11.805386682257188,11.13261331774281,0.16853449936183137,1.4454073701700805
000001.SZ,2025-02-21,11.69,11.71,11.55,11.64,11.66,-0.02,-0.1715,973968.97,1131033.824,55.29558878506455,0.05625644410917019,0.019554338282930142,0.03670210582624005,11.4725,11.814428355068717,11.130571644931283,0.1679248922645577,1.4426537136130386
000001.SZ,2025-02-24,11.63,11.69,11.56,11.59,11.64,-0.05,-0.4296,949956.17,1103548.964,52.74884428814072,0.05224799172071748,0.02609306897048761,0.02615492275022987,11.4795,11.82501266257548,11.13398733742452,0.1652159713885178,1.425504498606711
000001.SZ,2025-02-25,11.56,11.58,11.46,11.47,11.59,-0.12,-1.0354,917156.02,1055685.157,47.13761033213326,0.03893939806343383,0.028662334789076857,0.01027706327435697,11.482000000000001,11.826476414286956,11.137523585713046,0.16270054486076643,1.4184877494399863
000001.SZ,2025-02-26,11.47,11.6,11.47,11.52,11.47,0.05,0.4359,841645.52,970641.211,49.54593498837456,0.032057287385351074,0.029341325308331702,0.0027159620770193724,11.491499999999998,11.829095912297522,11.153904087702475,0.1603647916564259,1.3920554831286969
000001.SZ,2025-02-27,11.53,11.63,11.46,11.62,11.52,0.1,0.8681,977309.75,1130386.662,54.054382444563096,0.03427720309471205,0.030328500865607774,0.003948702229104276,11.517999999999999,11.804747275488356,11.231252724511641,0.16105302082382406,1.3859984580363516
000001.SZ,2025-02-28,11.58,11.68,11.5,11.53,11.62,-0.09,-0.7745,949088.06,1100335.054,49.74598209821006,0.028446342717776574,0.02995206923604154,-0.0015057265182649646,11.5285,11.800476101891315,11.256523898108684,0.16240637647926517,1.4085548697247632
000001.SZ,2025-03-03,11.52,11.56,11.45,11.51,11.53,-0.02,-0.1735,830456.95,955266.366,48.81485426492249,0.021958388374390125,0.028353333063711256,-0.006394944689321131,11.537,11.795154992204287,11.278845007795715,0.1586630638736035,1.3784801379114118
000001.SZ,2025-03-04,11.47,11.55,11.44,11.51,11.51,0.0,0.0,683178.73,785447.989,48.814854264922495,0.01662499521789762,0.02600766549454853,-0.00938267027665091,11.539,11.795663203439828,11.282336796560172,0.15518713073977478,1.3482808926131606
000001.SZ,2025-03-05,11.52,11.67,11.48,11.66,11.51,0.15,1.3032,1080645.44,1254892.074,55.98151748535866,0.02422276416688085,0.025650685229014994,-0.0014279210621341437,11.5535,11.803001503001473,11.303998496998526,0.15767376425836227,1.3522621291454742
000001.SZ,2025-03-06,11.69,11.7,11.6,11.63,11.66,-0.03,-0.2573,877407.71,1021780.609,54.3427060270551,0.027506226857202165,0.02602179355465243,0.0014844333025497355,11.567,11.801955314900502,11.332044685099499,0.15355420966847924,1.3203285440109993
000001.SZ,2025-03-07,11.63,11.69,11.6,11.67,11.63,0.04,0.3439,835536.69,973236.69,56.18447749271399,0.03295616227717346,0.027408667299156638,0.005547494978016824,11.581500000000002,11.803965727697536,11.359034272302468,0.14901462326358786,1.2769033698679337
000001.SZ,2025-03-10,11.66,11.67,11.55,11.59,11.67,-0.08,-0.6855,663833.93,769261.385,51.69316403426415,0.030468719517580567,0.028020677742841428,0.002448041774739139,11.5895,11.800826761201682,11.378173238798317,0.14694215017333154,1.2678356356629124
000001.SZ,2025-03-11,11.54,11.61,11.52,11.61,11.59,0.02,0.1726,608975.27,704240.464,52.71091752330862,0.029768088073256038,0.02837015980892435,0.0013979282643316882,11.599,11.79556042327995,11.40243957672005,0.1428748537323793,1.2306188951970654
000001.SZ,2025-03-12,11.6,11.87,11.56,11.85,11.61,0.24,2.0672,1877318.4,2210904.482,62.83094068732444,0.04802522197786452,0.03230117224271238,0.015724049735152137,11.6205,11.82781377185318,11.41318622814682,0.1548123641800664,1.3064334529963408
000001.SZ,2025-03-13,11.81,11.91,11.78,11.84,11.85,-0.01,-0.0844,1312371.21,1555123.174,62.233331710614614,0.060984227493124266,0.03803778329279476,0.022946444200329506,11.6375,11.857851991141427,11.417148008858572,0.15304005245291885,1.292568010582085
000001.SZ,2025-03-14,11.82,12.0,11.82,11.97,11.84,0.13,1.098,1722417.65,2057970.454,66.67135199435543,0.08081268791114127,0.046592764216464064,0.034219923694677204,11.6585,11.918059241792681,11.398940758207319,0.15496576299199608,1.2946179030241942
000001.SZ,2025-03-17,11.63,11.67,11.46,11.5,11.97,-0.47,-3.9265,4603612.1,5315522.817,45.74268885408335,0.05793398666701144,0.04886100870657354,0.009072977960437899,11.644499999999999,11.906528624390527,11.382471375609471,0.18032535134971064,1.5680465334757447
000001.SZ,2025-03-18,11.52,11.54,11.48,11.49,11.5,-0.01,-0.087,1605290.0,1846500.421,45.416027173352674,0.03855114111486202,0.04679903518823124,-0.008247894073369219,11.628499999999999,11.887210262649148,11.36978973735085,0.1717306833961598,1.4946099512285447
000001.SZ,2025-03-19,11.48,11.53,11.46,11.52,11.49,0.03,0.2611,1362454.91,1566452.161,46.64698010506161,0.025318984159589775,0.04250302498250295,-0.017184040822913173,11.619,11.878992307578498,11.359007692421502,0.1644642060107197,1.4276406771763863
000001.SZ,2025-03-20,11.51,11.61,11.49,11.49,11.52,-0.03,-0.2604,1101157.24,1268849.14,45.540959632012594,0.01227021179680321,0.036456462345363004,-0.024186250548559794,11.6105,11.87563958587882,11.34536041412118,0.16128819129566824,1.403726643130272
000001.SZ,2025-03-21,11.49,11.52,11.39,11.42,11.49,-0.07,-0.6092,1376388.97,1576151.833,42.98019599995398,-0.0036770624110431527,0.028429757394081774,-0.03210681980512493,11.5995,11.876806689425251,11.32219331057475,0.15905332048883472,1.3927611251211447
000001.SZ,2025-03-24,11.41,11.44,11.34,11.38,11.42,-0.04,-0.3503,1164577.34,1325564.002,41.542693522263384,-0.0193203449110797,0.01887973693304948,-0.03820008184412918,11.589,11.882387116281532,11.29561288371847,0.15483522616820364,1.3605907396151462
000001.SZ,2025-03-25,11.38,11.43,11.36,11.43,11.38,0.05,0.4394,735608.88,839142.044,44.061227635710985,-0.02736769906454306,0.009630249733530973,-0.03699794879807403,11.587,11.884126235798849,11.28987376420115,0.14877556715618914,1.3016235096779454
000001.SZ,2025-03-26,11.42,11.43,11.37,11.38,11.43,-0.05,-0.4374,740863.07,843536.936,42.10754661030716,-0.037349327543015676,0.00023433427822164288,-0.03758366182123732,11.580000000000002,11.889451126997454,11.27054887300255,0.14243445521646136,1.2516208718493969
000001.SZ,2025-03-27,11.37,11.41,11.35,11.39,11.38,0.01,0.0879,553349.4,629863.383,42.655200008249125,-0.0439463375755178,-0.008601800092526247,-0.03534453748299156,11.5685,11.888079411101518,11.248920588898482,0.136546279843857,1.1988259863376383
000001.SZ,2025-03-28,11.39,11.4,11.34,11.35,11.39,-0.04,-0.3512,644945.55,732420.874,40.98505555789179,-0.05180500540639166,-0.01724244115529933,-0.03456256425109233,11.5595,11.892755157499465,11.226244842500535,0.1310786884264387,1.154878312127213
000001.SZ,2025-03-31,11.36,11.38,11.26,11.26,11.35,-0.09,-0.793,1116125.64,1262598.263,37.43356665442734,-0.06455119808976484,-0.02670419254219243,-0.03784700554757241,11.547,11.904608724725772,11.189391275274229,0.130287353538836,1.157081292529627
000001.SZ,2025-04-01,11.27,11.3,11.22,11.27,11.26,0.01,0.0888,681470.42,767424.131,38.075645843144805,-0.07300418440192757,-0.03596419091413946,-0.037039993487788116,11.535,11.912332744404715,11.157667255595285,0.12669539971463345,1.1241827836258516
000001.SZ,2025-04-02,11.25,11.41,11.25,11.37,11.27,0.1,0.8873,932641.76,1058747.241,44.238301125567425,-0.07081772998095026,-0.04293489872750162,-0.02788283125344864,11.5205,11.899787489907053,11.141212510092947,0.12907429973501677,1.1352181155234544
000001.SZ,2025-04-03,11.31,11.39,11.3,11.34,11.37,-0.03,-0.2639,643913.91,730375.808,42.86024478133086,-0.07069081862570137,-0.048486082707141574,-0.022204735918559794,11.506,11.889583107031571,11.12241689296843,0.1262832783253727,1.1136091563084012
000001.SZ,2025-04-07,11.0,11.05,10.48,10.7,11.34,-0.64,-5.6437,2545560.48,2751055.412,24.981657792547495,-0.12083992433169399,-0.06295685103205206,-0.05788307329964193,11.4575,11.96962791370906,10.94537208629094,0.17869161558784605,1.670015098951832
000001.SZ,2025-04-08,10.68,10.85,10.66,10.82,10.7,0.12,1.1215,1463987.71,1576590.04,30.809539418010218,-0.14918079148788088,-0.08020163912321783,-0.06897915236466305,11.419,11.99702768099806,10.84097231900194,0.1794993573315713,1.6589589402178493
000001.SZ,2025-04-09,10.73,10.83,10.66,10.8,10.82,-0.02,-0.1848,1064394.05,1145238.958,30.3858495530187,-0.17128055018303812,-0.09841742133518189,-0.07286312884785623,11.378499999999999,12.00849285710236,10.748507142897639,0.17882083180788763,1.655748442665626
000001.SZ,2025-04-10,10.86,10.93,10.82,10.9,10.8,0.1,0.9259,866548.05,943352.302,35.18529547626413,-0.17866605286234183,-0.11446714764061389,-0.06419890522172794,11.331,11.95485575255823,10.70714424744177,0.17533362953589557,1.6085654085861978
000001.SZ,2025-04-11,10.87,10.9,10.83,10.89,10.9,-0.01,-0.0917,583879.02,634311.78,34.92598093479499,-0.1832140557835924,-0.1282165292692096,-0.054997526514382805,11.2835,11.889512376111243,10.677487623888757,0.16780979885476022,1.5409531575276418
000001.SZ,2025-04-14,10.95,11.04,10.92,10.93,10.89,0.04,0.3673,785993.45,862557.144,36.9283518269986,-0.18149851327706656,-0.138872926070781,-0.042625587206285565,11.2315,11.767383382836224,10.695616617163777,0.1665376703651344,1.5236749347221812
000001.SZ,2025-04-15,10.92,10.97,10.9,10.95,10.93,0.02,0.183,722754.1,790139.077,37.95634203053292,-0.17649062654657577,-0.14639646616593996,-0.03009416038063581,11.204,11.738393113728081,10.66960688627192,0.15964212248191054,1.4579189267754387
000001.SZ,2025-04-16,10.93,11.01,10.91,11.0,10.95,0.05,0.4566,842822.17,923316.063,40.564451194916316,-0.1665671753868292,-0.15043060801011782,-0.016136567376711375,11.1795,11.70403693864207,10.654963061357932,0.15538197087605976,1.4125633716005432
000001.SZ,2025-04-17,10.95,11.08,10.93,11.06,11.0,0.06,0.5455,823919.31,907597.513,43.62688247613813,-0.15210786549942767,-0.15076605950797978,-0.0013418059914478975,11.156500000000001,11.659183797232409,10.653816202767594,0.15499754438491264,1.4014244519431522
000001.SZ,2025-04-18,11.04,11.19,11.03,11.18,11.06,0.12,1.085,727098.15,810031.605,49.25809037706181,-0.12947327381557194,-0.14650750236949822,0.01703422855392628,11.141,11.620161768090895,10.661838231909105,0.15535486264313317,1.3895783778455562
000001.SZ,2025-04-21,11.0,11.13,10.97,11.02,11.18,-0.16,-1.4311,1114184.18,1230804.536,43.079074721957895,-0.12302767322205987,-0.14181153654001055,0.018783863317950678,11.120999999999999,11.585064650668407,10.65693534933159,0.15925808674005215,1.4451732009079143
000001.SZ,2025-04-22,11.02,11.06,10.98,11.04,11.02,0.02,0.1815,831128.87,915967.678,44.024301341154,-0.11498023488558218,-0.1364452762091249,0.02146504132354271,11.104,11.553550886997224,10.654449113002775,0.15359679483004846,1.3912753154895696
000001.SZ,2025-04-23,11.04,11.05,10.97,11.01,11.04,-0.03,-0.2717,586382.93,645842.4,42.87420037518606,-0.10975810815602571,-0.13110784259850505,0.02134973444247934,11.083000000000002,11.508257569009645,10.657742430990359,0.14833988091361644,1.3473195360001493
000001.SZ,2025-04-24,11.0,11.06,10.99,11.03,11.01,0.02,0.1817,689256.13,760348.555,43.92591785849542,-0.10282045207838486,-0.12545036449448102,0.02262991241609616,11.065499999999998,11.46866125805934,10.662338741940657,0.14274417513407245,1.2941448334911374
000001.SZ,2025-04-25,11.04,11.05,10.99,11.01,11.03,-0.02,-0.1813,637546.86,702315.255,43.07194133574219,-0.09780866509928288,-0.1199220246154414,0.022113359516158518,11.0465,11.421534665064433,10.671465334935567,0.13683387691021015,1.2428145041799288
000001.SZ,2025-04-28,11.0,11.04,10.96,11.0,11.01,-0.01,-0.0908,642018.37,706520.176,42.62571881044393,-0.09356514350483813,-0.11465064839332074,0.021085504888482612,11.029,11.37747668501636,10.68052331498364,0.13277431427376646,1.2070392206706042
000001.SZ,2025-04-29,11.0,11.02,10.95,10.98,11.0,-0.02,-0.1818,649044.94,712792.543,41.69534119253437,-0.09076961925272364,-0.10987444256520133,0.01910482331247769,11.014999999999999,11.347355231642274,10.682644768357724,0.12829043468278317,1.168401044469792
000001.SZ,2025-04-30,10.96,10.97,10.89,10.91,10.98,-0.07,-0.6375,869834.92,949911.03,38.52583013330784,-0.09312902766770392,-0.10652535958570186,0.013396331917997939,10.997,11.310630355673666,10.683369644326334,0.12555540363401294,1.1508286309258746
000001.SZ,2025-05-06,10.92,11.0,10.89,10.96,10.91,0.05,0.4583,854671.27,935212.114,41.92187910012252,-0.08992766357496507,-0.1032058203835545,0.01327815680858943,10.9765,11.239427746729001,10.713572253270998,0.12444430337444054,1.1354407242193478
000001.SZ,2025-05-07,11.01,11.04,10.97,11.03,10.96,0.07,0.6387,1126270.01,1240098.147,46.38729305676549,-0.08081061007125356,-0.09872677832109432,0.017916168249840755,10.961,11.166708531665535,10.755291468334466,0.1212697102762661,1.0994534023233555
000001.SZ,2025-05-08,11.0,11.08,10.99,11.08,11.03,0.05,0.4533,1056613.66,1167913.498,49.381065691458296,-0.06875809681254808,-0.09273304201938508,0.023974945206837003,10.98,11.153435867109401,10.8065641328906,0.11903615954224708,1.0743335698758762
000001.SZ,2025-05-09,11.07,11.17,11.06,11.15,11.08,0.07,0.6318,999897.47,1113688.153,53.311776950799256,-0.05294763090544308,-0.08477595979659669,0.03182832889115361,10.9965,11.168694657292233,10.824305342707765,0.11839071957494368,1.0618001755600328
000001.SZ,2025-05-12,11.16,11.22,11.13,11.16,11.15,0.01,0.0897,895604.6,1000478.411,53.86295832398384,-0.03915940113884453,-0.07565264806504625,0.03649324692620172,11.0145,11.175680023576094,10.853319976423906,0.11636281103387627,1.0426775182246977
000001.SZ,2025-05-13,11.19,11.33,11.15,11.29,11.16,0.13,1.1649,1261030.62,1420501.315,60.40683935424443,-0.01754002566770474,-0.06403012358557796,0.046490097917873216,11.034,11.226395426141035,10.841604573858966,0.12090832453145652,1.0709329010757886
000001.SZ,2025-05-14,11.29,11.47,11.25,11.43,11.29,0.14,1.24,1683513.58,1912995.433,65.99974167635477,0.010766208968291835,-0.049070857074804,0.059837066043095834,11.061,11.308620677650294,10.813379322349705,0.12798630135063824,1.1197401692969224
000001.SZ,2025-05-15,11.43,11.5,11.38,11.39,11.43,-0.04,-0.35,1035460.26,1183732.832,63.250592541053095,0.029629883295999804,-0.033330709000643235,0.06296059229664304,11.084,11.362237308785128,10.805762691214872,0.12741585125416402,1.1186641901155752
000001.SZ,2025-05-16,11.37,11.43,11.31,11.38,11.39,-0.01,-0.0878,914744.45,1039223.623,62.5491339202477,0.04327373203370932,-0.018009820793772724,0.061283552827482046,11.1055,11.404663834712672,10.806336165287327,0.12688614759315225,1.1149925096059072
000001.SZ,2025-05-19,11.4,11.47,11.36,11.37,11.38,-0.01,-0.0879,831390.6,949883.545,61.81091140068184,0.052672488371984016,-0.003873358960621376,0.05654584733260539,11.123999999999999,11.440063284802255,10.807936715197743,0.12567999419364148,1.1053649445351055
000001.SZ,2025-05-20,11.4,11.47,11.37,11.39,11.37,0.02,0.1759,643634.8,734455.266,62.75762376853911,0.061031371675511537,0.009107587166605207,0.05192378450890633,11.1405,11.475371617190815,10.805628382809184,0.12384570889409577,1.0873196566645809
000001.SZ,2025-05-21,11.4,11.59,11.39,11.48,11.39,0.09,0.7902,1328278.1,1528350.368,66.7519385100601,0.07406432729308321,0.022098935191900808,0.0519653921011824,11.1555,11.521531419416412,10.789468580583588,0.12928530111594602,1.1261785811493557
000001.SZ,2025-05-22,11.45,11.56,11.44,11.55,11.48,0.07,0.6098,1002968.06,1155265.064,69.49257054386507,0.08901534007274137,0.03548221616806892,0.05353312390467245,11.181999999999999,11.580276286012603,10.783723713987394,0.12862206532194995,1.1136109551683977
000001.SZ,2025-05-23,11.55,11.6,11.43,11.46,11.55,-0.09,-0.7792,962643.11,1108636.101,62.37364166286552,0.0925351895146651,0.04689281083738815,0.045642378677276954,11.203,11.613224328873843,10.792775671126156,0.1315776320846678,1.1481468768295617
000001.SZ,2025-05-26,11.44,11.5,11.4,11.42,11.46,-0.04,-0.349,699158.58,800495.685,59.458290582179615,0.09104749104876753,0.05572374687966403,0.0353237441691035,11.223500000000001,11.634073988460054,10.812926011539949,0.12932208693576294,1.1324175738683269
000001.SZ,2025-05-27,11.45,11.54,11.42,11.49,11.42,0.07,0.613,801915.14,921912.281,62.740383512276246,0.09442838266610032,0.06346467403695129,0.03096370862914903,11.246500000000001,11.662638198198625,10.830361801801377,0.12865622358320838,1.1197234428477665
000001.SZ,2025-05-28,11.5,11.55,11.44,11.53,11.49,0.04,0.3481,658179.47,757571.319,64.50853464062172,0.09919200564075048,0.07061014035771113,0.028581865283039354,11.272499999999999,11.691254104457494,10.853745895542504,0.12732363618440787,1.1042813198994612
000001.SZ,2025-05-29,11.52,11.55,11.45,11.46,11.53,-0.07,-0.6071,919806.76,1056726.384,59.212877040278606,0.09620975007227628,0.07573006230062415,0.020479687771652128,11.2955,11.702217346568842,10.888782653431159,0.1253719478855217,1.0939960548474843
000001.SZ,2025-05-30,11.47,11.58,11.44,11.56,11.46,0.1,0.8726,1130849.31,1303433.716,63.78649537704362,0.10075402562321756,0.08073485496514284,0.020019170658074723,11.3245,11.719644277448126,10.929355722551875,0.12641680875084163,1.0935710099553775
000001.SZ,2025-06-03,11.54,11.91,11.53,11.81,11.56,0.25,2.1626,2192479.66,2580962.601,72.18408861389915,0.1231091813896441,0.0892097202500431,0.033899461139601,11.3695,11.770522443262225,10.968477556737776,0.1445298938400673,1.2237924965289355
000001.SZ,2025-06-04,11.82,11.88,11.78,11.84,11.81,0.03,0.254,1167959.5,1383019.682,72.99340808576034,0.14161411332756124,0.09969059886554674,0.041923514462014505,11.4135,11.81823571623963,11.008764283760371,0.14134918713720546,1.193827594064235
000001.SZ,2025-06-05,11.88,11.91,11.66,11.67,11.84,-0.17,-1.4358,1166803.49,1369212.336,61.98712800253813,0.14093718976521608,0.10793991704548062,0.03299727271973546,11.4455,11.824259818354596,11.066740181645402,0.14910995948454792,1.2777203040663918
000001.SZ,2025-06-06,11.7,11.79,11.68,11.7,11.67,0.03,0.2571,682352.51,799900.024,63.046075676407376,0.1411938771193313,0.11459070906025075,0.026603168059080542,11.4765,11.831254844928168,11.121745155071832,0.147030676664223,1.2566724501215643
000001.SZ,2025-06-09,11.73,11.75,11.65,11.71,11.7,0.01,0.0855,773254.68,905092.605,63.41196215951894,0.1405836592102272,0.11978929909024605,0.020794360119981148,11.5045,11.839610429560183,11.169389570439817,0.1436713426167785,1.2269115509545558
000001.SZ,2025-06-10,11.72,11.89,11.71,11.81,11.71,0.1,0.854,1428131.8,1689018.78,66.93735910647086,0.1464806832505534,0.12512757592230753,0.021353107328245885,11.537,11.857942362426671,11.21605763757333,0.14626624671558003,1.2384948917491958
000001.SZ,2025-06-11,11.82,11.93,11.79,11.85,11.81,0.04,0.3387,1094666.64,1298656.315,68.25497624625359,0.15262244643598954,0.13062655002504395,0.021995896410945598,11.565,11.892505725140818,11.23749427485918,0.14581865766446722,1.230537195480736
000001.SZ,2025-06-12,11.56,11.7,11.52,11.68,11.49,0.19,1.6536,1290220.47,1500287.176,57.7257820807905,0.14213382845949774,0.13292800571193472,0.009205822747563014,11.5775,11.902515384251291,11.25248461574871,0.158974467831291,1.3610827725281762
000001.SZ,2025-06-13,11.68,11.74,11.56,11.58,11.68,-0.1,-0.8562,1095494.19,1272773.101,52.586840775838084,0.1243192835666953,0.13120626128288684,-0.006886977716191539,11.587,11.900438989278639,11.27356101072136,0.16047629155762733,1.3858056265770926
000001.SZ,2025-06-16,11.57,11.79,11.53,11.79,11.58,0.21,1.8135,1174438.27,1371041.708,60.532766407627996,0.12569741182940852,0.13010449139219118,-0.004407079562782662,11.6075,11.91771766551893,11.29728233448107,0.16758512787493965,1.4214175392276476
000001.SZ,2025-06-17,11.79,11.88,11.71,11.76,11.79,-0.03,-0.2545,890027.34,1048960.749,59.011282720855405,0.12295153041895013,0.128673899197543,-0.005722368778592862,11.626999999999999,11.923789487684479,11.330210512315519,0.1677576187410154,1.4265103634440086
000001.SZ,2025-06-18,11.78,11.81,11.66,11.77,11.76,0.01,0.085,683521.11,802908.098,59.37780768900782,0.12019676258546674,0.12697847187512776,-0.006781709289661014,11.646,11.927950350239218,11.364049649760783,0.16648921740237146,1.4145218131042607
000001.SZ,2025-06-19,11.76,11.78,11.65,11.7,11.77,-0.07,-0.5947,832247.16,974127.331,55.62794813891201,0.11108465943860324,0.12379970938782286,-0.012715049949219626,11.657,11.929183761455414,11.384816238544586,0.1638828447307734,1.400708074621995
000001.SZ,2025-06-20,11.7,11.86,11.67,11.84,11.7,0.14,1.1966,1309197.82,1544541.881,60.94081248335967,0.11384771640970826,0.12180931079219995,-0.007961594382491693,11.6715,11.950159290173534,11.392840709826466,0.16574835582143244,1.3999016538972335
000001.SZ,2025-06-23,11.81,11.97,11.67,11.93,11.84,0.09,0.7601,1389170.48,1646476.917,63.930707860017584,0.12189458194080594,0.12182636502192115,6.821691888478365e-05,11.695,11.977595116730669,11.412404883269332,0.17533775897704446,1.4697213661110182
000001.SZ,2025-06-24,11.9,12.01,11.84,11.93,11.93,0.0,0.0,1308525.31,1560621.893,63.93070786001758,0.12680999417239747,0.12282309085201643,0.003986903320381041,11.7205,11.991016173268848,11.44998382673115,0.17495649047868414,1.4665254859906467
000001.SZ,2025-06-25,11.93,12.08,11.83,12.06,11.93,0.13,1.0897,1675116.47,2007989.727,68.03030757371806,0.13958634285330263,0.12617574125227365,0.01341060160102897,11.749,12.035977351022732,11.46202264897727,0.18031674115877813,1.495163691200482
000001.SZ,2025-06-26,12.05,12.48,12.01,12.41,12.06,0.35,2.9022,2174577.66,2672207.529,75.95439033875031,0.1759258030123778,0.1361257536042945,0.03980004940808332,11.793000000000001,12.183389549040479,11.402610450959523,0.20100840250457974,1.6197292707862991
000001.SZ,2025-06-27,12.37,12.58,12.13,12.2,12.41,-0.21,-1.6922,2377600.15,2937865.058,65.46905028767554,0.18563990082347992,0.1460285830481316,0.03961131777534832,11.83,12.227341163233852,11.432658836766148,0.21879351661139543,1.793389480421274
000001.SZ,2025-06-30,12.14,12.17,11.96,12.07,12.2,-0.13,-1.0656,1504819.65,1812492.377,59.951591533556524,0.18076473642108404,0.1529758137227221,0.027788922698361945,11.8555,12.245652534273496,11.465347465726502,0.2203082654248671,1.8252548916724696
000001.SZ,2025-07-01,12.06,12.33,12.06,12.3,12.07,0.23,1.9056,1354341.08,1653806.75,65.49255213209025,0.19323274452267114,0.1610271998827119,0.03220554463995923,11.879999999999999,12.31464928390604,11.445350716093959,0.22385767503737658,1.8199810978648503
000001.SZ,2025-07-02,12.31,12.41,12.23,12.32,12.3,0.02,0.1626,1200411.84,1481842.213,65.93392811896726,0.20239448597522447,0.16930065710121445,0.03309382887401002,11.904,12.37835851420633,11.42964148579367,0.22072498396327825,1.79159889580583
000001.SZ,2025-07-03,12.33,12.42,12.28,12.35,12.32,0.03,0.2435,794085.97,980546.007,66.62355142027062,0.20965916106226423,0.17737235789342443,0.032286803168839806,11.937999999999999,12.437223396887644,11.438776603112354,0.214958913680187,1.740558005507587
000001.SZ,2025-07-04,12.35,12.72,12.3,12.6,12.35,0.25,2.0243,1775332.67,2224874.056,71.75494904292398,0.2329045998220547,0.18847880627915048,0.04442579354290421,11.983,12.546421689323408,11.419578310676593,0.22960470556017365,1.822259567937886
000001.SZ,2025-07-07,12.6,12.82,12.6,12.78,12.6,0.18,1.4286,1495406.53,1901755.851,74.763403916703,0.2628216290518388,0.20334737083368817,0.05947425821815064,12.0365,12.683130497270309,11.389869502729692,0.22891865516301846,1.7912257837481884
000001.SZ,2025-07-08,12.75,12.84,12.65,12.69,12.78,-0.09,-0.7042,1090985.97,1387093.602,70.70808598470411,0.27608629150763164,0.21789515496847686,0.05819113653915478,12.0805,12.777306285849985,11.383693714150017,0.22613875122280283,1.7820232562868625
000001.SZ,2025-07-09,12.66,12.9,12.66,12.84,12.69,0.15,1.182,1205963.3,1542699.035,73.30686230865513,0.29529836275923493,0.2333757965266285,0.061922566232606446,12.13,12.89189238085182,11.368107619148182,0.22712884042117407,1.7689162026571188
000001.SZ,2025-07-10,12.82,13.33,12.79,13.18,12.84,0.34,2.648,2481415.53,3249454.029,78.05864828374919,0.3341078389505565,0.2535222050114141,0.08058563393914242,12.205,13.06405762321282,11.34594237678718,0.24947678039109028,1.892843553801899
000001.SZ,2025-07-11,13.19,13.3,12.89,12.91,13.18,-0.27,-2.0486,2443743.5,3200219.566,67.74517095527176,0.3391681654371972,0.2706513970965707,0.06851676834062648,12.2715,13.132645167785354,11.410354832214646,0.2609427246488696,2.021244962423467
000001.SZ,2025-07-14,12.87,13.17,12.86,12.98,12.91,0.07,0.5422,1872895.85,2440924.105,68.89270428602781,0.34485169000152105,0.2854914556775608,0.05936023432396026,12.331,13.214988687710465,11.447011312289535,0.2644468157453789,2.037340645187819
000001.SZ,2025-07-15,12.99,13.04,12.71,12.73,12.98,-0.25,-1.926,1810531.31,2322277.285,60.600442375319766,0.3254316401302475,0.29347949256809813,0.03195214756214937,12.3795,13.238952732848103,11.520047267151897,0.2691291860492803,2.1141334332229405
000001.SZ,2025-07-16,12.73,12.76,12.5,12.64,12.73,-0.09,-0.707,1927863.79,2424983.973,57.89862962427376,0.29932839148317747,0.29464927235111404,0.004679119132063425,12.423,13.241757595384662,11.604242404615338,0.26847710133147457,2.1240277004072357
000001.SZ,2025-07-17,12.61,12.7,12.54,12.59,12.64,-0.05,-0.3956,944641.4,1189666.227,56.394354543823546,0.27147737454905574,0.29001489279070236,-0.018537518241646622,12.467500000000001,13.218149718577234,11.716850281422769,0.26072873695065496,2.070919276812192
