industry,parameter,sample_period,stock_count,median_cumulative_return,median_sharpe_ratio,median_max_drawdown,positive_return_share,median_completed_trades,median_average_exposure
半导体,E10/X5/ATR14/S1.5,full,2,0.1864634709954952,0.39639464776824695,-0.16416160691704756,1.0,58.0,0.0730036089613608
半导体,E10/X5/ATR14/S1.5,in_sample,2,0.012429933961741024,0.0530511086114267,-0.15303795002522552,0.5,40.5,0.06387058578957874
半导体,E10/X5/ATR14/S1.5,out_of_sample,2,0.17639291806659163,0.8921706859839013,-0.05196490618520844,1.0,17.5,0.09128759985294527
半导体,E20/X10/ATR20/S1.5,full,2,0.19542636363623245,0.38650433023353664,-0.15103801999849792,1.0,36.0,0.07015321971717599
半导体,E20/X10/ATR20/S1.5,in_sample,2,0.034182491705868734,0.09076503277247755,-0.14014100570054644,0.5,25.0,0.05751686435435564
半导体,E20/X10/ATR20/S1.5,out_of_sample,2,0.16221245255469907,0.7891144890090801,-0.06504279224283982,1.0,11.0,0.09541713704216796
半导体,E20/X10/ATR20/S2,full,2,0.20513262745158722,0.4919102342714942,-0.119998589364541,1.0,31.5,0.058776652534593195
半导体,E20/X10/ATR20/S2,in_sample,2,0.07448962227691452,0.27778640677642963,-0.10539907941610177,0.5,21.0,0.0493199256205635
半导体,E20/X10/ATR20/S2,out_of_sample,2,0.12415635095755939,0.7876709226393639,-0.046784660421349045,1.0,10.5,0.07766716644369842
半导体,E20/X10/ATR20/S3,full,2,0.13753498966144118,0.4830303890553679,-0.09471949654789125,1.0,30.0,0.042227415468713586
半导体,E20/X10/ATR20/S3,in_sample,2,0.044723454805424834,0.25155116367809616,-0.08120803688832501,0.5,20.5,0.03431758246136042
半导体,E20/X10/ATR20/S3,out_of_sample,2,0.0897579829958356,0.806500132048255,-0.03372913051418536,1.0,9.5,0.05803101685700615
半导体,E40/X20/ATR20/S2,full,2,0.07744329215561563,0.21375685001305467,-0.13500331283255146,1.0,21.5,0.05281299671803358
半导体,E40/X20/ATR20/S2,in_sample,2,-0.006553101733896283,-0.0187349075631435,-0.11215848830862452,0.5,14.0,0.03602228005336617
半导体,E40/X20/ATR20/S2,out_of_sample,2,0.08535343861338418,0.5096143910027235,-0.07708512841440346,1.0,7.5,0.08640513625436447
半导体,E55/X20/ATR20/S2,full,2,0.07871841347336472,0.22626689813486686,-0.11584493927071093,1.0,17.5,0.045426339347323395
半导体,E55/X20/ATR20/S2,in_sample,2,0.0018760913161369186,0.01568998709466128,-0.0963124149690926,0.5,11.0,0.029138889756300447
半导体,E55/X20/ATR20/S2,out_of_sample,2,0.07701894294281353,0.49818963603165795,-0.0768827553282147,1.0,6.5,0.07802184249342642
工程机械,E10/X5/ATR14/S1.5,full,2,0.16373759034098911,0.378971218775142,-0.13496002361865422,1.0,51.0,0.0863969554880297
工程机械,E10/X5/ATR14/S1.5,in_sample,2,0.16133826014346753,0.5482903283044863,-0.11603787956207917,1.0,31.5,0.07928992207573565
工程机械,E10/X5/ATR14/S1.5,out_of_sample,2,0.0010705043435030315,0.033467086017008665,-0.06486158181961621,0.5,19.5,0.10044448361786754
工程机械,E20/X10/ATR20/S1.5,full,2,0.2121273583397847,0.454237418331777,-0.09505921136952411,1.0,32.5,0.08292686219339612
工程机械,E20/X10/ATR20/S1.5,in_sample,2,0.15507648577780375,0.4955946189644289,-0.09505921136952411,1.0,21.0,0.0776046253510484
工程机械,E20/X10/ATR20/S1.5,out_of_sample,2,0.04926730447876093,0.35862646207689364,-0.06820415620558373,1.0,11.5,0.09337710896843854
工程机械,E20/X10/ATR20/S2,full,2,0.17349584135316187,0.4815135189540336,-0.08458843682702882,1.0,30.0,0.06669559056446679
工程机械,E20/X10/ATR20/S2,in_sample,2,0.13487387823187458,0.5527733023847963,-0.08458843682702882,1.0,19.0,0.062095498805204624
工程机械,E20/X10/ATR20/S2,out_of_sample,2,0.03409634302480424,0.3154010216649945,-0.05012252474224621,1.0,11.0,0.07573134113298435
工程机械,E20/X10/ATR20/S3,full,2,0.10110862113611396,0.4201066539285374,-0.06562174155932066,1.0,29.0,0.04683237316197119
工程机械,E20/X10/ATR20/S3,in_sample,2,0.08481718396884574,0.5144944523456761,-0.06562174155932066,1.0,18.0,0.04427202450497986
工程机械,E20/X10/ATR20/S3,out_of_sample,2,0.015150707926269547,0.20187472480973387,-0.04010803034930566,0.5,11.0,0.05186720962799042
工程机械,E40/X20/ATR20/S2,full,2,0.03441186596407014,0.10648870389719517,-0.10227845154372228,0.5,17.5,0.05734448321431075
工程机械,E40/X20/ATR20/S2,in_sample,2,0.0086554626741564,0.03989488554015964,-0.09878542152903474,0.5,11.5,0.04481939649200843
工程机械,E40/X20/ATR20/S2,out_of_sample,2,0.02497351854521046,0.23232682965864526,-0.04563998331274444,1.0,6.0,0.08211206487005134
工程机械,E55/X20/ATR20/S2,full,2,0.02181579954987145,0.08366673333703172,-0.09268684489487827,0.5,15.5,0.047015097816171685
工程机械,E55/X20/ATR20/S2,in_sample,2,0.033008701798060314,0.15410143756023292,-0.08476962381957609,0.5,9.0,0.04129938505181936
工程机械,E55/X20/ATR20/S2,out_of_sample,2,-0.010570163806576716,-0.0920459693446238,-0.0630327307023309,0.0,6.5,0.0582212014625385
新能源汽车,E10/X5/ATR14/S1.5,full,2,0.2730581292242652,0.5528132161194028,-0.10469251834319565,1.0,53.0,0.0641221457357205
新能源汽车,E10/X5/ATR14/S1.5,in_sample,2,0.19402460866072524,0.6475160750148373,-0.0814935440690866,1.0,34.0,0.055691863641231104
新能源汽车,E10/X5/ATR14/S1.5,out_of_sample,2,0.06544299451981117,0.4087893690201729,-0.09728200243354013,1.0,19.0,0.08092733861373387
新能源汽车,E20/X10/ATR20/S1.5,full,2,0.3317415908903557,0.5766891969605191,-0.08794765203458571,1.0,29.0,0.0686536999175154
新能源汽车,E20/X10/ATR20/S1.5,in_sample,2,0.28093144031177175,0.7469306760204455,-0.08484429533282939,1.0,16.5,0.06345960761820085
新能源汽车,E20/X10/ATR20/S1.5,out_of_sample,2,0.039227933302071305,0.19652561724199316,-0.08357045711249278,0.5,12.5,0.07900776896738054
新能源汽车,E20/X10/ATR20/S2,full,2,0.25483060195852847,0.5821813376312559,-0.06743258703500449,1.0,27.0,0.05442075797948885
新能源汽车,E20/X10/ATR20/S2,in_sample,2,0.20036838074759278,0.7121393281909526,-0.06655713866012125,1.0,16.0,0.04948929304024689
新能源汽车,E20/X10/ATR20/S2,out_of_sample,2,0.04499200786594526,0.2993132584402686,-0.06671274168690722,1.0,11.0,0.06425129728365919
新能源汽车,E20/X10/ATR20/S3,full,2,0.18810075523975456,0.6005434912660563,-0.05558053316353989,1.0,26.0,0.03883211851649842
新能源汽车,E20/X10/ATR20/S3,in_sample,2,0.16174087393689784,0.777145624252311,-0.052131709075749766,1.0,15.0,0.035389868933034294
新能源汽车,E20/X10/ATR20/S3,out_of_sample,2,0.022120155652930074,0.19573609983012621,-0.05012859848168433,0.5,11.0,0.045694008490760246
新能源汽车,E40/X20/ATR20/S2,full,2,0.3768226673364323,0.698614101466597,-0.08279056439698496,1.0,15.0,0.061241095257452936
新能源汽车,E40/X20/ATR20/S2,in_sample,2,0.3088505483117465,0.8292200840861854,-0.08279056439698496,1.0,10.0,0.0576653108671621
新能源汽车,E40/X20/ATR20/S2,out_of_sample,2,0.05284861511558925,0.390313029568538,-0.06351449642269746,1.0,5.0,0.06836917776946128
新能源汽车,E55/X20/ATR20/S2,full,2,0.32075637020708125,0.6381689639283463,-0.07786214413509274,1.0,13.5,0.0543289213556198
新能源汽车,E55/X20/ATR20/S2,in_sample,2,0.26301320814093876,0.7625755343968579,-0.07786214413509274,1.0,9.0,0.048806017097440056
新能源汽车,E55/X20/ATR20/S2,out_of_sample,2,0.04644765239295523,0.31648061755253276,-0.059332915560308064,1.0,4.5,0.06533845463875641
银行,E10/X5/ATR14/S1.5,full,2,-0.012084285713084342,-0.003178091273794592,-0.12943138074900956,0.5,53.0,0.10233949224913699
银行,E10/X5/ATR14/S1.5,in_sample,2,-0.030180380236490056,-0.11365606741030398,-0.11307560537250644,0.5,34.0,0.07447081760552915
银行,E10/X5/ATR14/S1.5,out_of_sample,2,0.01776935663479129,0.1626403432151929,-0.07713208450968373,0.5,19.0,0.15789379605429293
银行,E20/X10/ATR20/S1.5,full,2,-0.043705008402984136,-0.09587651453581018,-0.1434899232227318,0.0,37.5,0.09173843621778596
银行,E20/X10/ATR20/S1.5,in_sample,2,-0.04373435919217822,-0.1712776702130994,-0.12186613717280392,0.0,23.5,0.07032676059285824
银行,E20/X10/ATR20/S1.5,out_of_sample,2,0.00013829591054154156,0.03262488971660461,-0.0774241648668384,0.5,14.0,0.13442115248816727
银行,E20/X10/ATR20/S2,full,2,-0.04499451875595045,-0.14135785645760934,-0.11954666502773131,0.0,35.0,0.07624969967696547
银行,E20/X10/ATR20/S2,in_sample,2,-0.04681563839381214,-0.2512348488387264,-0.10519526963987724,0.0,22.5,0.056858687390018425
银行,E20/X10/ATR20/S2,out_of_sample,2,0.001890913904589231,0.04188527959288386,-0.05632382441462669,0.5,12.5,0.1149043612801735
银行,E20/X10/ATR20/S3,full,2,0.00028932486441896055,0.012549447347535776,-0.058933903567979506,0.5,31.5,0.05587200946996436
银行,E20/X10/ATR20/S3,in_sample,2,-0.013410921756595529,-0.09536669097353137,-0.05720874597795772,0.0,20.0,0.04281948986438836
银行,E20/X10/ATR20/S3,out_of_sample,2,0.013860361204853233,0.19336312613962797,-0.04219752606849897,1.0,11.5,0.08189131784626857
银行,E40/X20/ATR20/S2,full,2,-0.07925315707087965,-0.32270391505623863,-0.10218741481483201,0.0,20.5,0.052759372287374484
银行,E40/X20/ATR20/S2,in_sample,2,-0.06614082025642148,-0.46790152989414113,-0.08059632260111443,0.0,13.0,0.03684614280708997
银行,E40/X20/ATR20/S2,out_of_sample,2,-0.013337900715888529,-0.10996477410927752,-0.05431636706975329,0.5,7.5,0.08448131085726841
银行,E55/X20/ATR20/S2,full,2,-0.06641528534320595,-0.29142138673245,-0.0795671120941196,0.0,16.5,0.042075203223039315
银行,E55/X20/ATR20/S2,in_sample,2,-0.05006824999513648,-0.3895345820871645,-0.060221070256900766,0.0,10.5,0.02820825250873797
银行,E55/X20/ATR20/S2,out_of_sample,2,-0.01713937166300039,-0.16565912420427892,-0.043798754390768246,0.0,6.0,0.06971802451558748
食品饮料,E10/X5/ATR14/S1.5,full,2,0.044739235042325354,0.14187681035723984,-0.12259250451266834,1.0,51.0,0.0748001638890734
食品饮料,E10/X5/ATR14/S1.5,in_sample,2,0.10954811866592906,0.4435243721938186,-0.08948045734486176,1.0,34.5,0.07455964954870428
食品饮料,E10/X5/ATR14/S1.5,out_of_sample,2,-0.05851874680276414,-0.4898543181348031,-0.09760981237016447,0.0,16.5,0.07527961283686999
食品饮料,E20/X10/ATR20/S1.5,full,2,0.1459483044219001,0.3763168337436853,-0.13171068853421447,1.0,30.0,0.07462040022575431
食品饮料,E20/X10/ATR20/S1.5,in_sample,2,0.22386812303935621,0.7506372672587105,-0.1000910431845905,1.0,20.0,0.08491052900809586
食品饮料,E20/X10/ATR20/S1.5,out_of_sample,2,-0.06353811837545015,-0.6374505785870316,-0.09841304227840275,0.0,10.0,0.05410772971382874
食品饮料,E20/X10/ATR20/S2,full,2,0.09617096610596787,0.329355196300155,-0.10959900372978426,1.0,28.0,0.06003170895490551
食品饮料,E20/X10/ATR20/S2,in_sample,2,0.16195889909829497,0.7206868090658414,-0.0824455271324841,1.0,18.5,0.06822294956458731
食品饮料,E20/X10/ATR20/S2,out_of_sample,2,-0.05616836733330005,-0.717625512500407,-0.08116227966865613,0.0,9.5,0.043703028987493855
食品饮料,E20/X10/ATR20/S3,full,2,0.06567249806915054,0.32429136005695247,-0.07761611466281854,1.0,25.5,0.04523164056257192
食品饮料,E20/X10/ATR20/S3,in_sample,2,0.11025362457125643,0.7272730323244626,-0.05528716127351674,1.0,17.0,0.04740005413059813
食品饮料,E20/X10/ATR20/S3,out_of_sample,2,-0.040118058051428984,-0.7161728698380307,-0.05715772148192788,0.0,8.5,0.040909055880168285
食品饮料,E40/X20/ATR20/S2,full,2,0.0892336880095681,0.3023127040709264,-0.13360436996972858,1.0,16.0,0.05661811572887171
食品饮料,E40/X20/ATR20/S2,in_sample,2,0.14531309347344268,0.6266583953892813,-0.09447231318116917,1.0,10.5,0.07179427554664347
食品饮料,E40/X20/ATR20/S2,out_of_sample,2,-0.049176496786093093,-0.7277239361052433,-0.05760226251787637,0.0,5.5,0.026365475303953938
食品饮料,E55/X20/ATR20/S2,full,2,0.10947870495911816,0.37570834625705624,-0.10894905152222267,1.0,12.5,0.049609697461241095
食品饮料,E55/X20/ATR20/S2,in_sample,2,0.14784013777492921,0.6505515719078319,-0.08625231182852122,1.0,8.5,0.06685089541961728
食品饮料,E55/X20/ATR20/S2,out_of_sample,2,-0.03382955616884392,-0.8005729834777262,-0.04266351657171141,0.0,4.0,0.015240544224018264
